biome,species_constant,species_name,national_dex,types
City,SPECIES_ABRA,Abra,NATIONAL_DEX_ABRA,PSYCHIC
City,SPECIES_ABSOL,Absol,NATIONAL_DEX_ABSOL,DARK
City,SPECIES_ACCELGOR,Accelgor,NATIONAL_DEX_ACCELGOR,BUG
City,SPECIES_AEGISLASH_SHIELD,Aegislash,NATIONAL_DEX_AEGISLASH,STEEL/GHOST
City,SPECIES_AERODACTYL,Aerodactyl,NATIONAL_DEX_AERODACTYL,ROCK/FLYING
City,SPECIES_AGGRON,Aggron,NATIONAL_DEX_AGGRON,STEEL/ROCK
City,SPECIES_AIPOM,Aipom,NATIONAL_DEX_AIPOM,NORMAL
City,SPECIES_ALAKAZAM,Alakazam,NATIONAL_DEX_ALAKAZAM,PSYCHIC
City,SPECIES_ALCREMIE,Alcremie,NATIONAL_DEX_ALCREMIE,FAIRY
City,SPECIES_ALOMOMOLA,Alomomola,NATIONAL_DEX_ALOMOMOLA,WATER
City,SPECIES_ALTARIA,Altaria,NATIONAL_DEX_ALTARIA,DRAGON/FLYING
City,SPECIES_AMBIPOM,Ambipom,NATIONAL_DEX_AMBIPOM,NORMAL
City,SPECIES_AMOONGUSS,Amoonguss,NATIONAL_DEX_AMOONGUSS,GRASS/POISON
City,SPECIES_AMPHAROS,Ampharos,NATIONAL_DEX_AMPHAROS,ELECTRIC
City,SPECIES_ANNIHILAPE,Annihilape,NATIONAL_DEX_ANNIHILAPE,FIGHTING/GHOST
City,SPECIES_ANORITH,Anorith,NATIONAL_DEX_ANORITH,ROCK/BUG
City,SPECIES_ARAQUANID,Araquanid,NATIONAL_DEX_ARAQUANID,WATER/BUG
City,SPECIES_ARBOK,Arbok,NATIONAL_DEX_ARBOK,POISON
City,SPECIES_ARBOLIVA,Arboliva,NATIONAL_DEX_ARBOLIVA,GRASS/NORMAL
City,SPECIES_ARCHALUDON,Archaludon,NATIONAL_DEX_ARCHALUDON,STEEL/DRAGON
City,SPECIES_ARCHEN,Archen,NATIONAL_DEX_ARCHEN,ROCK/FLYING
City,SPECIES_ARCHEOPS,Archeops,NATIONAL_DEX_ARCHEOPS,ROCK/FLYING
City,SPECIES_ARCTOVISH,Arctovish,NATIONAL_DEX_ARCTOVISH,WATER/ICE
City,SPECIES_ARCTOZOLT,Arctozolt,NATIONAL_DEX_ARCTOZOLT,ELECTRIC/ICE
City,SPECIES_ARIADOS,Ariados,NATIONAL_DEX_ARIADOS,BUG/POISON
City,SPECIES_ARMALDO,Armaldo,NATIONAL_DEX_ARMALDO,ROCK/BUG
City,SPECIES_ARMAROUGE,Armarouge,NATIONAL_DEX_ARMAROUGE,FIRE/PSYCHIC
City,SPECIES_AROMATISSE,Aromatisse,NATIONAL_DEX_AROMATISSE,FAIRY
City,SPECIES_ARON,Aron,NATIONAL_DEX_ARON,STEEL/ROCK
City,SPECIES_ARROKUDA,Arrokuda,NATIONAL_DEX_ARROKUDA,WATER
City,SPECIES_AUDINO,Audino,NATIONAL_DEX_AUDINO,NORMAL
City,SPECIES_AZUMARILL,Azumarill,NATIONAL_DEX_AZUMARILL,WATER/FAIRY
City,SPECIES_AZURILL,Azurill,NATIONAL_DEX_AZURILL,NORMAL/FAIRY
City,SPECIES_BALTOY,Baltoy,NATIONAL_DEX_BALTOY,GROUND/PSYCHIC
City,SPECIES_BANETTE,Banette,NATIONAL_DEX_BANETTE,GHOST
City,SPECIES_BARBARACLE,Barbaracle,NATIONAL_DEX_BARBARACLE,ROCK/WATER
City,SPECIES_BARBOACH,Barboach,NATIONAL_DEX_BARBOACH,WATER/GROUND
City,SPECIES_BARRASKEWDA,Barraskewda,NATIONAL_DEX_BARRASKEWDA,WATER
City,SPECIES_BASCULEGION_M,Basculegion,NATIONAL_DEX_BASCULEGION,WATER/GHOST
City,SPECIES_BASCULIN_RED_STRIPED,Basculin,NATIONAL_DEX_BASCULIN,WATER
City,SPECIES_BASTIODON,Bastiodon,NATIONAL_DEX_BASTIODON,ROCK/STEEL
City,SPECIES_BEAUTIFLY,Beautifly,NATIONAL_DEX_BEAUTIFLY,BUG/FLYING
City,SPECIES_BEEDRILL,Beedrill,NATIONAL_DEX_BEEDRILL,BUG/POISON
City,SPECIES_BEHEEYEM,Beheeyem,NATIONAL_DEX_BEHEEYEM,PSYCHIC
City,SPECIES_BELDUM,Beldum,NATIONAL_DEX_BELDUM,STEEL/PSYCHIC
City,SPECIES_BELLIBOLT,Bellibolt,NATIONAL_DEX_BELLIBOLT,ELECTRIC
City,SPECIES_BELLSPROUT,Bellsprout,NATIONAL_DEX_BELLSPROUT,GRASS/POISON
City,SPECIES_BEWEAR,Bewear,NATIONAL_DEX_BEWEAR,NORMAL/FIGHTING
City,SPECIES_BIBAREL,Bibarel,NATIONAL_DEX_BIBAREL,NORMAL/WATER
City,SPECIES_BIDOOF,Bidoof,NATIONAL_DEX_BIDOOF,NORMAL
City,SPECIES_BINACLE,Binacle,NATIONAL_DEX_BINACLE,ROCK/WATER
City,SPECIES_BISHARP,Bisharp,NATIONAL_DEX_BISHARP,DARK/STEEL
City,SPECIES_BLASTOISE,Blastoise,NATIONAL_DEX_BLASTOISE,WATER
City,SPECIES_BLAZIKEN,Blaziken,NATIONAL_DEX_BLAZIKEN,FIRE/FIGHTING
City,SPECIES_BLIPBUG,Blipbug,NATIONAL_DEX_BLIPBUG,BUG
City,SPECIES_BLISSEY,Blissey,NATIONAL_DEX_BLISSEY,NORMAL
City,SPECIES_BLITZLE,Blitzle,NATIONAL_DEX_BLITZLE,ELECTRIC
City,SPECIES_BOLTUND,Boltund,NATIONAL_DEX_BOLTUND,ELECTRIC
City,SPECIES_BOMBIRDIER,Bombirdier,NATIONAL_DEX_BOMBIRDIER,FLYING/DARK
City,SPECIES_BOUFFALANT,Bouffalant,NATIONAL_DEX_BOUFFALANT,NORMAL
City,SPECIES_BRAMBLEGHAST,Brambleghast,NATIONAL_DEX_BRAMBLEGHAST,GRASS/GHOST
City,SPECIES_BRAMBLIN,Bramblin,NATIONAL_DEX_BRAMBLIN,GRASS/GHOST
City,SPECIES_BRAVIARY,Braviary,NATIONAL_DEX_BRAVIARY,NORMAL/FLYING
City,SPECIES_BRELOOM,Breloom,NATIONAL_DEX_BRELOOM,GRASS/FIGHTING
City,SPECIES_BRIONNE,Brionne,NATIONAL_DEX_BRIONNE,WATER
City,SPECIES_BRONZONG,Bronzong,NATIONAL_DEX_BRONZONG,STEEL/PSYCHIC
City,SPECIES_BRONZOR,Bronzor,NATIONAL_DEX_BRONZOR,STEEL/PSYCHIC
City,SPECIES_BRUXISH,Bruxish,NATIONAL_DEX_BRUXISH,WATER/PSYCHIC
City,SPECIES_BUDEW,Budew,NATIONAL_DEX_BUDEW,GRASS/POISON
City,SPECIES_BUIZEL,Buizel,NATIONAL_DEX_BUIZEL,WATER
City,SPECIES_BULBASAUR,Bulbasaur,NATIONAL_DEX_BULBASAUR,GRASS/POISON
City,SPECIES_BUNEARY,Buneary,NATIONAL_DEX_BUNEARY,NORMAL
City,SPECIES_BUNNELBY,Bunnelby,NATIONAL_DEX_BUNNELBY,NORMAL
City,SPECIES_BURMY_PLANT,Burmy,NATIONAL_DEX_BURMY,BUG
City,SPECIES_BUTTERFREE,Butterfree,NATIONAL_DEX_BUTTERFREE,BUG/FLYING
City,SPECIES_CACTURNE,Cacturne,NATIONAL_DEX_CACTURNE,GRASS/DARK
City,SPECIES_CARBINK,Carbink,NATIONAL_DEX_CARBINK,ROCK/FAIRY
City,SPECIES_CARRACOSTA,Carracosta,NATIONAL_DEX_CARRACOSTA,WATER/ROCK
City,SPECIES_CARVANHA,Carvanha,NATIONAL_DEX_CARVANHA,WATER/DARK
City,SPECIES_CASCOON,Cascoon,NATIONAL_DEX_CASCOON,BUG
City,SPECIES_CASTFORM_NORMAL,Castform,NATIONAL_DEX_CASTFORM,NORMAL
City,SPECIES_CATERPIE,Caterpie,NATIONAL_DEX_CATERPIE,BUG
City,SPECIES_CENTISKORCH,Centiskorch,NATIONAL_DEX_CENTISKORCH,FIRE/BUG
City,SPECIES_CERULEDGE,Ceruledge,NATIONAL_DEX_CERULEDGE,FIRE/GHOST
City,SPECIES_CHANDELURE,Chandelure,NATIONAL_DEX_CHANDELURE,GHOST/FIRE
City,SPECIES_CHANSEY,Chansey,NATIONAL_DEX_CHANSEY,NORMAL
City,SPECIES_CHARIZARD,Charizard,NATIONAL_DEX_CHARIZARD,FIRE/FLYING
City,SPECIES_CHARJABUG,Charjabug,NATIONAL_DEX_CHARJABUG,BUG/ELECTRIC
City,SPECIES_CHATOT,Chatot,NATIONAL_DEX_CHATOT,NORMAL/FLYING
City,SPECIES_CHESNAUGHT,Chesnaught,NATIONAL_DEX_CHESNAUGHT,GRASS/FIGHTING
City,SPECIES_CHEWTLE,Chewtle,NATIONAL_DEX_CHEWTLE,WATER
City,SPECIES_CHIMECHO,Chimecho,NATIONAL_DEX_CHIMECHO,PSYCHIC
City,SPECIES_CHINCHOU,Chinchou,NATIONAL_DEX_CHINCHOU,WATER/ELECTRIC
City,SPECIES_CHINGLING,Chingling,NATIONAL_DEX_CHINGLING,PSYCHIC
City,SPECIES_CINCCINO,Cinccino,NATIONAL_DEX_CINCCINO,NORMAL
City,SPECIES_CLAMPERL,Clamperl,NATIONAL_DEX_CLAMPERL,WATER
City,SPECIES_CLAUNCHER,Clauncher,NATIONAL_DEX_CLAUNCHER,WATER
City,SPECIES_CLAWITZER,Clawitzer,NATIONAL_DEX_CLAWITZER,WATER
City,SPECIES_CLAYDOL,Claydol,NATIONAL_DEX_CLAYDOL,GROUND/PSYCHIC
City,SPECIES_CLEFABLE_MEGA,Clefable,NATIONAL_DEX_CLEFABLE,FAIRY/FLYING
City,SPECIES_CLEFAIRY,Clefairy,NATIONAL_DEX_CLEFAIRY,FAIRY
City,SPECIES_CLEFFA,Cleffa,NATIONAL_DEX_CLEFFA,FAIRY
City,SPECIES_CLOBBOPUS,Clobbopus,NATIONAL_DEX_CLOBBOPUS,FIGHTING
City,SPECIES_CLODSIRE,Clodsire,NATIONAL_DEX_CLODSIRE,POISON/GROUND
City,SPECIES_CLOYSTER,Cloyster,NATIONAL_DEX_CLOYSTER,WATER/ICE
City,SPECIES_COFAGRIGUS,Cofagrigus,NATIONAL_DEX_COFAGRIGUS,GHOST
City,SPECIES_COMBEE,Combee,NATIONAL_DEX_COMBEE,BUG/FLYING
City,SPECIES_COMBUSKEN,Combusken,NATIONAL_DEX_COMBUSKEN,FIRE/FIGHTING
City,SPECIES_COMFEY,Comfey,NATIONAL_DEX_COMFEY,FAIRY
City,SPECIES_CONKELDURR,Conkeldurr,NATIONAL_DEX_CONKELDURR,FIGHTING
City,SPECIES_COPPERAJAH,Copperajah,NATIONAL_DEX_COPPERAJAH,STEEL
City,SPECIES_CORPHISH,Corphish,NATIONAL_DEX_CORPHISH,WATER
City,SPECIES_CORSOLA,Corsola,NATIONAL_DEX_CORSOLA,WATER/ROCK
City,SPECIES_CORVIKNIGHT,Corviknight,NATIONAL_DEX_CORVIKNIGHT,FLYING/STEEL
City,SPECIES_CORVISQUIRE,Corvisquire,NATIONAL_DEX_CORVISQUIRE,FLYING
City,SPECIES_CRABOMINABLE,Crabominable,NATIONAL_DEX_CRABOMINABLE,FIGHTING/ICE
City,SPECIES_CRABRAWLER,Crabrawler,NATIONAL_DEX_CRABRAWLER,FIGHTING
City,SPECIES_CRAMORANT,Cramorant,NATIONAL_DEX_CRAMORANT,FLYING/WATER
City,SPECIES_CRAWDAUNT,Crawdaunt,NATIONAL_DEX_CRAWDAUNT,WATER/DARK
City,SPECIES_CROAGUNK,Croagunk,NATIONAL_DEX_CROAGUNK,POISON/FIGHTING
City,SPECIES_CROBAT,Crobat,NATIONAL_DEX_CROBAT,POISON/FLYING
City,SPECIES_CROCONAW,Croconaw,NATIONAL_DEX_CROCONAW,WATER
City,SPECIES_CRUSTLE,Crustle,NATIONAL_DEX_CRUSTLE,BUG/ROCK
City,SPECIES_CUFANT,Cufant,NATIONAL_DEX_CUFANT,STEEL
City,SPECIES_CURSOLA,Cursola,NATIONAL_DEX_CURSOLA,GHOST
City,SPECIES_CUTIEFLY,Cutiefly,NATIONAL_DEX_CUTIEFLY,BUG/FAIRY
City,SPECIES_CYCLIZAR,Cyclizar,NATIONAL_DEX_CYCLIZAR,DRAGON/NORMAL
City,SPECIES_DACHSBUN,Dachsbun,NATIONAL_DEX_DACHSBUN,FAIRY
City,SPECIES_DARTRIX,Dartrix,NATIONAL_DEX_DARTRIX,GRASS/FLYING
City,SPECIES_DECIDUEYE,Decidueye,NATIONAL_DEX_DECIDUEYE,GRASS/GHOST
City,SPECIES_DEDENNE,Dedenne,NATIONAL_DEX_DEDENNE,ELECTRIC/FAIRY
City,SPECIES_DEERLING_SPRING,Deerling,NATIONAL_DEX_DEERLING,NORMAL/GRASS
City,SPECIES_DEINO,Deino,NATIONAL_DEX_DEINO,DARK/DRAGON
City,SPECIES_DELCATTY,Delcatty,NATIONAL_DEX_DELCATTY,NORMAL
City,SPECIES_DELIBIRD,Delibird,NATIONAL_DEX_DELIBIRD,ICE/FLYING
City,SPECIES_DELPHOX,Delphox,NATIONAL_DEX_DELPHOX,FIRE/PSYCHIC
City,SPECIES_DEWGONG,Dewgong,NATIONAL_DEX_DEWGONG,WATER/ICE
City,SPECIES_DEWOTT,Dewott,NATIONAL_DEX_DEWOTT,WATER
City,SPECIES_DEWPIDER,Dewpider,NATIONAL_DEX_DEWPIDER,WATER/BUG
City,SPECIES_DHELMISE,Dhelmise,NATIONAL_DEX_DHELMISE,GHOST/GRASS
City,SPECIES_DIGGERSBY,Diggersby,NATIONAL_DEX_DIGGERSBY,NORMAL/GROUND
City,SPECIES_DITTO,Ditto,NATIONAL_DEX_DITTO,NORMAL
City,SPECIES_DODRIO,Dodrio,NATIONAL_DEX_DODRIO,NORMAL/FLYING
City,SPECIES_DODUO,Doduo,NATIONAL_DEX_DODUO,NORMAL/FLYING
City,SPECIES_DOLLIV,Dolliv,NATIONAL_DEX_DOLLIV,GRASS/NORMAL
City,SPECIES_DONDOZO,Dondozo,NATIONAL_DEX_DONDOZO,WATER
City,SPECIES_DOTTLER,Dottler,NATIONAL_DEX_DOTTLER,BUG/PSYCHIC
City,SPECIES_DOUBLADE,Doublade,NATIONAL_DEX_DOUBLADE,STEEL/GHOST
City,SPECIES_DRACOVISH,Dracovish,NATIONAL_DEX_DRACOVISH,WATER/DRAGON
City,SPECIES_DRACOZOLT,Dracozolt,NATIONAL_DEX_DRACOZOLT,ELECTRIC/DRAGON
City,SPECIES_DRAGALGE,Dragalge,NATIONAL_DEX_DRAGALGE,POISON/DRAGON
City,SPECIES_DRAGAPULT,Dragapult,NATIONAL_DEX_DRAGAPULT,DRAGON/GHOST
City,SPECIES_DRAGONITE,Dragonite,NATIONAL_DEX_DRAGONITE,DRAGON/FLYING
City,SPECIES_DRAKLOAK,Drakloak,NATIONAL_DEX_DRAKLOAK,DRAGON/GHOST
City,SPECIES_DRAMPA,Drampa,NATIONAL_DEX_DRAMPA,NORMAL/DRAGON
City,SPECIES_DRAPION,Drapion,NATIONAL_DEX_DRAPION,POISON/DARK
City,SPECIES_DREDNAW,Drednaw,NATIONAL_DEX_DREDNAW,WATER/ROCK
City,SPECIES_DREEPY,Dreepy,NATIONAL_DEX_DREEPY,DRAGON/GHOST
City,SPECIES_DRIFBLIM,Drifblim,NATIONAL_DEX_DRIFBLIM,GHOST/FLYING
City,SPECIES_DRIFLOON,Drifloon,NATIONAL_DEX_DRIFLOON,GHOST/FLYING
City,SPECIES_DRIZZILE,Drizzile,NATIONAL_DEX_DRIZZILE,WATER
City,SPECIES_DROWZEE,Drowzee,NATIONAL_DEX_DROWZEE,PSYCHIC
City,SPECIES_DUBWOOL,Dubwool,NATIONAL_DEX_DUBWOOL,NORMAL
City,SPECIES_DUCKLETT,Ducklett,NATIONAL_DEX_DUCKLETT,WATER/FLYING
City,SPECIES_DUDUNSPARCE_TWO_SEGMENT,Dudunsparce,NATIONAL_DEX_DUDUNSPARCE,NORMAL
City,SPECIES_DUNSPARCE,Dunsparce,NATIONAL_DEX_DUNSPARCE,NORMAL
City,SPECIES_DUOSION,Duosion,NATIONAL_DEX_DUOSION,PSYCHIC
City,SPECIES_DURALUDON,Duraludon,NATIONAL_DEX_DURALUDON,STEEL/DRAGON
City,SPECIES_DURANT,Durant,NATIONAL_DEX_DURANT,BUG/STEEL
City,SPECIES_DUSCLOPS,Dusclops,NATIONAL_DEX_DUSCLOPS,GHOST
City,SPECIES_DUSKNOIR,Dusknoir,NATIONAL_DEX_DUSKNOIR,GHOST
City,SPECIES_DUSKULL,Duskull,NATIONAL_DEX_DUSKULL,GHOST
City,SPECIES_DUSTOX,Dustox,NATIONAL_DEX_DUSTOX,BUG/POISON
City,SPECIES_DWEBBLE,Dwebble,NATIONAL_DEX_DWEBBLE,BUG/ROCK
City,SPECIES_EELEKTRIK,Eelektrik,NATIONAL_DEX_EELEKTRIK,ELECTRIC
City,SPECIES_EELEKTROSS,Eelektross,NATIONAL_DEX_EELEKTROSS,ELECTRIC
City,SPECIES_EEVEE,Eevee,NATIONAL_DEX_EEVEE,NORMAL
City,SPECIES_EKANS,Ekans,NATIONAL_DEX_EKANS,POISON
City,SPECIES_ELECTABUZZ,Electabuzz,NATIONAL_DEX_ELECTABUZZ,ELECTRIC
City,SPECIES_ELECTIVIRE,Electivire,NATIONAL_DEX_ELECTIVIRE,ELECTRIC
City,SPECIES_ELECTRIKE,Electrike,NATIONAL_DEX_ELECTRIKE,ELECTRIC
City,SPECIES_ELECTRODE,Electrode,NATIONAL_DEX_ELECTRODE,ELECTRIC
City,SPECIES_ELEKID,Elekid,NATIONAL_DEX_ELEKID,ELECTRIC
City,SPECIES_ELGYEM,Elgyem,NATIONAL_DEX_ELGYEM,PSYCHIC
City,SPECIES_EMBOAR,Emboar,NATIONAL_DEX_EMBOAR,FIRE/FIGHTING
City,SPECIES_EMOLGA,Emolga,NATIONAL_DEX_EMOLGA,ELECTRIC/FLYING
City,SPECIES_EMPOLEON,Empoleon,NATIONAL_DEX_EMPOLEON,WATER/STEEL
City,SPECIES_ENAMORUS_INCARNATE,Enamorus,NATIONAL_DEX_ENAMORUS,FAIRY/FLYING
City,SPECIES_ESCAVALIER,Escavalier,NATIONAL_DEX_ESCAVALIER,BUG/STEEL
City,SPECIES_ESPATHRA,Espathra,NATIONAL_DEX_ESPATHRA,PSYCHIC
City,SPECIES_ESPEON,Espeon,NATIONAL_DEX_ESPEON,PSYCHIC
City,SPECIES_ESPURR,Espurr,NATIONAL_DEX_ESPURR,PSYCHIC
City,SPECIES_EXCADRILL,Excadrill,NATIONAL_DEX_EXCADRILL,GROUND/STEEL
City,SPECIES_EXEGGCUTE,Exeggcute,NATIONAL_DEX_EXEGGCUTE,GRASS/PSYCHIC
City,SPECIES_EXEGGUTOR,Exeggutor,NATIONAL_DEX_EXEGGUTOR,GRASS/PSYCHIC
City,SPECIES_EXPLOUD,Exploud,NATIONAL_DEX_EXPLOUD,NORMAL
City,SPECIES_FALINKS,Falinks,NATIONAL_DEX_FALINKS,FIGHTING
City,SPECIES_FARFETCHD,Farfetch'd,NATIONAL_DEX_FARFETCHD,NORMAL/FLYING
City,SPECIES_FARIGIRAF,Farigiraf,NATIONAL_DEX_FARIGIRAF,NORMAL/PSYCHIC
City,SPECIES_FEAROW,Fearow,NATIONAL_DEX_FEAROW,NORMAL/FLYING
City,SPECIES_FEEBAS,Feebas,NATIONAL_DEX_FEEBAS,WATER
City,SPECIES_FERALIGATR,Feraligatr,NATIONAL_DEX_FERALIGATR,WATER
City,SPECIES_FERROSEED,Ferroseed,NATIONAL_DEX_FERROSEED,GRASS/STEEL
City,SPECIES_FERROTHORN,Ferrothorn,NATIONAL_DEX_FERROTHORN,GRASS/STEEL
City,SPECIES_FEZANDIPITI,Fezandipiti,NATIONAL_DEX_FEZANDIPITI,POISON/FAIRY
City,SPECIES_FIDOUGH,Fidough,NATIONAL_DEX_FIDOUGH,FAIRY
City,SPECIES_FINIZEN,Finizen,NATIONAL_DEX_FINIZEN,WATER
City,SPECIES_FINNEON,Finneon,NATIONAL_DEX_FINNEON,WATER
City,SPECIES_FLAAFFY,Flaaffy,NATIONAL_DEX_FLAAFFY,ELECTRIC
City,SPECIES_FLABEBE,Flabébé,NATIONAL_DEX_FLABEBE,FAIRY
City,SPECIES_FLAMIGO,Flamigo,NATIONAL_DEX_FLAMIGO,FLYING/FIGHTING
City,SPECIES_FLETCHINDER,Fletchinder,NATIONAL_DEX_FLETCHINDER,FIRE/FLYING
City,SPECIES_FLETCHLING,Fletchling,NATIONAL_DEX_FLETCHLING,NORMAL/FLYING
City,SPECIES_FLITTLE,Flittle,NATIONAL_DEX_FLITTLE,PSYCHIC
City,SPECIES_FLOATZEL,Floatzel,NATIONAL_DEX_FLOATZEL,WATER
City,SPECIES_FLOETTE_MEGA,Floette,NATIONAL_DEX_FLOETTE,FAIRY
City,SPECIES_FLORGES,Florges,NATIONAL_DEX_FLORGES,FAIRY
City,SPECIES_FOONGUS,Foongus,NATIONAL_DEX_FOONGUS,GRASS/POISON
City,SPECIES_FORRETRESS,Forretress,NATIONAL_DEX_FORRETRESS,BUG/STEEL
City,SPECIES_FRILLISH,Frillish,NATIONAL_DEX_FRILLISH,WATER/GHOST
City,SPECIES_FROAKIE,Froakie,NATIONAL_DEX_FROAKIE,WATER
City,SPECIES_FROGADIER,Frogadier,NATIONAL_DEX_FROGADIER,WATER
City,SPECIES_FROSLASS,Froslass,NATIONAL_DEX_FROSLASS,ICE/GHOST
City,SPECIES_FROSMOTH,Frosmoth,NATIONAL_DEX_FROSMOTH,ICE/BUG
City,SPECIES_FURFROU,Furfrou,NATIONAL_DEX_FURFROU,NORMAL
City,SPECIES_FURRET,Furret,NATIONAL_DEX_FURRET,NORMAL
City,SPECIES_GALLADE,Gallade,NATIONAL_DEX_GALLADE,PSYCHIC/FIGHTING
City,SPECIES_GALVANTULA,Galvantula,NATIONAL_DEX_GALVANTULA,BUG/ELECTRIC
City,SPECIES_GARBODOR,Garbodor,NATIONAL_DEX_GARBODOR,POISON
City,SPECIES_GARDEVOIR,Gardevoir,NATIONAL_DEX_GARDEVOIR,PSYCHIC
City,SPECIES_GASTLY,Gastly,NATIONAL_DEX_GASTLY,GHOST/POISON
City,SPECIES_GASTRODON_WEST,Gastrodon,NATIONAL_DEX_GASTRODON,WATER/GROUND
City,SPECIES_GENGAR,Gengar,NATIONAL_DEX_GENGAR,GHOST/POISON
City,SPECIES_GHOLDENGO,Gholdengo,NATIONAL_DEX_GHOLDENGO,STEEL/GHOST
City,SPECIES_GIMMIGHOUL_CHEST,Gimmighoul,NATIONAL_DEX_GIMMIGHOUL,GHOST
City,SPECIES_GIRAFARIG,Girafarig,NATIONAL_DEX_GIRAFARIG,NORMAL/PSYCHIC
City,SPECIES_GIRATINA_ALTERED,Giratina,NATIONAL_DEX_GIRATINA,GHOST/DRAGON
City,SPECIES_GLAMEOW,Glameow,NATIONAL_DEX_GLAMEOW,NORMAL
City,SPECIES_GLIGAR,Gligar,NATIONAL_DEX_GLIGAR,GROUND/FLYING
City,SPECIES_GLIMMET,Glimmet,NATIONAL_DEX_GLIMMET,ROCK/POISON
City,SPECIES_GLIMMORA,Glimmora,NATIONAL_DEX_GLIMMORA,ROCK/POISON
City,SPECIES_GLISCOR,Gliscor,NATIONAL_DEX_GLISCOR,GROUND/FLYING
City,SPECIES_GLOOM,Gloom,NATIONAL_DEX_GLOOM,GRASS/POISON
City,SPECIES_GOLBAT,Golbat,NATIONAL_DEX_GOLBAT,POISON/FLYING
City,SPECIES_GOLDEEN,Goldeen,NATIONAL_DEX_GOLDEEN,WATER
City,SPECIES_GOLDUCK,Golduck,NATIONAL_DEX_GOLDUCK,WATER
City,SPECIES_GOLETT,Golett,NATIONAL_DEX_GOLETT,GROUND/GHOST
City,SPECIES_GOLISOPOD,Golisopod,NATIONAL_DEX_GOLISOPOD,BUG/WATER
City,SPECIES_GOLURK,Golurk,NATIONAL_DEX_GOLURK,GROUND/GHOST
City,SPECIES_GOREBYSS,Gorebyss,NATIONAL_DEX_GOREBYSS,WATER
City,SPECIES_GOTHITA,Gothita,NATIONAL_DEX_GOTHITA,PSYCHIC
City,SPECIES_GOTHITELLE,Gothitelle,NATIONAL_DEX_GOTHITELLE,PSYCHIC
City,SPECIES_GOTHORITA,Gothorita,NATIONAL_DEX_GOTHORITA,PSYCHIC
City,SPECIES_GOURGEIST_AVERAGE,Gourgeist,NATIONAL_DEX_GOURGEIST,GHOST/GRASS
City,SPECIES_GRAFAIAI,Grafaiai,NATIONAL_DEX_GRAFAIAI,POISON/NORMAL
City,SPECIES_GRANBULL,Granbull,NATIONAL_DEX_GRANBULL,FAIRY
City,SPECIES_GRAPPLOCT,Grapploct,NATIONAL_DEX_GRAPPLOCT,FIGHTING
City,SPECIES_GREAVARD,Greavard,NATIONAL_DEX_GREAVARD,GHOST
City,SPECIES_GREEDENT,Greedent,NATIONAL_DEX_GREEDENT,NORMAL
City,SPECIES_GRENINJA,Greninja,NATIONAL_DEX_GRENINJA,WATER/DARK
City,SPECIES_GRIMER,Grimer,NATIONAL_DEX_GRIMER,POISON
City,SPECIES_GRIMMSNARL,Grimmsnarl,NATIONAL_DEX_GRIMMSNARL,DARK/FAIRY
City,SPECIES_GRUBBIN,Grubbin,NATIONAL_DEX_GRUBBIN,BUG
City,SPECIES_GRUMPIG,Grumpig,NATIONAL_DEX_GRUMPIG,PSYCHIC
City,SPECIES_GULPIN,Gulpin,NATIONAL_DEX_GULPIN,POISON
City,SPECIES_GUMSHOOS,Gumshoos,NATIONAL_DEX_GUMSHOOS,NORMAL
City,SPECIES_GURDURR,Gurdurr,NATIONAL_DEX_GURDURR,FIGHTING
City,SPECIES_GYARADOS,Gyarados,NATIONAL_DEX_GYARADOS,WATER/FLYING
City,SPECIES_HAKAMO_O,Hakamo-o,NATIONAL_DEX_HAKAMO_O,DRAGON/FIGHTING
City,SPECIES_HAPPINY,Happiny,NATIONAL_DEX_HAPPINY,NORMAL
City,SPECIES_HARIYAMA,Hariyama,NATIONAL_DEX_HARIYAMA,FIGHTING
City,SPECIES_HATENNA,Hatenna,NATIONAL_DEX_HATENNA,PSYCHIC
City,SPECIES_HATTERENE,Hatterene,NATIONAL_DEX_HATTERENE,PSYCHIC/FAIRY
City,SPECIES_HATTREM,Hattrem,NATIONAL_DEX_HATTREM,PSYCHIC
City,SPECIES_HAUNTER,Haunter,NATIONAL_DEX_HAUNTER,GHOST/POISON
City,SPECIES_HAWLUCHA,Hawlucha,NATIONAL_DEX_HAWLUCHA,FIGHTING/FLYING
City,SPECIES_HELIOLISK,Heliolisk,NATIONAL_DEX_HELIOLISK,ELECTRIC/NORMAL
City,SPECIES_HELIOPTILE,Helioptile,NATIONAL_DEX_HELIOPTILE,ELECTRIC/NORMAL
City,SPECIES_HERACROSS,Heracross,NATIONAL_DEX_HERACROSS,BUG/FIGHTING
City,SPECIES_HERDIER,Herdier,NATIONAL_DEX_HERDIER,NORMAL
City,SPECIES_HITMONCHAN,Hitmonchan,NATIONAL_DEX_HITMONCHAN,FIGHTING
City,SPECIES_HITMONLEE,Hitmonlee,NATIONAL_DEX_HITMONLEE,FIGHTING
City,SPECIES_HITMONTOP,Hitmontop,NATIONAL_DEX_HITMONTOP,FIGHTING
City,SPECIES_HONCHKROW,Honchkrow,NATIONAL_DEX_HONCHKROW,DARK/FLYING
City,SPECIES_HONEDGE,Honedge,NATIONAL_DEX_HONEDGE,STEEL/GHOST
City,SPECIES_HOOTHOOT,Hoothoot,NATIONAL_DEX_HOOTHOOT,NORMAL/FLYING
City,SPECIES_HOPPIP,Hoppip,NATIONAL_DEX_HOPPIP,GRASS/FLYING
City,SPECIES_HORSEA,Horsea,NATIONAL_DEX_HORSEA,WATER
City,SPECIES_HOUNDOOM,Houndoom,NATIONAL_DEX_HOUNDOOM,DARK/FIRE
City,SPECIES_HOUNDOUR,Houndour,NATIONAL_DEX_HOUNDOUR,DARK/FIRE
City,SPECIES_HOUNDSTONE,Houndstone,NATIONAL_DEX_HOUNDSTONE,GHOST
City,SPECIES_HUNTAIL,Huntail,NATIONAL_DEX_HUNTAIL,WATER
City,SPECIES_HYDREIGON,Hydreigon,NATIONAL_DEX_HYDREIGON,DARK/DRAGON
City,SPECIES_HYPNO,Hypno,NATIONAL_DEX_HYPNO,PSYCHIC
City,SPECIES_IGGLYBUFF,Igglybuff,NATIONAL_DEX_IGGLYBUFF,NORMAL/FAIRY
City,SPECIES_ILLUMISE,Illumise,NATIONAL_DEX_ILLUMISE,BUG
City,SPECIES_IMPIDIMP,Impidimp,NATIONAL_DEX_IMPIDIMP,DARK/FAIRY
City,SPECIES_INCINEROAR,Incineroar,NATIONAL_DEX_INCINEROAR,FIRE/DARK
City,SPECIES_INDEEDEE_M,Indeedee,NATIONAL_DEX_INDEEDEE,PSYCHIC/NORMAL
City,SPECIES_INFERNAPE,Infernape,NATIONAL_DEX_INFERNAPE,FIRE/FIGHTING
City,SPECIES_INKAY,Inkay,NATIONAL_DEX_INKAY,DARK/PSYCHIC
City,SPECIES_INTELEON,Inteleon,NATIONAL_DEX_INTELEON,WATER
City,SPECIES_IVYSAUR,Ivysaur,NATIONAL_DEX_IVYSAUR,GRASS/POISON
City,SPECIES_JELLICENT,Jellicent,NATIONAL_DEX_JELLICENT,WATER/GHOST
City,SPECIES_JIGGLYPUFF,Jigglypuff,NATIONAL_DEX_JIGGLYPUFF,NORMAL/FAIRY
City,SPECIES_JOLTEON,Jolteon,NATIONAL_DEX_JOLTEON,ELECTRIC
City,SPECIES_JOLTIK,Joltik,NATIONAL_DEX_JOLTIK,BUG/ELECTRIC
City,SPECIES_JUMPLUFF,Jumpluff,NATIONAL_DEX_JUMPLUFF,GRASS/FLYING
City,SPECIES_JYNX,Jynx,NATIONAL_DEX_JYNX,ICE/PSYCHIC
City,SPECIES_KABUTO,Kabuto,NATIONAL_DEX_KABUTO,ROCK/WATER
City,SPECIES_KABUTOPS,Kabutops,NATIONAL_DEX_KABUTOPS,ROCK/WATER
City,SPECIES_KADABRA,Kadabra,NATIONAL_DEX_KADABRA,PSYCHIC
City,SPECIES_KAKUNA,Kakuna,NATIONAL_DEX_KAKUNA,BUG/POISON
City,SPECIES_KANGASKHAN,Kangaskhan,NATIONAL_DEX_KANGASKHAN,NORMAL
City,SPECIES_KARRABLAST,Karrablast,NATIONAL_DEX_KARRABLAST,BUG
City,SPECIES_KECLEON,Kecleon,NATIONAL_DEX_KECLEON,NORMAL
City,SPECIES_KILOWATTREL,Kilowattrel,NATIONAL_DEX_KILOWATTREL,ELECTRIC/FLYING
City,SPECIES_KINGAMBIT,Kingambit,NATIONAL_DEX_KINGAMBIT,DARK/STEEL
City,SPECIES_KINGDRA,Kingdra,NATIONAL_DEX_KINGDRA,WATER/DRAGON
City,SPECIES_KINGLER,Kingler,NATIONAL_DEX_KINGLER,WATER
City,SPECIES_KIRLIA,Kirlia,NATIONAL_DEX_KIRLIA,PSYCHIC
City,SPECIES_KLANG,Klang,NATIONAL_DEX_KLANG,STEEL
City,SPECIES_KLEAVOR,Kleavor,NATIONAL_DEX_KLEAVOR,BUG/ROCK
City,SPECIES_KLEFKI,Klefki,NATIONAL_DEX_KLEFKI,STEEL/FAIRY
City,SPECIES_KLINK,Klink,NATIONAL_DEX_KLINK,STEEL
City,SPECIES_KLINKLANG,Klinklang,NATIONAL_DEX_KLINKLANG,STEEL
City,SPECIES_KOFFING,Koffing,NATIONAL_DEX_KOFFING,POISON
City,SPECIES_KOMALA,Komala,NATIONAL_DEX_KOMALA,NORMAL
City,SPECIES_KOMMO_O,Kommo-o,NATIONAL_DEX_KOMMO_O,DRAGON/FIGHTING
City,SPECIES_KRABBY,Krabby,NATIONAL_DEX_KRABBY,WATER
City,SPECIES_KRICKETOT,Kricketot,NATIONAL_DEX_KRICKETOT,BUG
City,SPECIES_KRICKETUNE,Kricketune,NATIONAL_DEX_KRICKETUNE,BUG
City,SPECIES_KROKOROK,Krokorok,NATIONAL_DEX_KROKOROK,GROUND/DARK
City,SPECIES_KROOKODILE,Krookodile,NATIONAL_DEX_KROOKODILE,GROUND/DARK
City,SPECIES_LAIRON,Lairon,NATIONAL_DEX_LAIRON,STEEL/ROCK
City,SPECIES_LAMPENT,Lampent,NATIONAL_DEX_LAMPENT,GHOST/FIRE
City,SPECIES_LANDORUS_INCARNATE,Landorus,NATIONAL_DEX_LANDORUS,GROUND/FLYING
City,SPECIES_LANTURN,Lanturn,NATIONAL_DEX_LANTURN,WATER/ELECTRIC
City,SPECIES_LAPRAS,Lapras,NATIONAL_DEX_LAPRAS,WATER/ICE
City,SPECIES_LARVESTA,Larvesta,NATIONAL_DEX_LARVESTA,BUG/FIRE
City,SPECIES_LEAVANNY,Leavanny,NATIONAL_DEX_LEAVANNY,BUG/GRASS
City,SPECIES_LECHONK,Lechonk,NATIONAL_DEX_LECHONK,NORMAL
City,SPECIES_LEDIAN,Ledian,NATIONAL_DEX_LEDIAN,BUG/FLYING
City,SPECIES_LEDYBA,Ledyba,NATIONAL_DEX_LEDYBA,BUG/FLYING
City,SPECIES_LICKILICKY,Lickilicky,NATIONAL_DEX_LICKILICKY,NORMAL
City,SPECIES_LICKITUNG,Lickitung,NATIONAL_DEX_LICKITUNG,NORMAL
City,SPECIES_LIEPARD,Liepard,NATIONAL_DEX_LIEPARD,DARK
City,SPECIES_LILLIPUP,Lillipup,NATIONAL_DEX_LILLIPUP,NORMAL
City,SPECIES_LINOONE,Linoone,NATIONAL_DEX_LINOONE,NORMAL
City,SPECIES_LITLEO,Litleo,NATIONAL_DEX_LITLEO,FIRE/NORMAL
City,SPECIES_LITWICK,Litwick,NATIONAL_DEX_LITWICK,GHOST/FIRE
City,SPECIES_LOKIX,Lokix,NATIONAL_DEX_LOKIX,BUG/DARK
City,SPECIES_LOMBRE,Lombre,NATIONAL_DEX_LOMBRE,WATER/GRASS
City,SPECIES_LOPUNNY,Lopunny,NATIONAL_DEX_LOPUNNY,NORMAL
City,SPECIES_LOTAD,Lotad,NATIONAL_DEX_LOTAD,WATER/GRASS
City,SPECIES_LOUDRED,Loudred,NATIONAL_DEX_LOUDRED,NORMAL
City,SPECIES_LUCARIO,Lucario,NATIONAL_DEX_LUCARIO,FIGHTING/STEEL
City,SPECIES_LUDICOLO,Ludicolo,NATIONAL_DEX_LUDICOLO,WATER/GRASS
City,SPECIES_LUMINEON,Lumineon,NATIONAL_DEX_LUMINEON,WATER
City,SPECIES_LUNATONE,Lunatone,NATIONAL_DEX_LUNATONE,ROCK/PSYCHIC
City,SPECIES_LUVDISC,Luvdisc,NATIONAL_DEX_LUVDISC,WATER
City,SPECIES_LUXIO,Luxio,NATIONAL_DEX_LUXIO,ELECTRIC
City,SPECIES_LUXRAY,Luxray,NATIONAL_DEX_LUXRAY,ELECTRIC
City,SPECIES_MABOSSTIFF,Mabosstiff,NATIONAL_DEX_MABOSSTIFF,DARK
City,SPECIES_MACHAMP,Machamp,NATIONAL_DEX_MACHAMP,FIGHTING
City,SPECIES_MACHOKE,Machoke,NATIONAL_DEX_MACHOKE,FIGHTING
City,SPECIES_MACHOP,Machop,NATIONAL_DEX_MACHOP,FIGHTING
City,SPECIES_MAGIKARP,Magikarp,NATIONAL_DEX_MAGIKARP,WATER
City,SPECIES_MAGNEMITE,Magnemite,NATIONAL_DEX_MAGNEMITE,ELECTRIC
City,SPECIES_MAGNETON,Magneton,NATIONAL_DEX_MAGNETON,ELECTRIC
City,SPECIES_MAGNEZONE,Magnezone,NATIONAL_DEX_MAGNEZONE,ELECTRIC/STEEL
City,SPECIES_MAKUHITA,Makuhita,NATIONAL_DEX_MAKUHITA,FIGHTING
City,SPECIES_MALAMAR,Malamar,NATIONAL_DEX_MALAMAR,DARK/PSYCHIC
City,SPECIES_MANDIBUZZ,Mandibuzz,NATIONAL_DEX_MANDIBUZZ,DARK/FLYING
City,SPECIES_MANECTRIC,Manectric,NATIONAL_DEX_MANECTRIC,ELECTRIC
City,SPECIES_MANKEY,Mankey,NATIONAL_DEX_MANKEY,FIGHTING
City,SPECIES_MANTINE,Mantine,NATIONAL_DEX_MANTINE,WATER/FLYING
City,SPECIES_MANTYKE,Mantyke,NATIONAL_DEX_MANTYKE,WATER/FLYING
City,SPECIES_MAREANIE,Mareanie,NATIONAL_DEX_MAREANIE,POISON/WATER
City,SPECIES_MAREEP,Mareep,NATIONAL_DEX_MAREEP,ELECTRIC
City,SPECIES_MARILL,Marill,NATIONAL_DEX_MARILL,WATER/FAIRY
City,SPECIES_MARSHTOMP,Marshtomp,NATIONAL_DEX_MARSHTOMP,WATER/GROUND
City,SPECIES_MASCHIFF,Maschiff,NATIONAL_DEX_MASCHIFF,DARK
City,SPECIES_MASQUERAIN,Masquerain,NATIONAL_DEX_MASQUERAIN,BUG/FLYING
City,SPECIES_MAUSHOLD_THREE,Maushold,NATIONAL_DEX_MAUSHOLD,NORMAL
City,SPECIES_MAWILE,Mawile,NATIONAL_DEX_MAWILE,STEEL/FAIRY
City,SPECIES_MEDICHAM,Medicham,NATIONAL_DEX_MEDICHAM,FIGHTING/PSYCHIC
City,SPECIES_MEDITITE,Meditite,NATIONAL_DEX_MEDITITE,FIGHTING/PSYCHIC
City,SPECIES_MEOWSCARADA,Meowscarada,NATIONAL_DEX_MEOWSCARADA,GRASS/DARK
City,SPECIES_MEOWSTIC_M,Meowstic,NATIONAL_DEX_MEOWSTIC,PSYCHIC
City,SPECIES_MEOWTH,Meowth,NATIONAL_DEX_MEOWTH,NORMAL
City,SPECIES_METAGROSS,Metagross,NATIONAL_DEX_METAGROSS,STEEL/PSYCHIC
City,SPECIES_METANG,Metang,NATIONAL_DEX_METANG,STEEL/PSYCHIC
City,SPECIES_METAPOD,Metapod,NATIONAL_DEX_METAPOD,BUG
City,SPECIES_MIENFOO,Mienfoo,NATIONAL_DEX_MIENFOO,FIGHTING
City,SPECIES_MIENSHAO,Mienshao,NATIONAL_DEX_MIENSHAO,FIGHTING
City,SPECIES_MIGHTYENA,Mightyena,NATIONAL_DEX_MIGHTYENA,DARK
City,SPECIES_MILCERY,Milcery,NATIONAL_DEX_MILCERY,FAIRY
City,SPECIES_MILOTIC,Milotic,NATIONAL_DEX_MILOTIC,WATER
City,SPECIES_MILTANK,Miltank,NATIONAL_DEX_MILTANK,NORMAL
City,SPECIES_MIME_JR,Mime Jr.,NATIONAL_DEX_MIME_JR,PSYCHIC/FAIRY
City,SPECIES_MIMIKYU_DISGUISED,Mimikyu,NATIONAL_DEX_MIMIKYU,GHOST/FAIRY
City,SPECIES_MINCCINO,Minccino,NATIONAL_DEX_MINCCINO,NORMAL
City,SPECIES_MINIOR,Minior,NATIONAL_DEX_MINIOR,ROCK/FLYING
City,SPECIES_MINUN,Minun,NATIONAL_DEX_MINUN,ELECTRIC
City,SPECIES_MISDREAVUS,Misdreavus,NATIONAL_DEX_MISDREAVUS,GHOST
City,SPECIES_MISMAGIUS,Mismagius,NATIONAL_DEX_MISMAGIUS,GHOST
City,SPECIES_MONFERNO,Monferno,NATIONAL_DEX_MONFERNO,FIRE/FIGHTING
City,SPECIES_MORELULL,Morelull,NATIONAL_DEX_MORELULL,GRASS/FAIRY
City,SPECIES_MORGREM,Morgrem,NATIONAL_DEX_MORGREM,DARK/FAIRY
City,SPECIES_MORPEKO_FULL_BELLY,Morpeko,NATIONAL_DEX_MORPEKO,ELECTRIC/DARK
City,SPECIES_MOTHIM,Mothim,NATIONAL_DEX_MOTHIM,BUG/FLYING
City,SPECIES_MR_MIME,Mr. Mime,NATIONAL_DEX_MR_MIME,PSYCHIC/FAIRY
City,SPECIES_MR_RIME,Mr. Rime,NATIONAL_DEX_MR_RIME,ICE/PSYCHIC
City,SPECIES_MUDKIP,Mudkip,NATIONAL_DEX_MUDKIP,WATER
City,SPECIES_MUK,Muk,NATIONAL_DEX_MUK,POISON
City,SPECIES_MUNCHLAX,Munchlax,NATIONAL_DEX_MUNCHLAX,NORMAL
City,SPECIES_MUNKIDORI,Munkidori,NATIONAL_DEX_MUNKIDORI,POISON/PSYCHIC
City,SPECIES_MUNNA,Munna,NATIONAL_DEX_MUNNA,PSYCHIC
City,SPECIES_MURKROW,Murkrow,NATIONAL_DEX_MURKROW,DARK/FLYING
City,SPECIES_MUSHARNA,Musharna,NATIONAL_DEX_MUSHARNA,PSYCHIC
City,SPECIES_NATU,Natu,NATIONAL_DEX_NATU,PSYCHIC/FLYING
City,SPECIES_NICKIT,Nickit,NATIONAL_DEX_NICKIT,DARK
City,SPECIES_NIDOKING,Nidoking,NATIONAL_DEX_NIDOKING,POISON/GROUND
City,SPECIES_NIDOQUEEN,Nidoqueen,NATIONAL_DEX_NIDOQUEEN,POISON/GROUND
City,SPECIES_NIDORAN_F,Nidoran♀,NATIONAL_DEX_NIDORAN_F,POISON
City,SPECIES_NIDORAN_M,Nidoran♂,NATIONAL_DEX_NIDORAN_M,POISON
City,SPECIES_NIDORINA,Nidorina,NATIONAL_DEX_NIDORINA,POISON
City,SPECIES_NIDORINO,Nidorino,NATIONAL_DEX_NIDORINO,POISON
City,SPECIES_NINCADA,Nincada,NATIONAL_DEX_NINCADA,BUG/GROUND
City,SPECIES_NINJASK,Ninjask,NATIONAL_DEX_NINJASK,BUG/FLYING
City,SPECIES_NOCTOWL,Noctowl,NATIONAL_DEX_NOCTOWL,NORMAL/FLYING
City,SPECIES_NOIBAT,Noibat,NATIONAL_DEX_NOIBAT,FLYING/DRAGON
City,SPECIES_NOIVERN,Noivern,NATIONAL_DEX_NOIVERN,FLYING/DRAGON
City,SPECIES_NUZLEAF,Nuzleaf,NATIONAL_DEX_NUZLEAF,GRASS/DARK
City,SPECIES_NYMBLE,Nymble,NATIONAL_DEX_NYMBLE,BUG
City,SPECIES_OBSTAGOON,Obstagoon,NATIONAL_DEX_OBSTAGOON,DARK/NORMAL
City,SPECIES_OCTILLERY,Octillery,NATIONAL_DEX_OCTILLERY,WATER
City,SPECIES_ODDISH,Oddish,NATIONAL_DEX_ODDISH,GRASS/POISON
City,SPECIES_OINKOLOGNE_M,Oinkologne,NATIONAL_DEX_OINKOLOGNE,NORMAL
City,SPECIES_OKIDOGI,Okidogi,NATIONAL_DEX_OKIDOGI,POISON/FIGHTING
City,SPECIES_OMANYTE,Omanyte,NATIONAL_DEX_OMANYTE,ROCK/WATER
City,SPECIES_OMASTAR,Omastar,NATIONAL_DEX_OMASTAR,ROCK/WATER
City,SPECIES_ORANGURU,Oranguru,NATIONAL_DEX_ORANGURU,NORMAL/PSYCHIC
City,SPECIES_ORBEETLE,Orbeetle,NATIONAL_DEX_ORBEETLE,BUG/PSYCHIC
City,SPECIES_ORICORIO_BAILE,Oricorio,NATIONAL_DEX_ORICORIO,FIRE/FLYING
City,SPECIES_ORTHWORM,Orthworm,NATIONAL_DEX_ORTHWORM,STEEL
City,SPECIES_OSHAWOTT,Oshawott,NATIONAL_DEX_OSHAWOTT,WATER
City,SPECIES_OVERQWIL,Overqwil,NATIONAL_DEX_OVERQWIL,DARK/POISON
City,SPECIES_PACHIRISU,Pachirisu,NATIONAL_DEX_PACHIRISU,ELECTRIC
City,SPECIES_PALAFIN_ZERO,Palafin,NATIONAL_DEX_PALAFIN,WATER
City,SPECIES_PALOSSAND,Palossand,NATIONAL_DEX_PALOSSAND,GHOST/GROUND
City,SPECIES_PALPITOAD,Palpitoad,NATIONAL_DEX_PALPITOAD,WATER/GROUND
City,SPECIES_PANCHAM,Pancham,NATIONAL_DEX_PANCHAM,FIGHTING
City,SPECIES_PANGORO,Pangoro,NATIONAL_DEX_PANGORO,FIGHTING/DARK
City,SPECIES_PANPOUR,Panpour,NATIONAL_DEX_PANPOUR,WATER
City,SPECIES_PARAS,Paras,NATIONAL_DEX_PARAS,BUG/GRASS
City,SPECIES_PARASECT,Parasect,NATIONAL_DEX_PARASECT,BUG/GRASS
City,SPECIES_PASSIMIAN,Passimian,NATIONAL_DEX_PASSIMIAN,FIGHTING
City,SPECIES_PATRAT,Patrat,NATIONAL_DEX_PATRAT,NORMAL
City,SPECIES_PAWMI,Pawmi,NATIONAL_DEX_PAWMI,ELECTRIC
City,SPECIES_PAWMO,Pawmo,NATIONAL_DEX_PAWMO,ELECTRIC/FIGHTING
City,SPECIES_PAWMOT,Pawmot,NATIONAL_DEX_PAWMOT,ELECTRIC/FIGHTING
City,SPECIES_PAWNIARD,Pawniard,NATIONAL_DEX_PAWNIARD,DARK/STEEL
City,SPECIES_PELIPPER,Pelipper,NATIONAL_DEX_PELIPPER,WATER/FLYING
City,SPECIES_PERRSERKER,Perrserker,NATIONAL_DEX_PERRSERKER,STEEL
City,SPECIES_PERSIAN,Persian,NATIONAL_DEX_PERSIAN,NORMAL
City,SPECIES_PHANTUMP,Phantump,NATIONAL_DEX_PHANTUMP,GHOST/GRASS
City,SPECIES_PICHU,Pichu,NATIONAL_DEX_PICHU,ELECTRIC
City,SPECIES_PIDGEOT,Pidgeot,NATIONAL_DEX_PIDGEOT,NORMAL/FLYING
City,SPECIES_PIDGEOTTO,Pidgeotto,NATIONAL_DEX_PIDGEOTTO,NORMAL/FLYING
City,SPECIES_PIDGEY,Pidgey,NATIONAL_DEX_PIDGEY,NORMAL/FLYING
City,SPECIES_PIDOVE,Pidove,NATIONAL_DEX_PIDOVE,NORMAL/FLYING
City,SPECIES_PIGNITE,Pignite,NATIONAL_DEX_PIGNITE,FIRE/FIGHTING
City,SPECIES_PIKACHU,Pikachu,NATIONAL_DEX_PIKACHU,ELECTRIC
City,SPECIES_PIKIPEK,Pikipek,NATIONAL_DEX_PIKIPEK,NORMAL/FLYING
City,SPECIES_PINCURCHIN,Pincurchin,NATIONAL_DEX_PINCURCHIN,ELECTRIC
City,SPECIES_PINECO,Pineco,NATIONAL_DEX_PINECO,BUG
City,SPECIES_PINSIR,Pinsir,NATIONAL_DEX_PINSIR,BUG
City,SPECIES_PIPLUP,Piplup,NATIONAL_DEX_PIPLUP,WATER
City,SPECIES_PLUSLE,Plusle,NATIONAL_DEX_PLUSLE,ELECTRIC
City,SPECIES_POLITOED,Politoed,NATIONAL_DEX_POLITOED,WATER
City,SPECIES_POLIWAG,Poliwag,NATIONAL_DEX_POLIWAG,WATER
City,SPECIES_POLIWHIRL,Poliwhirl,NATIONAL_DEX_POLIWHIRL,WATER
City,SPECIES_POLIWRATH,Poliwrath,NATIONAL_DEX_POLIWRATH,WATER/FIGHTING
City,SPECIES_POLTCHAGEIST_COUNTERFEIT,Poltchageist,NATIONAL_DEX_POLTCHAGEIST,GRASS/GHOST
City,SPECIES_POLTEAGEIST_PHONY,Polteageist,NATIONAL_DEX_POLTEAGEIST,GHOST
City,SPECIES_POOCHYENA,Poochyena,NATIONAL_DEX_POOCHYENA,DARK
City,SPECIES_POPPLIO,Popplio,NATIONAL_DEX_POPPLIO,WATER
City,SPECIES_PORYGON,Porygon,NATIONAL_DEX_PORYGON,NORMAL
City,SPECIES_PORYGON_Z,Porygon-Z,NATIONAL_DEX_PORYGON_Z,NORMAL
City,SPECIES_PORYGON2,Porygon2,NATIONAL_DEX_PORYGON2,NORMAL
City,SPECIES_PRIMARINA,Primarina,NATIONAL_DEX_PRIMARINA,WATER/FAIRY
City,SPECIES_PRIMEAPE,Primeape,NATIONAL_DEX_PRIMEAPE,FIGHTING
City,SPECIES_PRINPLUP,Prinplup,NATIONAL_DEX_PRINPLUP,WATER
City,SPECIES_PROBOPASS,Probopass,NATIONAL_DEX_PROBOPASS,ROCK/STEEL
City,SPECIES_PSYDUCK,Psyduck,NATIONAL_DEX_PSYDUCK,WATER
City,SPECIES_PUMPKABOO_AVERAGE,Pumpkaboo,NATIONAL_DEX_PUMPKABOO,GHOST/GRASS
City,SPECIES_PURRLOIN,Purrloin,NATIONAL_DEX_PURRLOIN,DARK
City,SPECIES_PURUGLY,Purugly,NATIONAL_DEX_PURUGLY,NORMAL
City,SPECIES_PYROAR,Pyroar,NATIONAL_DEX_PYROAR,FIRE/NORMAL
City,SPECIES_PYUKUMUKU,Pyukumuku,NATIONAL_DEX_PYUKUMUKU,WATER
City,SPECIES_QUAGSIRE,Quagsire,NATIONAL_DEX_QUAGSIRE,WATER/GROUND
City,SPECIES_QUAQUAVAL,Quaquaval,NATIONAL_DEX_QUAQUAVAL,WATER/FIGHTING
City,SPECIES_QUAXLY,Quaxly,NATIONAL_DEX_QUAXLY,WATER
City,SPECIES_QUAXWELL,Quaxwell,NATIONAL_DEX_QUAXWELL,WATER
City,SPECIES_QWILFISH,Qwilfish,NATIONAL_DEX_QWILFISH,WATER/POISON
City,SPECIES_RABSCA,Rabsca,NATIONAL_DEX_RABSCA,BUG/PSYCHIC
City,SPECIES_RAICHU,Raichu,NATIONAL_DEX_RAICHU,ELECTRIC
City,SPECIES_RALTS,Ralts,NATIONAL_DEX_RALTS,PSYCHIC
City,SPECIES_RATICATE,Raticate,NATIONAL_DEX_RATICATE,NORMAL
City,SPECIES_RATTATA,Rattata,NATIONAL_DEX_RATTATA,NORMAL
City,SPECIES_RELICANTH,Relicanth,NATIONAL_DEX_RELICANTH,WATER/ROCK
City,SPECIES_RELLOR,Rellor,NATIONAL_DEX_RELLOR,BUG
City,SPECIES_REMORAID,Remoraid,NATIONAL_DEX_REMORAID,WATER
City,SPECIES_REUNICLUS,Reuniclus,NATIONAL_DEX_REUNICLUS,PSYCHIC
City,SPECIES_REVAVROOM,Revavroom,NATIONAL_DEX_REVAVROOM,STEEL/POISON
City,SPECIES_RIBOMBEE,Ribombee,NATIONAL_DEX_RIBOMBEE,BUG/FAIRY
City,SPECIES_RIOLU,Riolu,NATIONAL_DEX_RIOLU,FIGHTING
City,SPECIES_ROOKIDEE,Rookidee,NATIONAL_DEX_ROOKIDEE,FLYING
City,SPECIES_ROSELIA,Roselia,NATIONAL_DEX_ROSELIA,GRASS/POISON
City,SPECIES_ROSERADE,Roserade,NATIONAL_DEX_ROSERADE,GRASS/POISON
City,SPECIES_ROTOM_HEAT,Rotom,NATIONAL_DEX_ROTOM,ELECTRIC/FIRE
City,SPECIES_ROWLET,Rowlet,NATIONAL_DEX_ROWLET,GRASS/FLYING
City,SPECIES_RUFFLET,Rufflet,NATIONAL_DEX_RUFFLET,NORMAL/FLYING
City,SPECIES_RUNERIGUS,Runerigus,NATIONAL_DEX_RUNERIGUS,GROUND/GHOST
City,SPECIES_SABLEYE,Sableye,NATIONAL_DEX_SABLEYE,DARK/GHOST
City,SPECIES_SALAMENCE,Salamence,NATIONAL_DEX_SALAMENCE,DRAGON/FLYING
City,SPECIES_SALANDIT,Salandit,NATIONAL_DEX_SALANDIT,POISON/FIRE
City,SPECIES_SALAZZLE,Salazzle,NATIONAL_DEX_SALAZZLE,POISON/FIRE
City,SPECIES_SAMUROTT,Samurott,NATIONAL_DEX_SAMUROTT,WATER
City,SPECIES_SANDILE,Sandile,NATIONAL_DEX_SANDILE,GROUND/DARK
City,SPECIES_SANDYGAST,Sandygast,NATIONAL_DEX_SANDYGAST,GHOST/GROUND
City,SPECIES_SAWK,Sawk,NATIONAL_DEX_SAWK,FIGHTING
City,SPECIES_SAWSBUCK_SPRING,Sawsbuck,NATIONAL_DEX_SAWSBUCK,NORMAL/GRASS
City,SPECIES_SCATTERBUG,Scatterbug,NATIONAL_DEX_SCATTERBUG,BUG
City,SPECIES_SCIZOR,Scizor,NATIONAL_DEX_SCIZOR,BUG/STEEL
City,SPECIES_SCOLIPEDE,Scolipede,NATIONAL_DEX_SCOLIPEDE,BUG/POISON
City,SPECIES_SCRAFTY,Scrafty,NATIONAL_DEX_SCRAFTY,DARK/FIGHTING
City,SPECIES_SCRAGGY,Scraggy,NATIONAL_DEX_SCRAGGY,DARK/FIGHTING
City,SPECIES_SCYTHER,Scyther,NATIONAL_DEX_SCYTHER,BUG/FLYING
City,SPECIES_SEADRA,Seadra,NATIONAL_DEX_SEADRA,WATER
City,SPECIES_SEAKING,Seaking,NATIONAL_DEX_SEAKING,WATER
City,SPECIES_SEALEO,Sealeo,NATIONAL_DEX_SEALEO,ICE/WATER
City,SPECIES_SEEL,Seel,NATIONAL_DEX_SEEL,WATER
City,SPECIES_SEISMITOAD,Seismitoad,NATIONAL_DEX_SEISMITOAD,WATER/GROUND
City,SPECIES_SENTRET,Sentret,NATIONAL_DEX_SENTRET,NORMAL
City,SPECIES_SEVIPER,Seviper,NATIONAL_DEX_SEVIPER,POISON
City,SPECIES_SEWADDLE,Sewaddle,NATIONAL_DEX_SEWADDLE,BUG/GRASS
City,SPECIES_SHARPEDO,Sharpedo,NATIONAL_DEX_SHARPEDO,WATER/DARK
City,SPECIES_SHEDINJA,Shedinja,NATIONAL_DEX_SHEDINJA,BUG/GHOST
City,SPECIES_SHELLDER,Shellder,NATIONAL_DEX_SHELLDER,WATER
City,SPECIES_SHELLOS_WEST,Shellos,NATIONAL_DEX_SHELLOS,WATER
City,SPECIES_SHELMET,Shelmet,NATIONAL_DEX_SHELMET,BUG
City,SPECIES_SHIELDON,Shieldon,NATIONAL_DEX_SHIELDON,ROCK/STEEL
City,SPECIES_SHIFTRY,Shiftry,NATIONAL_DEX_SHIFTRY,GRASS/DARK
City,SPECIES_SHIINOTIC,Shiinotic,NATIONAL_DEX_SHIINOTIC,GRASS/FAIRY
City,SPECIES_SHINX,Shinx,NATIONAL_DEX_SHINX,ELECTRIC
City,SPECIES_SHROODLE,Shroodle,NATIONAL_DEX_SHROODLE,POISON/NORMAL
City,SPECIES_SHUCKLE,Shuckle,NATIONAL_DEX_SHUCKLE,BUG/ROCK
City,SPECIES_SHUPPET,Shuppet,NATIONAL_DEX_SHUPPET,GHOST
City,SPECIES_SIGILYPH,Sigilyph,NATIONAL_DEX_SIGILYPH,PSYCHIC/FLYING
City,SPECIES_SILCOON,Silcoon,NATIONAL_DEX_SILCOON,BUG
City,SPECIES_SIMIPOUR,Simipour,NATIONAL_DEX_SIMIPOUR,WATER
City,SPECIES_SINISTCHA_UNREMARKABLE,Sinistcha,NATIONAL_DEX_SINISTCHA,GRASS/GHOST
City,SPECIES_SINISTEA_PHONY,Sinistea,NATIONAL_DEX_SINISTEA,GHOST
City,SPECIES_SIRFETCHD,Sirfetch'd,NATIONAL_DEX_SIRFETCHD,FIGHTING
City,SPECIES_SIZZLIPEDE,Sizzlipede,NATIONAL_DEX_SIZZLIPEDE,FIRE/BUG
City,SPECIES_SKARMORY,Skarmory,NATIONAL_DEX_SKARMORY,STEEL/FLYING
City,SPECIES_SKELEDIRGE,Skeledirge,NATIONAL_DEX_SKELEDIRGE,FIRE/GHOST
City,SPECIES_SKIPLOOM,Skiploom,NATIONAL_DEX_SKIPLOOM,GRASS/FLYING
City,SPECIES_SKITTY,Skitty,NATIONAL_DEX_SKITTY,NORMAL
City,SPECIES_SKORUPI,Skorupi,NATIONAL_DEX_SKORUPI,POISON/BUG
City,SPECIES_SKRELP,Skrelp,NATIONAL_DEX_SKRELP,POISON/WATER
City,SPECIES_SKUNTANK,Skuntank,NATIONAL_DEX_SKUNTANK,POISON/DARK
City,SPECIES_SKWOVET,Skwovet,NATIONAL_DEX_SKWOVET,NORMAL
City,SPECIES_SLAKING,Slaking,NATIONAL_DEX_SLAKING,NORMAL
City,SPECIES_SLAKOTH,Slakoth,NATIONAL_DEX_SLAKOTH,NORMAL
City,SPECIES_SLOWBRO,Slowbro,NATIONAL_DEX_SLOWBRO,WATER/PSYCHIC
City,SPECIES_SLOWKING,Slowking,NATIONAL_DEX_SLOWKING,WATER/PSYCHIC
City,SPECIES_SLOWPOKE,Slowpoke,NATIONAL_DEX_SLOWPOKE,WATER/PSYCHIC
City,SPECIES_SLURPUFF,Slurpuff,NATIONAL_DEX_SLURPUFF,FAIRY
City,SPECIES_SMEARGLE,Smeargle,NATIONAL_DEX_SMEARGLE,NORMAL
City,SPECIES_SMOLIV,Smoliv,NATIONAL_DEX_SMOLIV,GRASS/NORMAL
City,SPECIES_SMOOCHUM,Smoochum,NATIONAL_DEX_SMOOCHUM,ICE/PSYCHIC
City,SPECIES_SNEASEL,Sneasel,NATIONAL_DEX_SNEASEL,DARK/ICE
City,SPECIES_SNEASLER,Sneasler,NATIONAL_DEX_SNEASLER,FIGHTING/POISON
City,SPECIES_SNOM,Snom,NATIONAL_DEX_SNOM,ICE/BUG
City,SPECIES_SNORLAX,Snorlax,NATIONAL_DEX_SNORLAX,NORMAL
City,SPECIES_SNUBBULL,Snubbull,NATIONAL_DEX_SNUBBULL,FAIRY
City,SPECIES_SOBBLE,Sobble,NATIONAL_DEX_SOBBLE,WATER
City,SPECIES_SOLOSIS,Solosis,NATIONAL_DEX_SOLOSIS,PSYCHIC
City,SPECIES_SOLROCK,Solrock,NATIONAL_DEX_SOLROCK,ROCK/PSYCHIC
City,SPECIES_SPEAROW,Spearow,NATIONAL_DEX_SPEAROW,NORMAL/FLYING
City,SPECIES_SPEWPA,Spewpa,NATIONAL_DEX_SPEWPA,BUG
City,SPECIES_SPHEAL,Spheal,NATIONAL_DEX_SPHEAL,ICE/WATER
City,SPECIES_SPIDOPS,Spidops,NATIONAL_DEX_SPIDOPS,BUG
City,SPECIES_SPINARAK,Spinarak,NATIONAL_DEX_SPINARAK,BUG/POISON
City,SPECIES_SPINDA,Spinda,NATIONAL_DEX_SPINDA,NORMAL
City,SPECIES_SPIRITOMB,Spiritomb,NATIONAL_DEX_SPIRITOMB,GHOST/DARK
City,SPECIES_SPOINK,Spoink,NATIONAL_DEX_SPOINK,PSYCHIC
City,SPECIES_SPRITZEE,Spritzee,NATIONAL_DEX_SPRITZEE,FAIRY
City,SPECIES_SQUAWKABILLY_GREEN,Squawkabilly,NATIONAL_DEX_SQUAWKABILLY,NORMAL/FLYING
City,SPECIES_SQUIRTLE,Squirtle,NATIONAL_DEX_SQUIRTLE,WATER
City,SPECIES_STANTLER,Stantler,NATIONAL_DEX_STANTLER,NORMAL
City,SPECIES_STARAPTOR,Staraptor,NATIONAL_DEX_STARAPTOR,NORMAL/FLYING
City,SPECIES_STARAVIA,Staravia,NATIONAL_DEX_STARAVIA,NORMAL/FLYING
City,SPECIES_STARLY,Starly,NATIONAL_DEX_STARLY,NORMAL/FLYING
City,SPECIES_STARMIE,Starmie,NATIONAL_DEX_STARMIE,WATER/PSYCHIC
City,SPECIES_STARYU,Staryu,NATIONAL_DEX_STARYU,WATER
City,SPECIES_STEELIX,Steelix,NATIONAL_DEX_STEELIX,STEEL/GROUND
City,SPECIES_STOUTLAND,Stoutland,NATIONAL_DEX_STOUTLAND,NORMAL
City,SPECIES_STUFFUL,Stufful,NATIONAL_DEX_STUFFUL,NORMAL/FIGHTING
City,SPECIES_STUNFISK,Stunfisk,NATIONAL_DEX_STUNFISK,GROUND/ELECTRIC
City,SPECIES_STUNKY,Stunky,NATIONAL_DEX_STUNKY,POISON/DARK
City,SPECIES_SURSKIT,Surskit,NATIONAL_DEX_SURSKIT,BUG/WATER
City,SPECIES_SWABLU,Swablu,NATIONAL_DEX_SWABLU,NORMAL/FLYING
City,SPECIES_SWADLOON,Swadloon,NATIONAL_DEX_SWADLOON,BUG/GRASS
City,SPECIES_SWALOT,Swalot,NATIONAL_DEX_SWALOT,POISON
City,SPECIES_SWAMPERT,Swampert,NATIONAL_DEX_SWAMPERT,WATER/GROUND
City,SPECIES_SWANNA,Swanna,NATIONAL_DEX_SWANNA,WATER/FLYING
City,SPECIES_SWELLOW,Swellow,NATIONAL_DEX_SWELLOW,NORMAL/FLYING
City,SPECIES_SWIRLIX,Swirlix,NATIONAL_DEX_SWIRLIX,FAIRY
City,SPECIES_SWOOBAT,Swoobat,NATIONAL_DEX_SWOOBAT,PSYCHIC/FLYING
City,SPECIES_SYLVEON,Sylveon,NATIONAL_DEX_SYLVEON,FAIRY
City,SPECIES_TADBULB,Tadbulb,NATIONAL_DEX_TADBULB,ELECTRIC
City,SPECIES_TAILLOW,Taillow,NATIONAL_DEX_TAILLOW,NORMAL/FLYING
City,SPECIES_TALONFLAME,Talonflame,NATIONAL_DEX_TALONFLAME,FIRE/FLYING
City,SPECIES_TANDEMAUS,Tandemaus,NATIONAL_DEX_TANDEMAUS,NORMAL
City,SPECIES_TAROUNTULA,Tarountula,NATIONAL_DEX_TAROUNTULA,BUG
City,SPECIES_TATSUGIRI_CURLY,Tatsugiri,NATIONAL_DEX_TATSUGIRI,DRAGON/WATER
City,SPECIES_TAUROS,Tauros,NATIONAL_DEX_TAUROS,NORMAL
City,SPECIES_TEDDIURSA,Teddiursa,NATIONAL_DEX_TEDDIURSA,NORMAL
City,SPECIES_TENTACOOL,Tentacool,NATIONAL_DEX_TENTACOOL,WATER/POISON
City,SPECIES_TENTACRUEL,Tentacruel,NATIONAL_DEX_TENTACRUEL,WATER/POISON
City,SPECIES_TERAPAGOS_NORMAL,Terapagos,NATIONAL_DEX_TERAPAGOS,NORMAL
City,SPECIES_THIEVUL,Thievul,NATIONAL_DEX_THIEVUL,DARK
City,SPECIES_THROH,Throh,NATIONAL_DEX_THROH,FIGHTING
City,SPECIES_THUNDURUS_INCARNATE,Thundurus,NATIONAL_DEX_THUNDURUS,ELECTRIC/FLYING
City,SPECIES_TIMBURR,Timburr,NATIONAL_DEX_TIMBURR,FIGHTING
City,SPECIES_TINKATINK,Tinkatink,NATIONAL_DEX_TINKATINK,FAIRY/STEEL
City,SPECIES_TINKATON,Tinkaton,NATIONAL_DEX_TINKATON,FAIRY/STEEL
City,SPECIES_TINKATUFF,Tinkatuff,NATIONAL_DEX_TINKATUFF,FAIRY/STEEL
City,SPECIES_TIRTOUGA,Tirtouga,NATIONAL_DEX_TIRTOUGA,WATER/ROCK
City,SPECIES_TOGEDEMARU,Togedemaru,NATIONAL_DEX_TOGEDEMARU,ELECTRIC/STEEL
City,SPECIES_TOGEKISS,Togekiss,NATIONAL_DEX_TOGEKISS,FLYING
City,SPECIES_TOGEPI,Togepi,NATIONAL_DEX_TOGEPI,FAIRY
City,SPECIES_TOGETIC,Togetic,NATIONAL_DEX_TOGETIC,FLYING
City,SPECIES_TORNADUS_INCARNATE,Tornadus,NATIONAL_DEX_TORNADUS,FLYING
City,SPECIES_TOTODILE,Totodile,NATIONAL_DEX_TOTODILE,WATER
City,SPECIES_TOUCANNON,Toucannon,NATIONAL_DEX_TOUCANNON,NORMAL/FLYING
City,SPECIES_TOXAPEX,Toxapex,NATIONAL_DEX_TOXAPEX,POISON/WATER
City,SPECIES_TOXEL,Toxel,NATIONAL_DEX_TOXEL,ELECTRIC/POISON
City,SPECIES_TOXICROAK,Toxicroak,NATIONAL_DEX_TOXICROAK,POISON/FIGHTING
City,SPECIES_TOXTRICITY_AMPED,Toxtricity,NATIONAL_DEX_TOXTRICITY,ELECTRIC/POISON
City,SPECIES_TRANQUILL,Tranquill,NATIONAL_DEX_TRANQUILL,NORMAL/FLYING
City,SPECIES_TREVENANT,Trevenant,NATIONAL_DEX_TREVENANT,GHOST/GRASS
City,SPECIES_TROPIUS,Tropius,NATIONAL_DEX_TROPIUS,GRASS/FLYING
City,SPECIES_TRUBBISH,Trubbish,NATIONAL_DEX_TRUBBISH,POISON
City,SPECIES_TRUMBEAK,Trumbeak,NATIONAL_DEX_TRUMBEAK,NORMAL/FLYING
City,SPECIES_TYMPOLE,Tympole,NATIONAL_DEX_TYMPOLE,WATER
City,SPECIES_TYNAMO,Tynamo,NATIONAL_DEX_TYNAMO,ELECTRIC
City,SPECIES_TYRANITAR,Tyranitar,NATIONAL_DEX_TYRANITAR,ROCK/DARK
City,SPECIES_TYROGUE,Tyrogue,NATIONAL_DEX_TYROGUE,FIGHTING
City,SPECIES_UMBREON,Umbreon,NATIONAL_DEX_UMBREON,DARK
City,SPECIES_UNFEZANT,Unfezant,NATIONAL_DEX_UNFEZANT,NORMAL/FLYING
City,SPECIES_UNOWN,Unown,NATIONAL_DEX_UNOWN,PSYCHIC
City,SPECIES_URSALUNA,Ursaluna,NATIONAL_DEX_URSALUNA,GROUND/NORMAL
City,SPECIES_URSARING,Ursaring,NATIONAL_DEX_URSARING,NORMAL
City,SPECIES_URSHIFU_SINGLE_STRIKE,Urshifu,NATIONAL_DEX_URSHIFU,FIGHTING/DARK
City,SPECIES_VAPOREON,Vaporeon,NATIONAL_DEX_VAPOREON,WATER
City,SPECIES_VAROOM,Varoom,NATIONAL_DEX_VAROOM,STEEL/POISON
City,SPECIES_VELUZA,Veluza,NATIONAL_DEX_VELUZA,WATER/PSYCHIC
City,SPECIES_VENIPEDE,Venipede,NATIONAL_DEX_VENIPEDE,BUG/POISON
City,SPECIES_VENOMOTH,Venomoth,NATIONAL_DEX_VENOMOTH,BUG/POISON
City,SPECIES_VENONAT,Venonat,NATIONAL_DEX_VENONAT,BUG/POISON
City,SPECIES_VENUSAUR,Venusaur,NATIONAL_DEX_VENUSAUR,GRASS/POISON
City,SPECIES_VESPIQUEN,Vespiquen,NATIONAL_DEX_VESPIQUEN,BUG/FLYING
City,SPECIES_VICTREEBEL,Victreebel,NATIONAL_DEX_VICTREEBEL,GRASS/POISON
City,SPECIES_VIGOROTH,Vigoroth,NATIONAL_DEX_VIGOROTH,NORMAL
City,SPECIES_VIKAVOLT,Vikavolt,NATIONAL_DEX_VIKAVOLT,BUG/ELECTRIC
City,SPECIES_VILEPLUME,Vileplume,NATIONAL_DEX_VILEPLUME,GRASS/POISON
City,SPECIES_VIVILLON,Vivillon,NATIONAL_DEX_VIVILLON,BUG/FLYING
City,SPECIES_VOLBEAT,Volbeat,NATIONAL_DEX_VOLBEAT,BUG
City,SPECIES_VOLCARONA,Volcarona,NATIONAL_DEX_VOLCARONA,BUG/FIRE
City,SPECIES_VOLTORB,Voltorb,NATIONAL_DEX_VOLTORB,ELECTRIC
City,SPECIES_VULLABY,Vullaby,NATIONAL_DEX_VULLABY,DARK/FLYING
City,SPECIES_WAILMER,Wailmer,NATIONAL_DEX_WAILMER,WATER
City,SPECIES_WAILORD,Wailord,NATIONAL_DEX_WAILORD,WATER
City,SPECIES_WALREIN,Walrein,NATIONAL_DEX_WALREIN,ICE/WATER
City,SPECIES_WARTORTLE,Wartortle,NATIONAL_DEX_WARTORTLE,WATER
City,SPECIES_WATCHOG,Watchog,NATIONAL_DEX_WATCHOG,NORMAL
City,SPECIES_WATTREL,Wattrel,NATIONAL_DEX_WATTREL,ELECTRIC/FLYING
City,SPECIES_WEAVILE,Weavile,NATIONAL_DEX_WEAVILE,DARK/ICE
City,SPECIES_WEEDLE,Weedle,NATIONAL_DEX_WEEDLE,BUG/POISON
City,SPECIES_WEEPINBELL,Weepinbell,NATIONAL_DEX_WEEPINBELL,GRASS/POISON
City,SPECIES_WEEZING,Weezing,NATIONAL_DEX_WEEZING,POISON
City,SPECIES_WHIRLIPEDE,Whirlipede,NATIONAL_DEX_WHIRLIPEDE,BUG/POISON
City,SPECIES_WHISCASH,Whiscash,NATIONAL_DEX_WHISCASH,WATER/GROUND
City,SPECIES_WHISMUR,Whismur,NATIONAL_DEX_WHISMUR,NORMAL
City,SPECIES_WIGGLYTUFF,Wigglytuff,NATIONAL_DEX_WIGGLYTUFF,NORMAL/FAIRY
City,SPECIES_WIGLETT,Wiglett,NATIONAL_DEX_WIGLETT,WATER
City,SPECIES_WIMPOD,Wimpod,NATIONAL_DEX_WIMPOD,BUG/WATER
City,SPECIES_WINGULL,Wingull,NATIONAL_DEX_WINGULL,WATER/FLYING
City,SPECIES_WISHIWASHI_SOLO,Wishiwashi,NATIONAL_DEX_WISHIWASHI,WATER
City,SPECIES_WOBBUFFET,Wobbuffet,NATIONAL_DEX_WOBBUFFET,PSYCHIC
City,SPECIES_WOOBAT,Woobat,NATIONAL_DEX_WOOBAT,PSYCHIC/FLYING
City,SPECIES_WOOLOO,Wooloo,NATIONAL_DEX_WOOLOO,NORMAL
City,SPECIES_WOOPER,Wooper,NATIONAL_DEX_WOOPER,WATER/GROUND
City,SPECIES_WORMADAM_PLANT,Wormadam,NATIONAL_DEX_WORMADAM,BUG/GRASS
City,SPECIES_WUGTRIO,Wugtrio,NATIONAL_DEX_WUGTRIO,WATER
City,SPECIES_WURMPLE,Wurmple,NATIONAL_DEX_WURMPLE,BUG
City,SPECIES_WYNAUT,Wynaut,NATIONAL_DEX_WYNAUT,PSYCHIC
City,SPECIES_WYRDEER,Wyrdeer,NATIONAL_DEX_WYRDEER,NORMAL/PSYCHIC
City,SPECIES_XATU,Xatu,NATIONAL_DEX_XATU,PSYCHIC/FLYING
City,SPECIES_XERNEAS_NEUTRAL,Xerneas,NATIONAL_DEX_XERNEAS,FAIRY
City,SPECIES_YAMASK,Yamask,NATIONAL_DEX_YAMASK,GHOST
City,SPECIES_YAMPER,Yamper,NATIONAL_DEX_YAMPER,ELECTRIC
City,SPECIES_YANMA,Yanma,NATIONAL_DEX_YANMA,BUG/FLYING
City,SPECIES_YANMEGA,Yanmega,NATIONAL_DEX_YANMEGA,BUG/FLYING
City,SPECIES_YUNGOOS,Yungoos,NATIONAL_DEX_YUNGOOS,NORMAL
City,SPECIES_ZACIAN_HERO,Zacian,NATIONAL_DEX_ZACIAN,FAIRY
City,SPECIES_ZAMAZENTA_HERO,Zamazenta,NATIONAL_DEX_ZAMAZENTA,FIGHTING
City,SPECIES_ZANGOOSE,Zangoose,NATIONAL_DEX_ZANGOOSE,NORMAL
City,SPECIES_ZEBSTRIKA,Zebstrika,NATIONAL_DEX_ZEBSTRIKA,ELECTRIC
City,SPECIES_ZIGZAGOON,Zigzagoon,NATIONAL_DEX_ZIGZAGOON,NORMAL
City,SPECIES_ZOROARK,Zoroark,NATIONAL_DEX_ZOROARK,DARK
City,SPECIES_ZORUA,Zorua,NATIONAL_DEX_ZORUA,DARK
City,SPECIES_ZUBAT,Zubat,NATIONAL_DEX_ZUBAT,POISON/FLYING
City,SPECIES_ZWEILOUS,Zweilous,NATIONAL_DEX_ZWEILOUS,DARK/DRAGON
Grassland,SPECIES_ABOMASNOW,Abomasnow,NATIONAL_DEX_ABOMASNOW,GRASS/ICE
Grassland,SPECIES_ACCELGOR,Accelgor,NATIONAL_DEX_ACCELGOR,BUG
Grassland,SPECIES_AERODACTYL,Aerodactyl,NATIONAL_DEX_AERODACTYL,ROCK/FLYING
Grassland,SPECIES_AIPOM,Aipom,NATIONAL_DEX_AIPOM,NORMAL
Grassland,SPECIES_ALCREMIE,Alcremie,NATIONAL_DEX_ALCREMIE,FAIRY
Grassland,SPECIES_ALTARIA,Altaria,NATIONAL_DEX_ALTARIA,DRAGON/FLYING
Grassland,SPECIES_AMBIPOM,Ambipom,NATIONAL_DEX_AMBIPOM,NORMAL
Grassland,SPECIES_AMOONGUSS,Amoonguss,NATIONAL_DEX_AMOONGUSS,GRASS/POISON
Grassland,SPECIES_AMPHAROS,Ampharos,NATIONAL_DEX_AMPHAROS,ELECTRIC
Grassland,SPECIES_ANNIHILAPE,Annihilape,NATIONAL_DEX_ANNIHILAPE,FIGHTING/GHOST
Grassland,SPECIES_ANORITH,Anorith,NATIONAL_DEX_ANORITH,ROCK/BUG
Grassland,SPECIES_APPLETUN,Appletun,NATIONAL_DEX_APPLETUN,GRASS/DRAGON
Grassland,SPECIES_APPLIN,Applin,NATIONAL_DEX_APPLIN,GRASS/DRAGON
Grassland,SPECIES_ARAQUANID,Araquanid,NATIONAL_DEX_ARAQUANID,WATER/BUG
Grassland,SPECIES_ARBOLIVA,Arboliva,NATIONAL_DEX_ARBOLIVA,GRASS/NORMAL
Grassland,SPECIES_ARCHEN,Archen,NATIONAL_DEX_ARCHEN,ROCK/FLYING
Grassland,SPECIES_ARCHEOPS,Archeops,NATIONAL_DEX_ARCHEOPS,ROCK/FLYING
Grassland,SPECIES_ARCTOZOLT,Arctozolt,NATIONAL_DEX_ARCTOZOLT,ELECTRIC/ICE
Grassland,SPECIES_ARIADOS,Ariados,NATIONAL_DEX_ARIADOS,BUG/POISON
Grassland,SPECIES_ARMALDO,Armaldo,NATIONAL_DEX_ARMALDO,ROCK/BUG
Grassland,SPECIES_AROMATISSE,Aromatisse,NATIONAL_DEX_AROMATISSE,FAIRY
Grassland,SPECIES_AUDINO,Audino,NATIONAL_DEX_AUDINO,NORMAL
Grassland,SPECIES_AZUMARILL,Azumarill,NATIONAL_DEX_AZUMARILL,WATER/FAIRY
Grassland,SPECIES_AZURILL,Azurill,NATIONAL_DEX_AZURILL,NORMAL/FAIRY
Grassland,SPECIES_BAYLEEF,Bayleef,NATIONAL_DEX_BAYLEEF,GRASS
Grassland,SPECIES_BEAUTIFLY,Beautifly,NATIONAL_DEX_BEAUTIFLY,BUG/FLYING
Grassland,SPECIES_BEEDRILL,Beedrill,NATIONAL_DEX_BEEDRILL,BUG/POISON
Grassland,SPECIES_BELLIBOLT,Bellibolt,NATIONAL_DEX_BELLIBOLT,ELECTRIC
Grassland,SPECIES_BELLOSSOM,Bellossom,NATIONAL_DEX_BELLOSSOM,GRASS
Grassland,SPECIES_BELLSPROUT,Bellsprout,NATIONAL_DEX_BELLSPROUT,GRASS/POISON
Grassland,SPECIES_BEWEAR,Bewear,NATIONAL_DEX_BEWEAR,NORMAL/FIGHTING
Grassland,SPECIES_BIBAREL,Bibarel,NATIONAL_DEX_BIBAREL,NORMAL/WATER
Grassland,SPECIES_BIDOOF,Bidoof,NATIONAL_DEX_BIDOOF,NORMAL
Grassland,SPECIES_BLAZIKEN,Blaziken,NATIONAL_DEX_BLAZIKEN,FIRE/FIGHTING
Grassland,SPECIES_BLIPBUG,Blipbug,NATIONAL_DEX_BLIPBUG,BUG
Grassland,SPECIES_BLISSEY,Blissey,NATIONAL_DEX_BLISSEY,NORMAL
Grassland,SPECIES_BLITZLE,Blitzle,NATIONAL_DEX_BLITZLE,ELECTRIC
Grassland,SPECIES_BOLTUND,Boltund,NATIONAL_DEX_BOLTUND,ELECTRIC
Grassland,SPECIES_BOMBIRDIER,Bombirdier,NATIONAL_DEX_BOMBIRDIER,FLYING/DARK
Grassland,SPECIES_BOUFFALANT,Bouffalant,NATIONAL_DEX_BOUFFALANT,NORMAL
Grassland,SPECIES_BOUNSWEET,Bounsweet,NATIONAL_DEX_BOUNSWEET,GRASS
Grassland,SPECIES_BRAMBLEGHAST,Brambleghast,NATIONAL_DEX_BRAMBLEGHAST,GRASS/GHOST
Grassland,SPECIES_BRAMBLIN,Bramblin,NATIONAL_DEX_BRAMBLIN,GRASS/GHOST
Grassland,SPECIES_BRAVIARY,Braviary,NATIONAL_DEX_BRAVIARY,NORMAL/FLYING
Grassland,SPECIES_BRELOOM,Breloom,NATIONAL_DEX_BRELOOM,GRASS/FIGHTING
Grassland,SPECIES_BUDEW,Budew,NATIONAL_DEX_BUDEW,GRASS/POISON
Grassland,SPECIES_BULBASAUR,Bulbasaur,NATIONAL_DEX_BULBASAUR,GRASS/POISON
Grassland,SPECIES_BUNEARY,Buneary,NATIONAL_DEX_BUNEARY,NORMAL
Grassland,SPECIES_BUNNELBY,Bunnelby,NATIONAL_DEX_BUNNELBY,NORMAL
Grassland,SPECIES_BURMY_PLANT,Burmy,NATIONAL_DEX_BURMY,BUG
Grassland,SPECIES_BUTTERFREE,Butterfree,NATIONAL_DEX_BUTTERFREE,BUG/FLYING
Grassland,SPECIES_CACNEA,Cacnea,NATIONAL_DEX_CACNEA,GRASS
Grassland,SPECIES_CACTURNE,Cacturne,NATIONAL_DEX_CACTURNE,GRASS/DARK
Grassland,SPECIES_CAPSAKID,Capsakid,NATIONAL_DEX_CAPSAKID,GRASS
Grassland,SPECIES_CARBINK,Carbink,NATIONAL_DEX_CARBINK,ROCK/FAIRY
Grassland,SPECIES_CARNIVINE,Carnivine,NATIONAL_DEX_CARNIVINE,GRASS
Grassland,SPECIES_CASCOON,Cascoon,NATIONAL_DEX_CASCOON,BUG
Grassland,SPECIES_CASTFORM_NORMAL,Castform,NATIONAL_DEX_CASTFORM,NORMAL
Grassland,SPECIES_CATERPIE,Caterpie,NATIONAL_DEX_CATERPIE,BUG
Grassland,SPECIES_CENTISKORCH,Centiskorch,NATIONAL_DEX_CENTISKORCH,FIRE/BUG
Grassland,SPECIES_CHANSEY,Chansey,NATIONAL_DEX_CHANSEY,NORMAL
Grassland,SPECIES_CHARIZARD,Charizard,NATIONAL_DEX_CHARIZARD,FIRE/FLYING
Grassland,SPECIES_CHARJABUG,Charjabug,NATIONAL_DEX_CHARJABUG,BUG/ELECTRIC
Grassland,SPECIES_CHATOT,Chatot,NATIONAL_DEX_CHATOT,NORMAL/FLYING
Grassland,SPECIES_CHERRIM_OVERCAST,Cherrim,NATIONAL_DEX_CHERRIM,GRASS
Grassland,SPECIES_CHERUBI,Cherubi,NATIONAL_DEX_CHERUBI,GRASS
Grassland,SPECIES_CHESNAUGHT,Chesnaught,NATIONAL_DEX_CHESNAUGHT,GRASS/FIGHTING
Grassland,SPECIES_CHESPIN,Chespin,NATIONAL_DEX_CHESPIN,GRASS
Grassland,SPECIES_CHIKORITA,Chikorita,NATIONAL_DEX_CHIKORITA,GRASS
Grassland,SPECIES_CHINCHOU,Chinchou,NATIONAL_DEX_CHINCHOU,WATER/ELECTRIC
Grassland,SPECIES_CINCCINO,Cinccino,NATIONAL_DEX_CINCCINO,NORMAL
Grassland,SPECIES_CLEFABLE_MEGA,Clefable,NATIONAL_DEX_CLEFABLE,FAIRY/FLYING
Grassland,SPECIES_CLEFAIRY,Clefairy,NATIONAL_DEX_CLEFAIRY,FAIRY
Grassland,SPECIES_CLEFFA,Cleffa,NATIONAL_DEX_CLEFFA,FAIRY
Grassland,SPECIES_CLOBBOPUS,Clobbopus,NATIONAL_DEX_CLOBBOPUS,FIGHTING
Grassland,SPECIES_COMBEE,Combee,NATIONAL_DEX_COMBEE,BUG/FLYING
Grassland,SPECIES_COMBUSKEN,Combusken,NATIONAL_DEX_COMBUSKEN,FIRE/FIGHTING
Grassland,SPECIES_COMFEY,Comfey,NATIONAL_DEX_COMFEY,FAIRY
Grassland,SPECIES_CONKELDURR,Conkeldurr,NATIONAL_DEX_CONKELDURR,FIGHTING
Grassland,SPECIES_CORVIKNIGHT,Corviknight,NATIONAL_DEX_CORVIKNIGHT,FLYING/STEEL
Grassland,SPECIES_CORVISQUIRE,Corvisquire,NATIONAL_DEX_CORVISQUIRE,FLYING
Grassland,SPECIES_COTTONEE,Cottonee,NATIONAL_DEX_COTTONEE,GRASS
Grassland,SPECIES_CRABOMINABLE,Crabominable,NATIONAL_DEX_CRABOMINABLE,FIGHTING/ICE
Grassland,SPECIES_CRABRAWLER,Crabrawler,NATIONAL_DEX_CRABRAWLER,FIGHTING
Grassland,SPECIES_CRADILY,Cradily,NATIONAL_DEX_CRADILY,ROCK/GRASS
Grassland,SPECIES_CRAMORANT,Cramorant,NATIONAL_DEX_CRAMORANT,FLYING/WATER
Grassland,SPECIES_CROAGUNK,Croagunk,NATIONAL_DEX_CROAGUNK,POISON/FIGHTING
Grassland,SPECIES_CROBAT,Crobat,NATIONAL_DEX_CROBAT,POISON/FLYING
Grassland,SPECIES_CRUSTLE,Crustle,NATIONAL_DEX_CRUSTLE,BUG/ROCK
Grassland,SPECIES_CUTIEFLY,Cutiefly,NATIONAL_DEX_CUTIEFLY,BUG/FAIRY
Grassland,SPECIES_CYCLIZAR,Cyclizar,NATIONAL_DEX_CYCLIZAR,DRAGON/NORMAL
Grassland,SPECIES_DACHSBUN,Dachsbun,NATIONAL_DEX_DACHSBUN,FAIRY
Grassland,SPECIES_DARTRIX,Dartrix,NATIONAL_DEX_DARTRIX,GRASS/FLYING
Grassland,SPECIES_DECIDUEYE,Decidueye,NATIONAL_DEX_DECIDUEYE,GRASS/GHOST
Grassland,SPECIES_DEDENNE,Dedenne,NATIONAL_DEX_DEDENNE,ELECTRIC/FAIRY
Grassland,SPECIES_DEERLING_SPRING,Deerling,NATIONAL_DEX_DEERLING,NORMAL/GRASS
Grassland,SPECIES_DELCATTY,Delcatty,NATIONAL_DEX_DELCATTY,NORMAL
Grassland,SPECIES_DELIBIRD,Delibird,NATIONAL_DEX_DELIBIRD,ICE/FLYING
Grassland,SPECIES_DEWPIDER,Dewpider,NATIONAL_DEX_DEWPIDER,WATER/BUG
Grassland,SPECIES_DHELMISE,Dhelmise,NATIONAL_DEX_DHELMISE,GHOST/GRASS
Grassland,SPECIES_DIGGERSBY,Diggersby,NATIONAL_DEX_DIGGERSBY,NORMAL/GROUND
Grassland,SPECIES_DIPPLIN,Dipplin,NATIONAL_DEX_DIPPLIN,GRASS/DRAGON
Grassland,SPECIES_DITTO,Ditto,NATIONAL_DEX_DITTO,NORMAL
Grassland,SPECIES_DODRIO,Dodrio,NATIONAL_DEX_DODRIO,NORMAL/FLYING
Grassland,SPECIES_DODUO,Doduo,NATIONAL_DEX_DODUO,NORMAL/FLYING
Grassland,SPECIES_DOLLIV,Dolliv,NATIONAL_DEX_DOLLIV,GRASS/NORMAL
Grassland,SPECIES_DOTTLER,Dottler,NATIONAL_DEX_DOTTLER,BUG/PSYCHIC
Grassland,SPECIES_DRACOZOLT,Dracozolt,NATIONAL_DEX_DRACOZOLT,ELECTRIC/DRAGON
Grassland,SPECIES_DRAGONITE,Dragonite,NATIONAL_DEX_DRAGONITE,DRAGON/FLYING
Grassland,SPECIES_DRAMPA,Drampa,NATIONAL_DEX_DRAMPA,NORMAL/DRAGON
Grassland,SPECIES_DRIFBLIM,Drifblim,NATIONAL_DEX_DRIFBLIM,GHOST/FLYING
Grassland,SPECIES_DRIFLOON,Drifloon,NATIONAL_DEX_DRIFLOON,GHOST/FLYING
Grassland,SPECIES_DUBWOOL,Dubwool,NATIONAL_DEX_DUBWOOL,NORMAL
Grassland,SPECIES_DUCKLETT,Ducklett,NATIONAL_DEX_DUCKLETT,WATER/FLYING
Grassland,SPECIES_DUDUNSPARCE_TWO_SEGMENT,Dudunsparce,NATIONAL_DEX_DUDUNSPARCE,NORMAL
Grassland,SPECIES_DUNSPARCE,Dunsparce,NATIONAL_DEX_DUNSPARCE,NORMAL
Grassland,SPECIES_DURANT,Durant,NATIONAL_DEX_DURANT,BUG/STEEL
Grassland,SPECIES_DUSTOX,Dustox,NATIONAL_DEX_DUSTOX,BUG/POISON
Grassland,SPECIES_DWEBBLE,Dwebble,NATIONAL_DEX_DWEBBLE,BUG/ROCK
Grassland,SPECIES_EELEKTRIK,Eelektrik,NATIONAL_DEX_EELEKTRIK,ELECTRIC
Grassland,SPECIES_EELEKTROSS,Eelektross,NATIONAL_DEX_EELEKTROSS,ELECTRIC
Grassland,SPECIES_EEVEE,Eevee,NATIONAL_DEX_EEVEE,NORMAL
Grassland,SPECIES_ELDEGOSS,Eldegoss,NATIONAL_DEX_ELDEGOSS,GRASS
Grassland,SPECIES_ELECTABUZZ,Electabuzz,NATIONAL_DEX_ELECTABUZZ,ELECTRIC
Grassland,SPECIES_ELECTIVIRE,Electivire,NATIONAL_DEX_ELECTIVIRE,ELECTRIC
Grassland,SPECIES_ELECTRIKE,Electrike,NATIONAL_DEX_ELECTRIKE,ELECTRIC
Grassland,SPECIES_ELECTRODE,Electrode,NATIONAL_DEX_ELECTRODE,ELECTRIC
Grassland,SPECIES_ELEKID,Elekid,NATIONAL_DEX_ELEKID,ELECTRIC
Grassland,SPECIES_EMBOAR,Emboar,NATIONAL_DEX_EMBOAR,FIRE/FIGHTING
Grassland,SPECIES_EMOLGA,Emolga,NATIONAL_DEX_EMOLGA,ELECTRIC/FLYING
Grassland,SPECIES_ENAMORUS_INCARNATE,Enamorus,NATIONAL_DEX_ENAMORUS,FAIRY/FLYING
Grassland,SPECIES_ESCAVALIER,Escavalier,NATIONAL_DEX_ESCAVALIER,BUG/STEEL
Grassland,SPECIES_EXEGGCUTE,Exeggcute,NATIONAL_DEX_EXEGGCUTE,GRASS/PSYCHIC
Grassland,SPECIES_EXEGGUTOR,Exeggutor,NATIONAL_DEX_EXEGGUTOR,GRASS/PSYCHIC
Grassland,SPECIES_EXPLOUD,Exploud,NATIONAL_DEX_EXPLOUD,NORMAL
Grassland,SPECIES_FALINKS,Falinks,NATIONAL_DEX_FALINKS,FIGHTING
Grassland,SPECIES_FARFETCHD,Farfetch'd,NATIONAL_DEX_FARFETCHD,NORMAL/FLYING
Grassland,SPECIES_FARIGIRAF,Farigiraf,NATIONAL_DEX_FARIGIRAF,NORMAL/PSYCHIC
Grassland,SPECIES_FEAROW,Fearow,NATIONAL_DEX_FEAROW,NORMAL/FLYING
Grassland,SPECIES_FERROSEED,Ferroseed,NATIONAL_DEX_FERROSEED,GRASS/STEEL
Grassland,SPECIES_FERROTHORN,Ferrothorn,NATIONAL_DEX_FERROTHORN,GRASS/STEEL
Grassland,SPECIES_FEZANDIPITI,Fezandipiti,NATIONAL_DEX_FEZANDIPITI,POISON/FAIRY
Grassland,SPECIES_FIDOUGH,Fidough,NATIONAL_DEX_FIDOUGH,FAIRY
Grassland,SPECIES_FLAAFFY,Flaaffy,NATIONAL_DEX_FLAAFFY,ELECTRIC
Grassland,SPECIES_FLABEBE,Flabébé,NATIONAL_DEX_FLABEBE,FAIRY
Grassland,SPECIES_FLAMIGO,Flamigo,NATIONAL_DEX_FLAMIGO,FLYING/FIGHTING
Grassland,SPECIES_FLAPPLE,Flapple,NATIONAL_DEX_FLAPPLE,GRASS/DRAGON
Grassland,SPECIES_FLETCHINDER,Fletchinder,NATIONAL_DEX_FLETCHINDER,FIRE/FLYING
Grassland,SPECIES_FLETCHLING,Fletchling,NATIONAL_DEX_FLETCHLING,NORMAL/FLYING
Grassland,SPECIES_FLOETTE_MEGA,Floette,NATIONAL_DEX_FLOETTE,FAIRY
Grassland,SPECIES_FLORAGATO,Floragato,NATIONAL_DEX_FLORAGATO,GRASS
Grassland,SPECIES_FLORGES,Florges,NATIONAL_DEX_FLORGES,FAIRY
Grassland,SPECIES_FOMANTIS,Fomantis,NATIONAL_DEX_FOMANTIS,GRASS
Grassland,SPECIES_FOONGUS,Foongus,NATIONAL_DEX_FOONGUS,GRASS/POISON
Grassland,SPECIES_FORRETRESS,Forretress,NATIONAL_DEX_FORRETRESS,BUG/STEEL
Grassland,SPECIES_FROSMOTH,Frosmoth,NATIONAL_DEX_FROSMOTH,ICE/BUG
Grassland,SPECIES_FURFROU,Furfrou,NATIONAL_DEX_FURFROU,NORMAL
Grassland,SPECIES_FURRET,Furret,NATIONAL_DEX_FURRET,NORMAL
Grassland,SPECIES_GALLADE,Gallade,NATIONAL_DEX_GALLADE,PSYCHIC/FIGHTING
Grassland,SPECIES_GALVANTULA,Galvantula,NATIONAL_DEX_GALVANTULA,BUG/ELECTRIC
Grassland,SPECIES_GIRAFARIG,Girafarig,NATIONAL_DEX_GIRAFARIG,NORMAL/PSYCHIC
Grassland,SPECIES_GLAMEOW,Glameow,NATIONAL_DEX_GLAMEOW,NORMAL
Grassland,SPECIES_GLIGAR,Gligar,NATIONAL_DEX_GLIGAR,GROUND/FLYING
Grassland,SPECIES_GLISCOR,Gliscor,NATIONAL_DEX_GLISCOR,GROUND/FLYING
Grassland,SPECIES_GLOOM,Gloom,NATIONAL_DEX_GLOOM,GRASS/POISON
Grassland,SPECIES_GOGOAT,Gogoat,NATIONAL_DEX_GOGOAT,GRASS
Grassland,SPECIES_GOLBAT,Golbat,NATIONAL_DEX_GOLBAT,POISON/FLYING
Grassland,SPECIES_GOLISOPOD,Golisopod,NATIONAL_DEX_GOLISOPOD,BUG/WATER
Grassland,SPECIES_GOSSIFLEUR,Gossifleur,NATIONAL_DEX_GOSSIFLEUR,GRASS
Grassland,SPECIES_GOURGEIST_AVERAGE,Gourgeist,NATIONAL_DEX_GOURGEIST,GHOST/GRASS
Grassland,SPECIES_GRAFAIAI,Grafaiai,NATIONAL_DEX_GRAFAIAI,POISON/NORMAL
Grassland,SPECIES_GRANBULL,Granbull,NATIONAL_DEX_GRANBULL,FAIRY
Grassland,SPECIES_GRAPPLOCT,Grapploct,NATIONAL_DEX_GRAPPLOCT,FIGHTING
Grassland,SPECIES_GREEDENT,Greedent,NATIONAL_DEX_GREEDENT,NORMAL
Grassland,SPECIES_GRIMMSNARL,Grimmsnarl,NATIONAL_DEX_GRIMMSNARL,DARK/FAIRY
Grassland,SPECIES_GROOKEY,Grookey,NATIONAL_DEX_GROOKEY,GRASS
Grassland,SPECIES_GROTLE,Grotle,NATIONAL_DEX_GROTLE,GRASS
Grassland,SPECIES_GROVYLE,Grovyle,NATIONAL_DEX_GROVYLE,GRASS
Grassland,SPECIES_GRUBBIN,Grubbin,NATIONAL_DEX_GRUBBIN,BUG
Grassland,SPECIES_GUMSHOOS,Gumshoos,NATIONAL_DEX_GUMSHOOS,NORMAL
Grassland,SPECIES_GURDURR,Gurdurr,NATIONAL_DEX_GURDURR,FIGHTING
Grassland,SPECIES_GYARADOS,Gyarados,NATIONAL_DEX_GYARADOS,WATER/FLYING
Grassland,SPECIES_HAKAMO_O,Hakamo-o,NATIONAL_DEX_HAKAMO_O,DRAGON/FIGHTING
Grassland,SPECIES_HAPPINY,Happiny,NATIONAL_DEX_HAPPINY,NORMAL
Grassland,SPECIES_HARIYAMA,Hariyama,NATIONAL_DEX_HARIYAMA,FIGHTING
Grassland,SPECIES_HATTERENE,Hatterene,NATIONAL_DEX_HATTERENE,PSYCHIC/FAIRY
Grassland,SPECIES_HAWLUCHA,Hawlucha,NATIONAL_DEX_HAWLUCHA,FIGHTING/FLYING
Grassland,SPECIES_HELIOLISK,Heliolisk,NATIONAL_DEX_HELIOLISK,ELECTRIC/NORMAL
Grassland,SPECIES_HELIOPTILE,Helioptile,NATIONAL_DEX_HELIOPTILE,ELECTRIC/NORMAL
Grassland,SPECIES_HERACROSS,Heracross,NATIONAL_DEX_HERACROSS,BUG/FIGHTING
Grassland,SPECIES_HERDIER,Herdier,NATIONAL_DEX_HERDIER,NORMAL
Grassland,SPECIES_HITMONCHAN,Hitmonchan,NATIONAL_DEX_HITMONCHAN,FIGHTING
Grassland,SPECIES_HITMONLEE,Hitmonlee,NATIONAL_DEX_HITMONLEE,FIGHTING
Grassland,SPECIES_HITMONTOP,Hitmontop,NATIONAL_DEX_HITMONTOP,FIGHTING
Grassland,SPECIES_HONCHKROW,Honchkrow,NATIONAL_DEX_HONCHKROW,DARK/FLYING
Grassland,SPECIES_HOOTHOOT,Hoothoot,NATIONAL_DEX_HOOTHOOT,NORMAL/FLYING
Grassland,SPECIES_HOPPIP,Hoppip,NATIONAL_DEX_HOPPIP,GRASS/FLYING
Grassland,SPECIES_HYDRAPPLE,Hydrapple,NATIONAL_DEX_HYDRAPPLE,GRASS/DRAGON
Grassland,SPECIES_IGGLYBUFF,Igglybuff,NATIONAL_DEX_IGGLYBUFF,NORMAL/FAIRY
Grassland,SPECIES_ILLUMISE,Illumise,NATIONAL_DEX_ILLUMISE,BUG
Grassland,SPECIES_IMPIDIMP,Impidimp,NATIONAL_DEX_IMPIDIMP,DARK/FAIRY
Grassland,SPECIES_INDEEDEE_M,Indeedee,NATIONAL_DEX_INDEEDEE,PSYCHIC/NORMAL
Grassland,SPECIES_INFERNAPE,Infernape,NATIONAL_DEX_INFERNAPE,FIRE/FIGHTING
Grassland,SPECIES_IVYSAUR,Ivysaur,NATIONAL_DEX_IVYSAUR,GRASS/POISON
Grassland,SPECIES_JIGGLYPUFF,Jigglypuff,NATIONAL_DEX_JIGGLYPUFF,NORMAL/FAIRY
Grassland,SPECIES_JOLTEON,Jolteon,NATIONAL_DEX_JOLTEON,ELECTRIC
Grassland,SPECIES_JOLTIK,Joltik,NATIONAL_DEX_JOLTIK,BUG/ELECTRIC
Grassland,SPECIES_JUMPLUFF,Jumpluff,NATIONAL_DEX_JUMPLUFF,GRASS/FLYING
Grassland,SPECIES_KAKUNA,Kakuna,NATIONAL_DEX_KAKUNA,BUG/POISON
Grassland,SPECIES_KANGASKHAN,Kangaskhan,NATIONAL_DEX_KANGASKHAN,NORMAL
Grassland,SPECIES_KARRABLAST,Karrablast,NATIONAL_DEX_KARRABLAST,BUG
Grassland,SPECIES_KECLEON,Kecleon,NATIONAL_DEX_KECLEON,NORMAL
Grassland,SPECIES_KILOWATTREL,Kilowattrel,NATIONAL_DEX_KILOWATTREL,ELECTRIC/FLYING
Grassland,SPECIES_KLEAVOR,Kleavor,NATIONAL_DEX_KLEAVOR,BUG/ROCK
Grassland,SPECIES_KLEFKI,Klefki,NATIONAL_DEX_KLEFKI,STEEL/FAIRY
Grassland,SPECIES_KOMALA,Komala,NATIONAL_DEX_KOMALA,NORMAL
Grassland,SPECIES_KOMMO_O,Kommo-o,NATIONAL_DEX_KOMMO_O,DRAGON/FIGHTING
Grassland,SPECIES_KRICKETOT,Kricketot,NATIONAL_DEX_KRICKETOT,BUG
Grassland,SPECIES_KRICKETUNE,Kricketune,NATIONAL_DEX_KRICKETUNE,BUG
Grassland,SPECIES_LANDORUS_INCARNATE,Landorus,NATIONAL_DEX_LANDORUS,GROUND/FLYING
Grassland,SPECIES_LANTURN,Lanturn,NATIONAL_DEX_LANTURN,WATER/ELECTRIC
Grassland,SPECIES_LARVESTA,Larvesta,NATIONAL_DEX_LARVESTA,BUG/FIRE
Grassland,SPECIES_LEAFEON,Leafeon,NATIONAL_DEX_LEAFEON,GRASS
Grassland,SPECIES_LEAVANNY,Leavanny,NATIONAL_DEX_LEAVANNY,BUG/GRASS
Grassland,SPECIES_LECHONK,Lechonk,NATIONAL_DEX_LECHONK,NORMAL
Grassland,SPECIES_LEDIAN,Ledian,NATIONAL_DEX_LEDIAN,BUG/FLYING
Grassland,SPECIES_LEDYBA,Ledyba,NATIONAL_DEX_LEDYBA,BUG/FLYING
Grassland,SPECIES_LICKILICKY,Lickilicky,NATIONAL_DEX_LICKILICKY,NORMAL
Grassland,SPECIES_LICKITUNG,Lickitung,NATIONAL_DEX_LICKITUNG,NORMAL
Grassland,SPECIES_LILEEP,Lileep,NATIONAL_DEX_LILEEP,ROCK/GRASS
Grassland,SPECIES_LILLIGANT,Lilligant,NATIONAL_DEX_LILLIGANT,GRASS
Grassland,SPECIES_LILLIPUP,Lillipup,NATIONAL_DEX_LILLIPUP,NORMAL
Grassland,SPECIES_LINOONE,Linoone,NATIONAL_DEX_LINOONE,NORMAL
Grassland,SPECIES_LITLEO,Litleo,NATIONAL_DEX_LITLEO,FIRE/NORMAL
Grassland,SPECIES_LOKIX,Lokix,NATIONAL_DEX_LOKIX,BUG/DARK
Grassland,SPECIES_LOMBRE,Lombre,NATIONAL_DEX_LOMBRE,WATER/GRASS
Grassland,SPECIES_LOPUNNY,Lopunny,NATIONAL_DEX_LOPUNNY,NORMAL
Grassland,SPECIES_LOTAD,Lotad,NATIONAL_DEX_LOTAD,WATER/GRASS
Grassland,SPECIES_LOUDRED,Loudred,NATIONAL_DEX_LOUDRED,NORMAL
Grassland,SPECIES_LUCARIO,Lucario,NATIONAL_DEX_LUCARIO,FIGHTING/STEEL
Grassland,SPECIES_LUDICOLO,Ludicolo,NATIONAL_DEX_LUDICOLO,WATER/GRASS
Grassland,SPECIES_LURANTIS,Lurantis,NATIONAL_DEX_LURANTIS,GRASS
Grassland,SPECIES_LUXIO,Luxio,NATIONAL_DEX_LUXIO,ELECTRIC
Grassland,SPECIES_LUXRAY,Luxray,NATIONAL_DEX_LUXRAY,ELECTRIC
Grassland,SPECIES_MACHAMP,Machamp,NATIONAL_DEX_MACHAMP,FIGHTING
Grassland,SPECIES_MACHOKE,Machoke,NATIONAL_DEX_MACHOKE,FIGHTING
Grassland,SPECIES_MACHOP,Machop,NATIONAL_DEX_MACHOP,FIGHTING
Grassland,SPECIES_MAGNEMITE,Magnemite,NATIONAL_DEX_MAGNEMITE,ELECTRIC
Grassland,SPECIES_MAGNETON,Magneton,NATIONAL_DEX_MAGNETON,ELECTRIC
Grassland,SPECIES_MAGNEZONE,Magnezone,NATIONAL_DEX_MAGNEZONE,ELECTRIC/STEEL
Grassland,SPECIES_MAKUHITA,Makuhita,NATIONAL_DEX_MAKUHITA,FIGHTING
Grassland,SPECIES_MANDIBUZZ,Mandibuzz,NATIONAL_DEX_MANDIBUZZ,DARK/FLYING
Grassland,SPECIES_MANECTRIC,Manectric,NATIONAL_DEX_MANECTRIC,ELECTRIC
Grassland,SPECIES_MANKEY,Mankey,NATIONAL_DEX_MANKEY,FIGHTING
Grassland,SPECIES_MANTINE,Mantine,NATIONAL_DEX_MANTINE,WATER/FLYING
Grassland,SPECIES_MANTYKE,Mantyke,NATIONAL_DEX_MANTYKE,WATER/FLYING
Grassland,SPECIES_MARACTUS,Maractus,NATIONAL_DEX_MARACTUS,GRASS
Grassland,SPECIES_MAREEP,Mareep,NATIONAL_DEX_MAREEP,ELECTRIC
Grassland,SPECIES_MARILL,Marill,NATIONAL_DEX_MARILL,WATER/FAIRY
Grassland,SPECIES_MASQUERAIN,Masquerain,NATIONAL_DEX_MASQUERAIN,BUG/FLYING
Grassland,SPECIES_MAUSHOLD_THREE,Maushold,NATIONAL_DEX_MAUSHOLD,NORMAL
Grassland,SPECIES_MAWILE,Mawile,NATIONAL_DEX_MAWILE,STEEL/FAIRY
Grassland,SPECIES_MEDICHAM,Medicham,NATIONAL_DEX_MEDICHAM,FIGHTING/PSYCHIC
Grassland,SPECIES_MEDITITE,Meditite,NATIONAL_DEX_MEDITITE,FIGHTING/PSYCHIC
Grassland,SPECIES_MEGANIUM,Meganium,NATIONAL_DEX_MEGANIUM,GRASS
Grassland,SPECIES_MEOWSCARADA,Meowscarada,NATIONAL_DEX_MEOWSCARADA,GRASS/DARK
Grassland,SPECIES_MEOWTH,Meowth,NATIONAL_DEX_MEOWTH,NORMAL
Grassland,SPECIES_METAPOD,Metapod,NATIONAL_DEX_METAPOD,BUG
Grassland,SPECIES_MIENFOO,Mienfoo,NATIONAL_DEX_MIENFOO,FIGHTING
Grassland,SPECIES_MIENSHAO,Mienshao,NATIONAL_DEX_MIENSHAO,FIGHTING
Grassland,SPECIES_MILCERY,Milcery,NATIONAL_DEX_MILCERY,FAIRY
Grassland,SPECIES_MILTANK,Miltank,NATIONAL_DEX_MILTANK,NORMAL
Grassland,SPECIES_MIME_JR,Mime Jr.,NATIONAL_DEX_MIME_JR,PSYCHIC/FAIRY
Grassland,SPECIES_MIMIKYU_DISGUISED,Mimikyu,NATIONAL_DEX_MIMIKYU,GHOST/FAIRY
Grassland,SPECIES_MINCCINO,Minccino,NATIONAL_DEX_MINCCINO,NORMAL
Grassland,SPECIES_MINIOR,Minior,NATIONAL_DEX_MINIOR,ROCK/FLYING
Grassland,SPECIES_MINUN,Minun,NATIONAL_DEX_MINUN,ELECTRIC
Grassland,SPECIES_MONFERNO,Monferno,NATIONAL_DEX_MONFERNO,FIRE/FIGHTING
Grassland,SPECIES_MORELULL,Morelull,NATIONAL_DEX_MORELULL,GRASS/FAIRY
Grassland,SPECIES_MORGREM,Morgrem,NATIONAL_DEX_MORGREM,DARK/FAIRY
Grassland,SPECIES_MORPEKO_FULL_BELLY,Morpeko,NATIONAL_DEX_MORPEKO,ELECTRIC/DARK
Grassland,SPECIES_MOTHIM,Mothim,NATIONAL_DEX_MOTHIM,BUG/FLYING
Grassland,SPECIES_MR_MIME,Mr. Mime,NATIONAL_DEX_MR_MIME,PSYCHIC/FAIRY
Grassland,SPECIES_MUNCHLAX,Munchlax,NATIONAL_DEX_MUNCHLAX,NORMAL
Grassland,SPECIES_MURKROW,Murkrow,NATIONAL_DEX_MURKROW,DARK/FLYING
Grassland,SPECIES_NATU,Natu,NATIONAL_DEX_NATU,PSYCHIC/FLYING
Grassland,SPECIES_NINCADA,Nincada,NATIONAL_DEX_NINCADA,BUG/GROUND
Grassland,SPECIES_NINJASK,Ninjask,NATIONAL_DEX_NINJASK,BUG/FLYING
Grassland,SPECIES_NOCTOWL,Noctowl,NATIONAL_DEX_NOCTOWL,NORMAL/FLYING
Grassland,SPECIES_NOIBAT,Noibat,NATIONAL_DEX_NOIBAT,FLYING/DRAGON
Grassland,SPECIES_NOIVERN,Noivern,NATIONAL_DEX_NOIVERN,FLYING/DRAGON
Grassland,SPECIES_NUZLEAF,Nuzleaf,NATIONAL_DEX_NUZLEAF,GRASS/DARK
Grassland,SPECIES_NYMBLE,Nymble,NATIONAL_DEX_NYMBLE,BUG
Grassland,SPECIES_OBSTAGOON,Obstagoon,NATIONAL_DEX_OBSTAGOON,DARK/NORMAL
Grassland,SPECIES_ODDISH,Oddish,NATIONAL_DEX_ODDISH,GRASS/POISON
Grassland,SPECIES_OINKOLOGNE_M,Oinkologne,NATIONAL_DEX_OINKOLOGNE,NORMAL
Grassland,SPECIES_OKIDOGI,Okidogi,NATIONAL_DEX_OKIDOGI,POISON/FIGHTING
Grassland,SPECIES_ORANGURU,Oranguru,NATIONAL_DEX_ORANGURU,NORMAL/PSYCHIC
Grassland,SPECIES_ORBEETLE,Orbeetle,NATIONAL_DEX_ORBEETLE,BUG/PSYCHIC
Grassland,SPECIES_ORICORIO_BAILE,Oricorio,NATIONAL_DEX_ORICORIO,FIRE/FLYING
Grassland,SPECIES_PACHIRISU,Pachirisu,NATIONAL_DEX_PACHIRISU,ELECTRIC
Grassland,SPECIES_PANCHAM,Pancham,NATIONAL_DEX_PANCHAM,FIGHTING
Grassland,SPECIES_PANGORO,Pangoro,NATIONAL_DEX_PANGORO,FIGHTING/DARK
Grassland,SPECIES_PANSAGE,Pansage,NATIONAL_DEX_PANSAGE,GRASS
Grassland,SPECIES_PARAS,Paras,NATIONAL_DEX_PARAS,BUG/GRASS
Grassland,SPECIES_PARASECT,Parasect,NATIONAL_DEX_PARASECT,BUG/GRASS
Grassland,SPECIES_PASSIMIAN,Passimian,NATIONAL_DEX_PASSIMIAN,FIGHTING
Grassland,SPECIES_PATRAT,Patrat,NATIONAL_DEX_PATRAT,NORMAL
Grassland,SPECIES_PAWMI,Pawmi,NATIONAL_DEX_PAWMI,ELECTRIC
Grassland,SPECIES_PAWMO,Pawmo,NATIONAL_DEX_PAWMO,ELECTRIC/FIGHTING
Grassland,SPECIES_PAWMOT,Pawmot,NATIONAL_DEX_PAWMOT,ELECTRIC/FIGHTING
Grassland,SPECIES_PELIPPER,Pelipper,NATIONAL_DEX_PELIPPER,WATER/FLYING
Grassland,SPECIES_PERSIAN,Persian,NATIONAL_DEX_PERSIAN,NORMAL
Grassland,SPECIES_PETILIL,Petilil,NATIONAL_DEX_PETILIL,GRASS
Grassland,SPECIES_PHANTUMP,Phantump,NATIONAL_DEX_PHANTUMP,GHOST/GRASS
Grassland,SPECIES_PICHU,Pichu,NATIONAL_DEX_PICHU,ELECTRIC
Grassland,SPECIES_PIDGEOT,Pidgeot,NATIONAL_DEX_PIDGEOT,NORMAL/FLYING
Grassland,SPECIES_PIDGEOTTO,Pidgeotto,NATIONAL_DEX_PIDGEOTTO,NORMAL/FLYING
Grassland,SPECIES_PIDGEY,Pidgey,NATIONAL_DEX_PIDGEY,NORMAL/FLYING
Grassland,SPECIES_PIDOVE,Pidove,NATIONAL_DEX_PIDOVE,NORMAL/FLYING
Grassland,SPECIES_PIGNITE,Pignite,NATIONAL_DEX_PIGNITE,FIRE/FIGHTING
Grassland,SPECIES_PIKACHU,Pikachu,NATIONAL_DEX_PIKACHU,ELECTRIC
Grassland,SPECIES_PIKIPEK,Pikipek,NATIONAL_DEX_PIKIPEK,NORMAL/FLYING
Grassland,SPECIES_PINCURCHIN,Pincurchin,NATIONAL_DEX_PINCURCHIN,ELECTRIC
Grassland,SPECIES_PINECO,Pineco,NATIONAL_DEX_PINECO,BUG
Grassland,SPECIES_PINSIR,Pinsir,NATIONAL_DEX_PINSIR,BUG
Grassland,SPECIES_PLUSLE,Plusle,NATIONAL_DEX_PLUSLE,ELECTRIC
Grassland,SPECIES_POLIWRATH,Poliwrath,NATIONAL_DEX_POLIWRATH,WATER/FIGHTING
Grassland,SPECIES_POLTCHAGEIST_COUNTERFEIT,Poltchageist,NATIONAL_DEX_POLTCHAGEIST,GRASS/GHOST
Grassland,SPECIES_PORYGON,Porygon,NATIONAL_DEX_PORYGON,NORMAL
Grassland,SPECIES_PORYGON_Z,Porygon-Z,NATIONAL_DEX_PORYGON_Z,NORMAL
Grassland,SPECIES_PORYGON2,Porygon2,NATIONAL_DEX_PORYGON2,NORMAL
Grassland,SPECIES_PRIMARINA,Primarina,NATIONAL_DEX_PRIMARINA,WATER/FAIRY
Grassland,SPECIES_PRIMEAPE,Primeape,NATIONAL_DEX_PRIMEAPE,FIGHTING
Grassland,SPECIES_PUMPKABOO_AVERAGE,Pumpkaboo,NATIONAL_DEX_PUMPKABOO,GHOST/GRASS
Grassland,SPECIES_PURUGLY,Purugly,NATIONAL_DEX_PURUGLY,NORMAL
Grassland,SPECIES_PYROAR,Pyroar,NATIONAL_DEX_PYROAR,FIRE/NORMAL
Grassland,SPECIES_QUAQUAVAL,Quaquaval,NATIONAL_DEX_QUAQUAVAL,WATER/FIGHTING
Grassland,SPECIES_QUILLADIN,Quilladin,NATIONAL_DEX_QUILLADIN,GRASS
Grassland,SPECIES_RABSCA,Rabsca,NATIONAL_DEX_RABSCA,BUG/PSYCHIC
Grassland,SPECIES_RAICHU,Raichu,NATIONAL_DEX_RAICHU,ELECTRIC
Grassland,SPECIES_RATICATE,Raticate,NATIONAL_DEX_RATICATE,NORMAL
Grassland,SPECIES_RATTATA,Rattata,NATIONAL_DEX_RATTATA,NORMAL
Grassland,SPECIES_RELLOR,Rellor,NATIONAL_DEX_RELLOR,BUG
Grassland,SPECIES_RIBOMBEE,Ribombee,NATIONAL_DEX_RIBOMBEE,BUG/FAIRY
Grassland,SPECIES_RILLABOOM,Rillaboom,NATIONAL_DEX_RILLABOOM,GRASS
Grassland,SPECIES_RIOLU,Riolu,NATIONAL_DEX_RIOLU,FIGHTING
Grassland,SPECIES_ROOKIDEE,Rookidee,NATIONAL_DEX_ROOKIDEE,FLYING
Grassland,SPECIES_ROSELIA,Roselia,NATIONAL_DEX_ROSELIA,GRASS/POISON
Grassland,SPECIES_ROSERADE,Roserade,NATIONAL_DEX_ROSERADE,GRASS/POISON
Grassland,SPECIES_ROTOM_HEAT,Rotom,NATIONAL_DEX_ROTOM,ELECTRIC/FIRE
Grassland,SPECIES_ROWLET,Rowlet,NATIONAL_DEX_ROWLET,GRASS/FLYING
Grassland,SPECIES_RUFFLET,Rufflet,NATIONAL_DEX_RUFFLET,NORMAL/FLYING
Grassland,SPECIES_SALAMENCE,Salamence,NATIONAL_DEX_SALAMENCE,DRAGON/FLYING
Grassland,SPECIES_SAWK,Sawk,NATIONAL_DEX_SAWK,FIGHTING
Grassland,SPECIES_SAWSBUCK_SPRING,Sawsbuck,NATIONAL_DEX_SAWSBUCK,NORMAL/GRASS
Grassland,SPECIES_SCATTERBUG,Scatterbug,NATIONAL_DEX_SCATTERBUG,BUG
Grassland,SPECIES_SCEPTILE,Sceptile,NATIONAL_DEX_SCEPTILE,GRASS
Grassland,SPECIES_SCIZOR,Scizor,NATIONAL_DEX_SCIZOR,BUG/STEEL
Grassland,SPECIES_SCOLIPEDE,Scolipede,NATIONAL_DEX_SCOLIPEDE,BUG/POISON
Grassland,SPECIES_SCOVILLAIN,Scovillain,NATIONAL_DEX_SCOVILLAIN,GRASS/FIRE
Grassland,SPECIES_SCRAFTY,Scrafty,NATIONAL_DEX_SCRAFTY,DARK/FIGHTING
Grassland,SPECIES_SCRAGGY,Scraggy,NATIONAL_DEX_SCRAGGY,DARK/FIGHTING
Grassland,SPECIES_SCYTHER,Scyther,NATIONAL_DEX_SCYTHER,BUG/FLYING
Grassland,SPECIES_SEEDOT,Seedot,NATIONAL_DEX_SEEDOT,GRASS
Grassland,SPECIES_SENTRET,Sentret,NATIONAL_DEX_SENTRET,NORMAL
Grassland,SPECIES_SERPERIOR,Serperior,NATIONAL_DEX_SERPERIOR,GRASS
Grassland,SPECIES_SERVINE,Servine,NATIONAL_DEX_SERVINE,GRASS
Grassland,SPECIES_SEWADDLE,Sewaddle,NATIONAL_DEX_SEWADDLE,BUG/GRASS
Grassland,SPECIES_SHEDINJA,Shedinja,NATIONAL_DEX_SHEDINJA,BUG/GHOST
Grassland,SPECIES_SHELMET,Shelmet,NATIONAL_DEX_SHELMET,BUG
Grassland,SPECIES_SHIFTRY,Shiftry,NATIONAL_DEX_SHIFTRY,GRASS/DARK
Grassland,SPECIES_SHIINOTIC,Shiinotic,NATIONAL_DEX_SHIINOTIC,GRASS/FAIRY
Grassland,SPECIES_SHINX,Shinx,NATIONAL_DEX_SHINX,ELECTRIC
Grassland,SPECIES_SHROODLE,Shroodle,NATIONAL_DEX_SHROODLE,POISON/NORMAL
Grassland,SPECIES_SHROOMISH,Shroomish,NATIONAL_DEX_SHROOMISH,GRASS
Grassland,SPECIES_SHUCKLE,Shuckle,NATIONAL_DEX_SHUCKLE,BUG/ROCK
Grassland,SPECIES_SIGILYPH,Sigilyph,NATIONAL_DEX_SIGILYPH,PSYCHIC/FLYING
Grassland,SPECIES_SILCOON,Silcoon,NATIONAL_DEX_SILCOON,BUG
Grassland,SPECIES_SIMISAGE,Simisage,NATIONAL_DEX_SIMISAGE,GRASS
Grassland,SPECIES_SINISTCHA_UNREMARKABLE,Sinistcha,NATIONAL_DEX_SINISTCHA,GRASS/GHOST
Grassland,SPECIES_SIRFETCHD,Sirfetch'd,NATIONAL_DEX_SIRFETCHD,FIGHTING
Grassland,SPECIES_SIZZLIPEDE,Sizzlipede,NATIONAL_DEX_SIZZLIPEDE,FIRE/BUG
Grassland,SPECIES_SKARMORY,Skarmory,NATIONAL_DEX_SKARMORY,STEEL/FLYING
Grassland,SPECIES_SKIDDO,Skiddo,NATIONAL_DEX_SKIDDO,GRASS
Grassland,SPECIES_SKIPLOOM,Skiploom,NATIONAL_DEX_SKIPLOOM,GRASS/FLYING
Grassland,SPECIES_SKITTY,Skitty,NATIONAL_DEX_SKITTY,NORMAL
Grassland,SPECIES_SKORUPI,Skorupi,NATIONAL_DEX_SKORUPI,POISON/BUG
Grassland,SPECIES_SKWOVET,Skwovet,NATIONAL_DEX_SKWOVET,NORMAL
Grassland,SPECIES_SLAKING,Slaking,NATIONAL_DEX_SLAKING,NORMAL
Grassland,SPECIES_SLAKOTH,Slakoth,NATIONAL_DEX_SLAKOTH,NORMAL
Grassland,SPECIES_SLURPUFF,Slurpuff,NATIONAL_DEX_SLURPUFF,FAIRY
Grassland,SPECIES_SMEARGLE,Smeargle,NATIONAL_DEX_SMEARGLE,NORMAL
Grassland,SPECIES_SMOLIV,Smoliv,NATIONAL_DEX_SMOLIV,GRASS/NORMAL
Grassland,SPECIES_SNEASLER,Sneasler,NATIONAL_DEX_SNEASLER,FIGHTING/POISON
Grassland,SPECIES_SNIVY,Snivy,NATIONAL_DEX_SNIVY,GRASS
Grassland,SPECIES_SNOM,Snom,NATIONAL_DEX_SNOM,ICE/BUG
Grassland,SPECIES_SNORLAX,Snorlax,NATIONAL_DEX_SNORLAX,NORMAL
Grassland,SPECIES_SNOVER,Snover,NATIONAL_DEX_SNOVER,GRASS/ICE
Grassland,SPECIES_SNUBBULL,Snubbull,NATIONAL_DEX_SNUBBULL,FAIRY
Grassland,SPECIES_SPEAROW,Spearow,NATIONAL_DEX_SPEAROW,NORMAL/FLYING
Grassland,SPECIES_SPEWPA,Spewpa,NATIONAL_DEX_SPEWPA,BUG
Grassland,SPECIES_SPIDOPS,Spidops,NATIONAL_DEX_SPIDOPS,BUG
Grassland,SPECIES_SPINARAK,Spinarak,NATIONAL_DEX_SPINARAK,BUG/POISON
Grassland,SPECIES_SPINDA,Spinda,NATIONAL_DEX_SPINDA,NORMAL
Grassland,SPECIES_SPRIGATITO,Sprigatito,NATIONAL_DEX_SPRIGATITO,GRASS
Grassland,SPECIES_SPRITZEE,Spritzee,NATIONAL_DEX_SPRITZEE,FAIRY
Grassland,SPECIES_SQUAWKABILLY_GREEN,Squawkabilly,NATIONAL_DEX_SQUAWKABILLY,NORMAL/FLYING
Grassland,SPECIES_STANTLER,Stantler,NATIONAL_DEX_STANTLER,NORMAL
Grassland,SPECIES_STARAPTOR,Staraptor,NATIONAL_DEX_STARAPTOR,NORMAL/FLYING
Grassland,SPECIES_STARAVIA,Staravia,NATIONAL_DEX_STARAVIA,NORMAL/FLYING
Grassland,SPECIES_STARLY,Starly,NATIONAL_DEX_STARLY,NORMAL/FLYING
Grassland,SPECIES_STEENEE,Steenee,NATIONAL_DEX_STEENEE,GRASS
Grassland,SPECIES_STOUTLAND,Stoutland,NATIONAL_DEX_STOUTLAND,NORMAL
Grassland,SPECIES_STUFFUL,Stufful,NATIONAL_DEX_STUFFUL,NORMAL/FIGHTING
Grassland,SPECIES_STUNFISK,Stunfisk,NATIONAL_DEX_STUNFISK,GROUND/ELECTRIC
Grassland,SPECIES_SUNFLORA,Sunflora,NATIONAL_DEX_SUNFLORA,GRASS
Grassland,SPECIES_SUNKERN,Sunkern,NATIONAL_DEX_SUNKERN,GRASS
Grassland,SPECIES_SURSKIT,Surskit,NATIONAL_DEX_SURSKIT,BUG/WATER
Grassland,SPECIES_SWABLU,Swablu,NATIONAL_DEX_SWABLU,NORMAL/FLYING
Grassland,SPECIES_SWADLOON,Swadloon,NATIONAL_DEX_SWADLOON,BUG/GRASS
Grassland,SPECIES_SWANNA,Swanna,NATIONAL_DEX_SWANNA,WATER/FLYING
Grassland,SPECIES_SWELLOW,Swellow,NATIONAL_DEX_SWELLOW,NORMAL/FLYING
Grassland,SPECIES_SWIRLIX,Swirlix,NATIONAL_DEX_SWIRLIX,FAIRY
Grassland,SPECIES_SWOOBAT,Swoobat,NATIONAL_DEX_SWOOBAT,PSYCHIC/FLYING
Grassland,SPECIES_SYLVEON,Sylveon,NATIONAL_DEX_SYLVEON,FAIRY
Grassland,SPECIES_TADBULB,Tadbulb,NATIONAL_DEX_TADBULB,ELECTRIC
Grassland,SPECIES_TAILLOW,Taillow,NATIONAL_DEX_TAILLOW,NORMAL/FLYING
Grassland,SPECIES_TALONFLAME,Talonflame,NATIONAL_DEX_TALONFLAME,FIRE/FLYING
Grassland,SPECIES_TANDEMAUS,Tandemaus,NATIONAL_DEX_TANDEMAUS,NORMAL
Grassland,SPECIES_TANGELA,Tangela,NATIONAL_DEX_TANGELA,GRASS
Grassland,SPECIES_TANGROWTH,Tangrowth,NATIONAL_DEX_TANGROWTH,GRASS
Grassland,SPECIES_TAROUNTULA,Tarountula,NATIONAL_DEX_TAROUNTULA,BUG
Grassland,SPECIES_TAUROS,Tauros,NATIONAL_DEX_TAUROS,NORMAL
Grassland,SPECIES_TEDDIURSA,Teddiursa,NATIONAL_DEX_TEDDIURSA,NORMAL
Grassland,SPECIES_TERAPAGOS_NORMAL,Terapagos,NATIONAL_DEX_TERAPAGOS,NORMAL
Grassland,SPECIES_THROH,Throh,NATIONAL_DEX_THROH,FIGHTING
Grassland,SPECIES_THUNDURUS_INCARNATE,Thundurus,NATIONAL_DEX_THUNDURUS,ELECTRIC/FLYING
Grassland,SPECIES_THWACKEY,Thwackey,NATIONAL_DEX_THWACKEY,GRASS
Grassland,SPECIES_TIMBURR,Timburr,NATIONAL_DEX_TIMBURR,FIGHTING
Grassland,SPECIES_TINKATINK,Tinkatink,NATIONAL_DEX_TINKATINK,FAIRY/STEEL
Grassland,SPECIES_TINKATON,Tinkaton,NATIONAL_DEX_TINKATON,FAIRY/STEEL
Grassland,SPECIES_TINKATUFF,Tinkatuff,NATIONAL_DEX_TINKATUFF,FAIRY/STEEL
Grassland,SPECIES_TOEDSCOOL,Toedscool,NATIONAL_DEX_TOEDSCOOL,GROUND/GRASS
Grassland,SPECIES_TOEDSCRUEL,Toedscruel,NATIONAL_DEX_TOEDSCRUEL,GROUND/GRASS
Grassland,SPECIES_TOGEDEMARU,Togedemaru,NATIONAL_DEX_TOGEDEMARU,ELECTRIC/STEEL
Grassland,SPECIES_TOGEKISS,Togekiss,NATIONAL_DEX_TOGEKISS,FLYING
Grassland,SPECIES_TOGEPI,Togepi,NATIONAL_DEX_TOGEPI,FAIRY
Grassland,SPECIES_TOGETIC,Togetic,NATIONAL_DEX_TOGETIC,FLYING
Grassland,SPECIES_TORNADUS_INCARNATE,Tornadus,NATIONAL_DEX_TORNADUS,FLYING
Grassland,SPECIES_TORTERRA,Torterra,NATIONAL_DEX_TORTERRA,GRASS/GROUND
Grassland,SPECIES_TOUCANNON,Toucannon,NATIONAL_DEX_TOUCANNON,NORMAL/FLYING
Grassland,SPECIES_TOXEL,Toxel,NATIONAL_DEX_TOXEL,ELECTRIC/POISON
Grassland,SPECIES_TOXICROAK,Toxicroak,NATIONAL_DEX_TOXICROAK,POISON/FIGHTING
Grassland,SPECIES_TOXTRICITY_AMPED,Toxtricity,NATIONAL_DEX_TOXTRICITY,ELECTRIC/POISON
Grassland,SPECIES_TRANQUILL,Tranquill,NATIONAL_DEX_TRANQUILL,NORMAL/FLYING
Grassland,SPECIES_TREECKO,Treecko,NATIONAL_DEX_TREECKO,GRASS
Grassland,SPECIES_TREVENANT,Trevenant,NATIONAL_DEX_TREVENANT,GHOST/GRASS
Grassland,SPECIES_TROPIUS,Tropius,NATIONAL_DEX_TROPIUS,GRASS/FLYING
Grassland,SPECIES_TRUMBEAK,Trumbeak,NATIONAL_DEX_TRUMBEAK,NORMAL/FLYING
Grassland,SPECIES_TSAREENA,Tsareena,NATIONAL_DEX_TSAREENA,GRASS
Grassland,SPECIES_TURTWIG,Turtwig,NATIONAL_DEX_TURTWIG,GRASS
Grassland,SPECIES_TYNAMO,Tynamo,NATIONAL_DEX_TYNAMO,ELECTRIC
Grassland,SPECIES_TYROGUE,Tyrogue,NATIONAL_DEX_TYROGUE,FIGHTING
Grassland,SPECIES_UNFEZANT,Unfezant,NATIONAL_DEX_UNFEZANT,NORMAL/FLYING
Grassland,SPECIES_URSALUNA,Ursaluna,NATIONAL_DEX_URSALUNA,GROUND/NORMAL
Grassland,SPECIES_URSARING,Ursaring,NATIONAL_DEX_URSARING,NORMAL
Grassland,SPECIES_URSHIFU_SINGLE_STRIKE,Urshifu,NATIONAL_DEX_URSHIFU,FIGHTING/DARK
Grassland,SPECIES_VENIPEDE,Venipede,NATIONAL_DEX_VENIPEDE,BUG/POISON
Grassland,SPECIES_VENOMOTH,Venomoth,NATIONAL_DEX_VENOMOTH,BUG/POISON
Grassland,SPECIES_VENONAT,Venonat,NATIONAL_DEX_VENONAT,BUG/POISON
Grassland,SPECIES_VENUSAUR,Venusaur,NATIONAL_DEX_VENUSAUR,GRASS/POISON
Grassland,SPECIES_VESPIQUEN,Vespiquen,NATIONAL_DEX_VESPIQUEN,BUG/FLYING
Grassland,SPECIES_VICTREEBEL,Victreebel,NATIONAL_DEX_VICTREEBEL,GRASS/POISON
Grassland,SPECIES_VIGOROTH,Vigoroth,NATIONAL_DEX_VIGOROTH,NORMAL
Grassland,SPECIES_VIKAVOLT,Vikavolt,NATIONAL_DEX_VIKAVOLT,BUG/ELECTRIC
Grassland,SPECIES_VILEPLUME,Vileplume,NATIONAL_DEX_VILEPLUME,GRASS/POISON
Grassland,SPECIES_VIVILLON,Vivillon,NATIONAL_DEX_VIVILLON,BUG/FLYING
Grassland,SPECIES_VOLBEAT,Volbeat,NATIONAL_DEX_VOLBEAT,BUG
Grassland,SPECIES_VOLCARONA,Volcarona,NATIONAL_DEX_VOLCARONA,BUG/FIRE
Grassland,SPECIES_VOLTORB,Voltorb,NATIONAL_DEX_VOLTORB,ELECTRIC
Grassland,SPECIES_VULLABY,Vullaby,NATIONAL_DEX_VULLABY,DARK/FLYING
Grassland,SPECIES_WATCHOG,Watchog,NATIONAL_DEX_WATCHOG,NORMAL
Grassland,SPECIES_WATTREL,Wattrel,NATIONAL_DEX_WATTREL,ELECTRIC/FLYING
Grassland,SPECIES_WEEDLE,Weedle,NATIONAL_DEX_WEEDLE,BUG/POISON
Grassland,SPECIES_WEEPINBELL,Weepinbell,NATIONAL_DEX_WEEPINBELL,GRASS/POISON
Grassland,SPECIES_WHIMSICOTT,Whimsicott,NATIONAL_DEX_WHIMSICOTT,GRASS
Grassland,SPECIES_WHIRLIPEDE,Whirlipede,NATIONAL_DEX_WHIRLIPEDE,BUG/POISON
Grassland,SPECIES_WHISMUR,Whismur,NATIONAL_DEX_WHISMUR,NORMAL
Grassland,SPECIES_WIGGLYTUFF,Wigglytuff,NATIONAL_DEX_WIGGLYTUFF,NORMAL/FAIRY
Grassland,SPECIES_WIMPOD,Wimpod,NATIONAL_DEX_WIMPOD,BUG/WATER
Grassland,SPECIES_WINGULL,Wingull,NATIONAL_DEX_WINGULL,WATER/FLYING
Grassland,SPECIES_WOOBAT,Woobat,NATIONAL_DEX_WOOBAT,PSYCHIC/FLYING
Grassland,SPECIES_WOOLOO,Wooloo,NATIONAL_DEX_WOOLOO,NORMAL
Grassland,SPECIES_WORMADAM_PLANT,Wormadam,NATIONAL_DEX_WORMADAM,BUG/GRASS
Grassland,SPECIES_WURMPLE,Wurmple,NATIONAL_DEX_WURMPLE,BUG
Grassland,SPECIES_WYRDEER,Wyrdeer,NATIONAL_DEX_WYRDEER,NORMAL/PSYCHIC
Grassland,SPECIES_XATU,Xatu,NATIONAL_DEX_XATU,PSYCHIC/FLYING
Grassland,SPECIES_XERNEAS_NEUTRAL,Xerneas,NATIONAL_DEX_XERNEAS,FAIRY
Grassland,SPECIES_YAMPER,Yamper,NATIONAL_DEX_YAMPER,ELECTRIC
Grassland,SPECIES_YANMA,Yanma,NATIONAL_DEX_YANMA,BUG/FLYING
Grassland,SPECIES_YANMEGA,Yanmega,NATIONAL_DEX_YANMEGA,BUG/FLYING
Grassland,SPECIES_YUNGOOS,Yungoos,NATIONAL_DEX_YUNGOOS,NORMAL
Grassland,SPECIES_ZACIAN_HERO,Zacian,NATIONAL_DEX_ZACIAN,FAIRY
Grassland,SPECIES_ZAMAZENTA_HERO,Zamazenta,NATIONAL_DEX_ZAMAZENTA,FIGHTING
Grassland,SPECIES_ZANGOOSE,Zangoose,NATIONAL_DEX_ZANGOOSE,NORMAL
Grassland,SPECIES_ZEBSTRIKA,Zebstrika,NATIONAL_DEX_ZEBSTRIKA,ELECTRIC
Grassland,SPECIES_ZIGZAGOON,Zigzagoon,NATIONAL_DEX_ZIGZAGOON,NORMAL
Grassland,SPECIES_ZUBAT,Zubat,NATIONAL_DEX_ZUBAT,POISON/FLYING
Forest,SPECIES_ABOMASNOW,Abomasnow,NATIONAL_DEX_ABOMASNOW,GRASS/ICE
Forest,SPECIES_ABRA,Abra,NATIONAL_DEX_ABRA,PSYCHIC
Forest,SPECIES_ABSOL,Absol,NATIONAL_DEX_ABSOL,DARK
Forest,SPECIES_ACCELGOR,Accelgor,NATIONAL_DEX_ACCELGOR,BUG
Forest,SPECIES_AEGISLASH_SHIELD,Aegislash,NATIONAL_DEX_AEGISLASH,STEEL/GHOST
Forest,SPECIES_AERODACTYL,Aerodactyl,NATIONAL_DEX_AERODACTYL,ROCK/FLYING
Forest,SPECIES_AIPOM,Aipom,NATIONAL_DEX_AIPOM,NORMAL
Forest,SPECIES_ALAKAZAM,Alakazam,NATIONAL_DEX_ALAKAZAM,PSYCHIC
Forest,SPECIES_ALCREMIE,Alcremie,NATIONAL_DEX_ALCREMIE,FAIRY
Forest,SPECIES_ALTARIA,Altaria,NATIONAL_DEX_ALTARIA,DRAGON/FLYING
Forest,SPECIES_AMBIPOM,Ambipom,NATIONAL_DEX_AMBIPOM,NORMAL
Forest,SPECIES_AMOONGUSS,Amoonguss,NATIONAL_DEX_AMOONGUSS,GRASS/POISON
Forest,SPECIES_ANNIHILAPE,Annihilape,NATIONAL_DEX_ANNIHILAPE,FIGHTING/GHOST
Forest,SPECIES_ANORITH,Anorith,NATIONAL_DEX_ANORITH,ROCK/BUG
Forest,SPECIES_APPLETUN,Appletun,NATIONAL_DEX_APPLETUN,GRASS/DRAGON
Forest,SPECIES_APPLIN,Applin,NATIONAL_DEX_APPLIN,GRASS/DRAGON
Forest,SPECIES_ARAQUANID,Araquanid,NATIONAL_DEX_ARAQUANID,WATER/BUG
Forest,SPECIES_ARBOK,Arbok,NATIONAL_DEX_ARBOK,POISON
Forest,SPECIES_ARBOLIVA,Arboliva,NATIONAL_DEX_ARBOLIVA,GRASS/NORMAL
Forest,SPECIES_ARCHEN,Archen,NATIONAL_DEX_ARCHEN,ROCK/FLYING
Forest,SPECIES_ARCHEOPS,Archeops,NATIONAL_DEX_ARCHEOPS,ROCK/FLYING
Forest,SPECIES_ARIADOS,Ariados,NATIONAL_DEX_ARIADOS,BUG/POISON
Forest,SPECIES_ARMALDO,Armaldo,NATIONAL_DEX_ARMALDO,ROCK/BUG
Forest,SPECIES_ARMAROUGE,Armarouge,NATIONAL_DEX_ARMAROUGE,FIRE/PSYCHIC
Forest,SPECIES_AROMATISSE,Aromatisse,NATIONAL_DEX_AROMATISSE,FAIRY
Forest,SPECIES_AUDINO,Audino,NATIONAL_DEX_AUDINO,NORMAL
Forest,SPECIES_AZUMARILL,Azumarill,NATIONAL_DEX_AZUMARILL,WATER/FAIRY
Forest,SPECIES_AZURILL,Azurill,NATIONAL_DEX_AZURILL,NORMAL/FAIRY
Forest,SPECIES_BALTOY,Baltoy,NATIONAL_DEX_BALTOY,GROUND/PSYCHIC
Forest,SPECIES_BANETTE,Banette,NATIONAL_DEX_BANETTE,GHOST
Forest,SPECIES_BASCULEGION_M,Basculegion,NATIONAL_DEX_BASCULEGION,WATER/GHOST
Forest,SPECIES_BAYLEEF,Bayleef,NATIONAL_DEX_BAYLEEF,GRASS
Forest,SPECIES_BEAUTIFLY,Beautifly,NATIONAL_DEX_BEAUTIFLY,BUG/FLYING
Forest,SPECIES_BEEDRILL,Beedrill,NATIONAL_DEX_BEEDRILL,BUG/POISON
Forest,SPECIES_BEHEEYEM,Beheeyem,NATIONAL_DEX_BEHEEYEM,PSYCHIC
Forest,SPECIES_BELDUM,Beldum,NATIONAL_DEX_BELDUM,STEEL/PSYCHIC
Forest,SPECIES_BELLOSSOM,Bellossom,NATIONAL_DEX_BELLOSSOM,GRASS
Forest,SPECIES_BELLSPROUT,Bellsprout,NATIONAL_DEX_BELLSPROUT,GRASS/POISON
Forest,SPECIES_BEWEAR,Bewear,NATIONAL_DEX_BEWEAR,NORMAL/FIGHTING
Forest,SPECIES_BIBAREL,Bibarel,NATIONAL_DEX_BIBAREL,NORMAL/WATER
Forest,SPECIES_BIDOOF,Bidoof,NATIONAL_DEX_BIDOOF,NORMAL
Forest,SPECIES_BISHARP,Bisharp,NATIONAL_DEX_BISHARP,DARK/STEEL
Forest,SPECIES_BLIPBUG,Blipbug,NATIONAL_DEX_BLIPBUG,BUG
Forest,SPECIES_BLISSEY,Blissey,NATIONAL_DEX_BLISSEY,NORMAL
Forest,SPECIES_BOMBIRDIER,Bombirdier,NATIONAL_DEX_BOMBIRDIER,FLYING/DARK
Forest,SPECIES_BOUFFALANT,Bouffalant,NATIONAL_DEX_BOUFFALANT,NORMAL
Forest,SPECIES_BOUNSWEET,Bounsweet,NATIONAL_DEX_BOUNSWEET,GRASS
Forest,SPECIES_BRAMBLEGHAST,Brambleghast,NATIONAL_DEX_BRAMBLEGHAST,GRASS/GHOST
Forest,SPECIES_BRAMBLIN,Bramblin,NATIONAL_DEX_BRAMBLIN,GRASS/GHOST
Forest,SPECIES_BRAVIARY,Braviary,NATIONAL_DEX_BRAVIARY,NORMAL/FLYING
Forest,SPECIES_BRELOOM,Breloom,NATIONAL_DEX_BRELOOM,GRASS/FIGHTING
Forest,SPECIES_BRONZONG,Bronzong,NATIONAL_DEX_BRONZONG,STEEL/PSYCHIC
Forest,SPECIES_BRONZOR,Bronzor,NATIONAL_DEX_BRONZOR,STEEL/PSYCHIC
Forest,SPECIES_BRUXISH,Bruxish,NATIONAL_DEX_BRUXISH,WATER/PSYCHIC
Forest,SPECIES_BUDEW,Budew,NATIONAL_DEX_BUDEW,GRASS/POISON
Forest,SPECIES_BULBASAUR,Bulbasaur,NATIONAL_DEX_BULBASAUR,GRASS/POISON
Forest,SPECIES_BUNEARY,Buneary,NATIONAL_DEX_BUNEARY,NORMAL
Forest,SPECIES_BUNNELBY,Bunnelby,NATIONAL_DEX_BUNNELBY,NORMAL
Forest,SPECIES_BURMY_PLANT,Burmy,NATIONAL_DEX_BURMY,BUG
Forest,SPECIES_BUTTERFREE,Butterfree,NATIONAL_DEX_BUTTERFREE,BUG/FLYING
Forest,SPECIES_CACNEA,Cacnea,NATIONAL_DEX_CACNEA,GRASS
Forest,SPECIES_CACTURNE,Cacturne,NATIONAL_DEX_CACTURNE,GRASS/DARK
Forest,SPECIES_CAPSAKID,Capsakid,NATIONAL_DEX_CAPSAKID,GRASS
Forest,SPECIES_CARBINK,Carbink,NATIONAL_DEX_CARBINK,ROCK/FAIRY
Forest,SPECIES_CARNIVINE,Carnivine,NATIONAL_DEX_CARNIVINE,GRASS
Forest,SPECIES_CARVANHA,Carvanha,NATIONAL_DEX_CARVANHA,WATER/DARK
Forest,SPECIES_CASCOON,Cascoon,NATIONAL_DEX_CASCOON,BUG
Forest,SPECIES_CASTFORM_NORMAL,Castform,NATIONAL_DEX_CASTFORM,NORMAL
Forest,SPECIES_CATERPIE,Caterpie,NATIONAL_DEX_CATERPIE,BUG
Forest,SPECIES_CENTISKORCH,Centiskorch,NATIONAL_DEX_CENTISKORCH,FIRE/BUG
Forest,SPECIES_CERULEDGE,Ceruledge,NATIONAL_DEX_CERULEDGE,FIRE/GHOST
Forest,SPECIES_CHANDELURE,Chandelure,NATIONAL_DEX_CHANDELURE,GHOST/FIRE
Forest,SPECIES_CHANSEY,Chansey,NATIONAL_DEX_CHANSEY,NORMAL
Forest,SPECIES_CHARIZARD,Charizard,NATIONAL_DEX_CHARIZARD,FIRE/FLYING
Forest,SPECIES_CHARJABUG,Charjabug,NATIONAL_DEX_CHARJABUG,BUG/ELECTRIC
Forest,SPECIES_CHATOT,Chatot,NATIONAL_DEX_CHATOT,NORMAL/FLYING
Forest,SPECIES_CHERRIM_OVERCAST,Cherrim,NATIONAL_DEX_CHERRIM,GRASS
Forest,SPECIES_CHERUBI,Cherubi,NATIONAL_DEX_CHERUBI,GRASS
Forest,SPECIES_CHESNAUGHT,Chesnaught,NATIONAL_DEX_CHESNAUGHT,GRASS/FIGHTING
Forest,SPECIES_CHESPIN,Chespin,NATIONAL_DEX_CHESPIN,GRASS
Forest,SPECIES_CHIKORITA,Chikorita,NATIONAL_DEX_CHIKORITA,GRASS
Forest,SPECIES_CHIMECHO,Chimecho,NATIONAL_DEX_CHIMECHO,PSYCHIC
Forest,SPECIES_CHINGLING,Chingling,NATIONAL_DEX_CHINGLING,PSYCHIC
Forest,SPECIES_CINCCINO,Cinccino,NATIONAL_DEX_CINCCINO,NORMAL
Forest,SPECIES_CLAYDOL,Claydol,NATIONAL_DEX_CLAYDOL,GROUND/PSYCHIC
Forest,SPECIES_CLEFABLE_MEGA,Clefable,NATIONAL_DEX_CLEFABLE,FAIRY/FLYING
Forest,SPECIES_CLEFAIRY,Clefairy,NATIONAL_DEX_CLEFAIRY,FAIRY
Forest,SPECIES_CLEFFA,Cleffa,NATIONAL_DEX_CLEFFA,FAIRY
Forest,SPECIES_CLODSIRE,Clodsire,NATIONAL_DEX_CLODSIRE,POISON/GROUND
Forest,SPECIES_COFAGRIGUS,Cofagrigus,NATIONAL_DEX_COFAGRIGUS,GHOST
Forest,SPECIES_COMBEE,Combee,NATIONAL_DEX_COMBEE,BUG/FLYING
Forest,SPECIES_COMFEY,Comfey,NATIONAL_DEX_COMFEY,FAIRY
Forest,SPECIES_CORVIKNIGHT,Corviknight,NATIONAL_DEX_CORVIKNIGHT,FLYING/STEEL
Forest,SPECIES_CORVISQUIRE,Corvisquire,NATIONAL_DEX_CORVISQUIRE,FLYING
Forest,SPECIES_COTTONEE,Cottonee,NATIONAL_DEX_COTTONEE,GRASS
Forest,SPECIES_CRADILY,Cradily,NATIONAL_DEX_CRADILY,ROCK/GRASS
Forest,SPECIES_CRAMORANT,Cramorant,NATIONAL_DEX_CRAMORANT,FLYING/WATER
Forest,SPECIES_CRAWDAUNT,Crawdaunt,NATIONAL_DEX_CRAWDAUNT,WATER/DARK
Forest,SPECIES_CROAGUNK,Croagunk,NATIONAL_DEX_CROAGUNK,POISON/FIGHTING
Forest,SPECIES_CROBAT,Crobat,NATIONAL_DEX_CROBAT,POISON/FLYING
Forest,SPECIES_CRUSTLE,Crustle,NATIONAL_DEX_CRUSTLE,BUG/ROCK
Forest,SPECIES_CURSOLA,Cursola,NATIONAL_DEX_CURSOLA,GHOST
Forest,SPECIES_CUTIEFLY,Cutiefly,NATIONAL_DEX_CUTIEFLY,BUG/FAIRY
Forest,SPECIES_CYCLIZAR,Cyclizar,NATIONAL_DEX_CYCLIZAR,DRAGON/NORMAL
Forest,SPECIES_DACHSBUN,Dachsbun,NATIONAL_DEX_DACHSBUN,FAIRY
Forest,SPECIES_DARTRIX,Dartrix,NATIONAL_DEX_DARTRIX,GRASS/FLYING
Forest,SPECIES_DECIDUEYE,Decidueye,NATIONAL_DEX_DECIDUEYE,GRASS/GHOST
Forest,SPECIES_DEDENNE,Dedenne,NATIONAL_DEX_DEDENNE,ELECTRIC/FAIRY
Forest,SPECIES_DEERLING_SPRING,Deerling,NATIONAL_DEX_DEERLING,NORMAL/GRASS
Forest,SPECIES_DEINO,Deino,NATIONAL_DEX_DEINO,DARK/DRAGON
Forest,SPECIES_DELCATTY,Delcatty,NATIONAL_DEX_DELCATTY,NORMAL
Forest,SPECIES_DELIBIRD,Delibird,NATIONAL_DEX_DELIBIRD,ICE/FLYING
Forest,SPECIES_DELPHOX,Delphox,NATIONAL_DEX_DELPHOX,FIRE/PSYCHIC
Forest,SPECIES_DEWPIDER,Dewpider,NATIONAL_DEX_DEWPIDER,WATER/BUG
Forest,SPECIES_DHELMISE,Dhelmise,NATIONAL_DEX_DHELMISE,GHOST/GRASS
Forest,SPECIES_DIGGERSBY,Diggersby,NATIONAL_DEX_DIGGERSBY,NORMAL/GROUND
Forest,SPECIES_DIPPLIN,Dipplin,NATIONAL_DEX_DIPPLIN,GRASS/DRAGON
Forest,SPECIES_DITTO,Ditto,NATIONAL_DEX_DITTO,NORMAL
Forest,SPECIES_DODRIO,Dodrio,NATIONAL_DEX_DODRIO,NORMAL/FLYING
Forest,SPECIES_DODUO,Doduo,NATIONAL_DEX_DODUO,NORMAL/FLYING
Forest,SPECIES_DOLLIV,Dolliv,NATIONAL_DEX_DOLLIV,GRASS/NORMAL
Forest,SPECIES_DOTTLER,Dottler,NATIONAL_DEX_DOTTLER,BUG/PSYCHIC
Forest,SPECIES_DOUBLADE,Doublade,NATIONAL_DEX_DOUBLADE,STEEL/GHOST
Forest,SPECIES_DRAGALGE,Dragalge,NATIONAL_DEX_DRAGALGE,POISON/DRAGON
Forest,SPECIES_DRAGAPULT,Dragapult,NATIONAL_DEX_DRAGAPULT,DRAGON/GHOST
Forest,SPECIES_DRAGONITE,Dragonite,NATIONAL_DEX_DRAGONITE,DRAGON/FLYING
Forest,SPECIES_DRAKLOAK,Drakloak,NATIONAL_DEX_DRAKLOAK,DRAGON/GHOST
Forest,SPECIES_DRAMPA,Drampa,NATIONAL_DEX_DRAMPA,NORMAL/DRAGON
Forest,SPECIES_DRAPION,Drapion,NATIONAL_DEX_DRAPION,POISON/DARK
Forest,SPECIES_DREEPY,Dreepy,NATIONAL_DEX_DREEPY,DRAGON/GHOST
Forest,SPECIES_DRIFBLIM,Drifblim,NATIONAL_DEX_DRIFBLIM,GHOST/FLYING
Forest,SPECIES_DRIFLOON,Drifloon,NATIONAL_DEX_DRIFLOON,GHOST/FLYING
Forest,SPECIES_DROWZEE,Drowzee,NATIONAL_DEX_DROWZEE,PSYCHIC
Forest,SPECIES_DUBWOOL,Dubwool,NATIONAL_DEX_DUBWOOL,NORMAL
Forest,SPECIES_DUCKLETT,Ducklett,NATIONAL_DEX_DUCKLETT,WATER/FLYING
Forest,SPECIES_DUDUNSPARCE_TWO_SEGMENT,Dudunsparce,NATIONAL_DEX_DUDUNSPARCE,NORMAL
Forest,SPECIES_DUNSPARCE,Dunsparce,NATIONAL_DEX_DUNSPARCE,NORMAL
Forest,SPECIES_DUOSION,Duosion,NATIONAL_DEX_DUOSION,PSYCHIC
Forest,SPECIES_DURANT,Durant,NATIONAL_DEX_DURANT,BUG/STEEL
Forest,SPECIES_DUSCLOPS,Dusclops,NATIONAL_DEX_DUSCLOPS,GHOST
Forest,SPECIES_DUSKNOIR,Dusknoir,NATIONAL_DEX_DUSKNOIR,GHOST
Forest,SPECIES_DUSKULL,Duskull,NATIONAL_DEX_DUSKULL,GHOST
Forest,SPECIES_DUSTOX,Dustox,NATIONAL_DEX_DUSTOX,BUG/POISON
Forest,SPECIES_DWEBBLE,Dwebble,NATIONAL_DEX_DWEBBLE,BUG/ROCK
Forest,SPECIES_EEVEE,Eevee,NATIONAL_DEX_EEVEE,NORMAL
Forest,SPECIES_EKANS,Ekans,NATIONAL_DEX_EKANS,POISON
Forest,SPECIES_ELDEGOSS,Eldegoss,NATIONAL_DEX_ELDEGOSS,GRASS
Forest,SPECIES_ELGYEM,Elgyem,NATIONAL_DEX_ELGYEM,PSYCHIC
Forest,SPECIES_EMOLGA,Emolga,NATIONAL_DEX_EMOLGA,ELECTRIC/FLYING
Forest,SPECIES_ENAMORUS_INCARNATE,Enamorus,NATIONAL_DEX_ENAMORUS,FAIRY/FLYING
Forest,SPECIES_ESCAVALIER,Escavalier,NATIONAL_DEX_ESCAVALIER,BUG/STEEL
Forest,SPECIES_ESPATHRA,Espathra,NATIONAL_DEX_ESPATHRA,PSYCHIC
Forest,SPECIES_ESPEON,Espeon,NATIONAL_DEX_ESPEON,PSYCHIC
Forest,SPECIES_ESPURR,Espurr,NATIONAL_DEX_ESPURR,PSYCHIC
Forest,SPECIES_EXEGGCUTE,Exeggcute,NATIONAL_DEX_EXEGGCUTE,GRASS/PSYCHIC
Forest,SPECIES_EXEGGUTOR,Exeggutor,NATIONAL_DEX_EXEGGUTOR,GRASS/PSYCHIC
Forest,SPECIES_EXPLOUD,Exploud,NATIONAL_DEX_EXPLOUD,NORMAL
Forest,SPECIES_FARFETCHD,Farfetch'd,NATIONAL_DEX_FARFETCHD,NORMAL/FLYING
Forest,SPECIES_FARIGIRAF,Farigiraf,NATIONAL_DEX_FARIGIRAF,NORMAL/PSYCHIC
Forest,SPECIES_FEAROW,Fearow,NATIONAL_DEX_FEAROW,NORMAL/FLYING
Forest,SPECIES_FERROSEED,Ferroseed,NATIONAL_DEX_FERROSEED,GRASS/STEEL
Forest,SPECIES_FERROTHORN,Ferrothorn,NATIONAL_DEX_FERROTHORN,GRASS/STEEL
Forest,SPECIES_FEZANDIPITI,Fezandipiti,NATIONAL_DEX_FEZANDIPITI,POISON/FAIRY
Forest,SPECIES_FIDOUGH,Fidough,NATIONAL_DEX_FIDOUGH,FAIRY
Forest,SPECIES_FLABEBE,Flabébé,NATIONAL_DEX_FLABEBE,FAIRY
Forest,SPECIES_FLAMIGO,Flamigo,NATIONAL_DEX_FLAMIGO,FLYING/FIGHTING
Forest,SPECIES_FLAPPLE,Flapple,NATIONAL_DEX_FLAPPLE,GRASS/DRAGON
Forest,SPECIES_FLETCHINDER,Fletchinder,NATIONAL_DEX_FLETCHINDER,FIRE/FLYING
Forest,SPECIES_FLETCHLING,Fletchling,NATIONAL_DEX_FLETCHLING,NORMAL/FLYING
Forest,SPECIES_FLITTLE,Flittle,NATIONAL_DEX_FLITTLE,PSYCHIC
Forest,SPECIES_FLOETTE_MEGA,Floette,NATIONAL_DEX_FLOETTE,FAIRY
Forest,SPECIES_FLORAGATO,Floragato,NATIONAL_DEX_FLORAGATO,GRASS
Forest,SPECIES_FLORGES,Florges,NATIONAL_DEX_FLORGES,FAIRY
Forest,SPECIES_FOMANTIS,Fomantis,NATIONAL_DEX_FOMANTIS,GRASS
Forest,SPECIES_FOONGUS,Foongus,NATIONAL_DEX_FOONGUS,GRASS/POISON
Forest,SPECIES_FORRETRESS,Forretress,NATIONAL_DEX_FORRETRESS,BUG/STEEL
Forest,SPECIES_FRILLISH,Frillish,NATIONAL_DEX_FRILLISH,WATER/GHOST
Forest,SPECIES_FROSLASS,Froslass,NATIONAL_DEX_FROSLASS,ICE/GHOST
Forest,SPECIES_FROSMOTH,Frosmoth,NATIONAL_DEX_FROSMOTH,ICE/BUG
Forest,SPECIES_FURFROU,Furfrou,NATIONAL_DEX_FURFROU,NORMAL
Forest,SPECIES_FURRET,Furret,NATIONAL_DEX_FURRET,NORMAL
Forest,SPECIES_GALLADE,Gallade,NATIONAL_DEX_GALLADE,PSYCHIC/FIGHTING
Forest,SPECIES_GALVANTULA,Galvantula,NATIONAL_DEX_GALVANTULA,BUG/ELECTRIC
Forest,SPECIES_GARBODOR,Garbodor,NATIONAL_DEX_GARBODOR,POISON
Forest,SPECIES_GARDEVOIR,Gardevoir,NATIONAL_DEX_GARDEVOIR,PSYCHIC
Forest,SPECIES_GASTLY,Gastly,NATIONAL_DEX_GASTLY,GHOST/POISON
Forest,SPECIES_GENGAR,Gengar,NATIONAL_DEX_GENGAR,GHOST/POISON
Forest,SPECIES_GHOLDENGO,Gholdengo,NATIONAL_DEX_GHOLDENGO,STEEL/GHOST
Forest,SPECIES_GIMMIGHOUL_CHEST,Gimmighoul,NATIONAL_DEX_GIMMIGHOUL,GHOST
Forest,SPECIES_GIRAFARIG,Girafarig,NATIONAL_DEX_GIRAFARIG,NORMAL/PSYCHIC
Forest,SPECIES_GIRATINA_ALTERED,Giratina,NATIONAL_DEX_GIRATINA,GHOST/DRAGON
Forest,SPECIES_GLAMEOW,Glameow,NATIONAL_DEX_GLAMEOW,NORMAL
Forest,SPECIES_GLIGAR,Gligar,NATIONAL_DEX_GLIGAR,GROUND/FLYING
Forest,SPECIES_GLIMMET,Glimmet,NATIONAL_DEX_GLIMMET,ROCK/POISON
Forest,SPECIES_GLIMMORA,Glimmora,NATIONAL_DEX_GLIMMORA,ROCK/POISON
Forest,SPECIES_GLISCOR,Gliscor,NATIONAL_DEX_GLISCOR,GROUND/FLYING
Forest,SPECIES_GLOOM,Gloom,NATIONAL_DEX_GLOOM,GRASS/POISON
Forest,SPECIES_GOGOAT,Gogoat,NATIONAL_DEX_GOGOAT,GRASS
Forest,SPECIES_GOLBAT,Golbat,NATIONAL_DEX_GOLBAT,POISON/FLYING
Forest,SPECIES_GOLETT,Golett,NATIONAL_DEX_GOLETT,GROUND/GHOST
Forest,SPECIES_GOLISOPOD,Golisopod,NATIONAL_DEX_GOLISOPOD,BUG/WATER
Forest,SPECIES_GOLURK,Golurk,NATIONAL_DEX_GOLURK,GROUND/GHOST
Forest,SPECIES_GOSSIFLEUR,Gossifleur,NATIONAL_DEX_GOSSIFLEUR,GRASS
Forest,SPECIES_GOTHITA,Gothita,NATIONAL_DEX_GOTHITA,PSYCHIC
Forest,SPECIES_GOTHITELLE,Gothitelle,NATIONAL_DEX_GOTHITELLE,PSYCHIC
Forest,SPECIES_GOTHORITA,Gothorita,NATIONAL_DEX_GOTHORITA,PSYCHIC
Forest,SPECIES_GOURGEIST_AVERAGE,Gourgeist,NATIONAL_DEX_GOURGEIST,GHOST/GRASS
Forest,SPECIES_GRAFAIAI,Grafaiai,NATIONAL_DEX_GRAFAIAI,POISON/NORMAL
Forest,SPECIES_GRANBULL,Granbull,NATIONAL_DEX_GRANBULL,FAIRY
Forest,SPECIES_GREAVARD,Greavard,NATIONAL_DEX_GREAVARD,GHOST
Forest,SPECIES_GREEDENT,Greedent,NATIONAL_DEX_GREEDENT,NORMAL
Forest,SPECIES_GRENINJA,Greninja,NATIONAL_DEX_GRENINJA,WATER/DARK
Forest,SPECIES_GRIMER,Grimer,NATIONAL_DEX_GRIMER,POISON
Forest,SPECIES_GRIMMSNARL,Grimmsnarl,NATIONAL_DEX_GRIMMSNARL,DARK/FAIRY
Forest,SPECIES_GROOKEY,Grookey,NATIONAL_DEX_GROOKEY,GRASS
Forest,SPECIES_GROTLE,Grotle,NATIONAL_DEX_GROTLE,GRASS
Forest,SPECIES_GROVYLE,Grovyle,NATIONAL_DEX_GROVYLE,GRASS
Forest,SPECIES_GRUBBIN,Grubbin,NATIONAL_DEX_GRUBBIN,BUG
Forest,SPECIES_GRUMPIG,Grumpig,NATIONAL_DEX_GRUMPIG,PSYCHIC
Forest,SPECIES_GULPIN,Gulpin,NATIONAL_DEX_GULPIN,POISON
Forest,SPECIES_GUMSHOOS,Gumshoos,NATIONAL_DEX_GUMSHOOS,NORMAL
Forest,SPECIES_GYARADOS,Gyarados,NATIONAL_DEX_GYARADOS,WATER/FLYING
Forest,SPECIES_HAPPINY,Happiny,NATIONAL_DEX_HAPPINY,NORMAL
Forest,SPECIES_HATENNA,Hatenna,NATIONAL_DEX_HATENNA,PSYCHIC
Forest,SPECIES_HATTERENE,Hatterene,NATIONAL_DEX_HATTERENE,PSYCHIC/FAIRY
Forest,SPECIES_HATTREM,Hattrem,NATIONAL_DEX_HATTREM,PSYCHIC
Forest,SPECIES_HAUNTER,Haunter,NATIONAL_DEX_HAUNTER,GHOST/POISON
Forest,SPECIES_HAWLUCHA,Hawlucha,NATIONAL_DEX_HAWLUCHA,FIGHTING/FLYING
Forest,SPECIES_HELIOLISK,Heliolisk,NATIONAL_DEX_HELIOLISK,ELECTRIC/NORMAL
Forest,SPECIES_HELIOPTILE,Helioptile,NATIONAL_DEX_HELIOPTILE,ELECTRIC/NORMAL
Forest,SPECIES_HERACROSS,Heracross,NATIONAL_DEX_HERACROSS,BUG/FIGHTING
Forest,SPECIES_HERDIER,Herdier,NATIONAL_DEX_HERDIER,NORMAL
Forest,SPECIES_HONCHKROW,Honchkrow,NATIONAL_DEX_HONCHKROW,DARK/FLYING
Forest,SPECIES_HONEDGE,Honedge,NATIONAL_DEX_HONEDGE,STEEL/GHOST
Forest,SPECIES_HOOTHOOT,Hoothoot,NATIONAL_DEX_HOOTHOOT,NORMAL/FLYING
Forest,SPECIES_HOPPIP,Hoppip,NATIONAL_DEX_HOPPIP,GRASS/FLYING
Forest,SPECIES_HOUNDOOM,Houndoom,NATIONAL_DEX_HOUNDOOM,DARK/FIRE
Forest,SPECIES_HOUNDOUR,Houndour,NATIONAL_DEX_HOUNDOUR,DARK/FIRE
Forest,SPECIES_HOUNDSTONE,Houndstone,NATIONAL_DEX_HOUNDSTONE,GHOST
Forest,SPECIES_HYDRAPPLE,Hydrapple,NATIONAL_DEX_HYDRAPPLE,GRASS/DRAGON
Forest,SPECIES_HYDREIGON,Hydreigon,NATIONAL_DEX_HYDREIGON,DARK/DRAGON
Forest,SPECIES_HYPNO,Hypno,NATIONAL_DEX_HYPNO,PSYCHIC
Forest,SPECIES_IGGLYBUFF,Igglybuff,NATIONAL_DEX_IGGLYBUFF,NORMAL/FAIRY
Forest,SPECIES_ILLUMISE,Illumise,NATIONAL_DEX_ILLUMISE,BUG
Forest,SPECIES_IMPIDIMP,Impidimp,NATIONAL_DEX_IMPIDIMP,DARK/FAIRY
Forest,SPECIES_INCINEROAR,Incineroar,NATIONAL_DEX_INCINEROAR,FIRE/DARK
Forest,SPECIES_INDEEDEE_M,Indeedee,NATIONAL_DEX_INDEEDEE,PSYCHIC/NORMAL
Forest,SPECIES_INKAY,Inkay,NATIONAL_DEX_INKAY,DARK/PSYCHIC
Forest,SPECIES_IVYSAUR,Ivysaur,NATIONAL_DEX_IVYSAUR,GRASS/POISON
Forest,SPECIES_JELLICENT,Jellicent,NATIONAL_DEX_JELLICENT,WATER/GHOST
Forest,SPECIES_JIGGLYPUFF,Jigglypuff,NATIONAL_DEX_JIGGLYPUFF,NORMAL/FAIRY
Forest,SPECIES_JOLTIK,Joltik,NATIONAL_DEX_JOLTIK,BUG/ELECTRIC
Forest,SPECIES_JUMPLUFF,Jumpluff,NATIONAL_DEX_JUMPLUFF,GRASS/FLYING
Forest,SPECIES_JYNX,Jynx,NATIONAL_DEX_JYNX,ICE/PSYCHIC
Forest,SPECIES_KADABRA,Kadabra,NATIONAL_DEX_KADABRA,PSYCHIC
Forest,SPECIES_KAKUNA,Kakuna,NATIONAL_DEX_KAKUNA,BUG/POISON
Forest,SPECIES_KANGASKHAN,Kangaskhan,NATIONAL_DEX_KANGASKHAN,NORMAL
Forest,SPECIES_KARRABLAST,Karrablast,NATIONAL_DEX_KARRABLAST,BUG
Forest,SPECIES_KECLEON,Kecleon,NATIONAL_DEX_KECLEON,NORMAL
Forest,SPECIES_KILOWATTREL,Kilowattrel,NATIONAL_DEX_KILOWATTREL,ELECTRIC/FLYING
Forest,SPECIES_KINGAMBIT,Kingambit,NATIONAL_DEX_KINGAMBIT,DARK/STEEL
Forest,SPECIES_KIRLIA,Kirlia,NATIONAL_DEX_KIRLIA,PSYCHIC
Forest,SPECIES_KLEAVOR,Kleavor,NATIONAL_DEX_KLEAVOR,BUG/ROCK
Forest,SPECIES_KLEFKI,Klefki,NATIONAL_DEX_KLEFKI,STEEL/FAIRY
Forest,SPECIES_KOFFING,Koffing,NATIONAL_DEX_KOFFING,POISON
Forest,SPECIES_KOMALA,Komala,NATIONAL_DEX_KOMALA,NORMAL
Forest,SPECIES_KRICKETOT,Kricketot,NATIONAL_DEX_KRICKETOT,BUG
Forest,SPECIES_KRICKETUNE,Kricketune,NATIONAL_DEX_KRICKETUNE,BUG
Forest,SPECIES_KROKOROK,Krokorok,NATIONAL_DEX_KROKOROK,GROUND/DARK
Forest,SPECIES_KROOKODILE,Krookodile,NATIONAL_DEX_KROOKODILE,GROUND/DARK
Forest,SPECIES_LAMPENT,Lampent,NATIONAL_DEX_LAMPENT,GHOST/FIRE
Forest,SPECIES_LANDORUS_INCARNATE,Landorus,NATIONAL_DEX_LANDORUS,GROUND/FLYING
Forest,SPECIES_LARVESTA,Larvesta,NATIONAL_DEX_LARVESTA,BUG/FIRE
Forest,SPECIES_LEAFEON,Leafeon,NATIONAL_DEX_LEAFEON,GRASS
Forest,SPECIES_LEAVANNY,Leavanny,NATIONAL_DEX_LEAVANNY,BUG/GRASS
Forest,SPECIES_LECHONK,Lechonk,NATIONAL_DEX_LECHONK,NORMAL
Forest,SPECIES_LEDIAN,Ledian,NATIONAL_DEX_LEDIAN,BUG/FLYING
Forest,SPECIES_LEDYBA,Ledyba,NATIONAL_DEX_LEDYBA,BUG/FLYING
Forest,SPECIES_LICKILICKY,Lickilicky,NATIONAL_DEX_LICKILICKY,NORMAL
Forest,SPECIES_LICKITUNG,Lickitung,NATIONAL_DEX_LICKITUNG,NORMAL
Forest,SPECIES_LIEPARD,Liepard,NATIONAL_DEX_LIEPARD,DARK
Forest,SPECIES_LILEEP,Lileep,NATIONAL_DEX_LILEEP,ROCK/GRASS
Forest,SPECIES_LILLIGANT,Lilligant,NATIONAL_DEX_LILLIGANT,GRASS
Forest,SPECIES_LILLIPUP,Lillipup,NATIONAL_DEX_LILLIPUP,NORMAL
Forest,SPECIES_LINOONE,Linoone,NATIONAL_DEX_LINOONE,NORMAL
Forest,SPECIES_LITLEO,Litleo,NATIONAL_DEX_LITLEO,FIRE/NORMAL
Forest,SPECIES_LITWICK,Litwick,NATIONAL_DEX_LITWICK,GHOST/FIRE
Forest,SPECIES_LOKIX,Lokix,NATIONAL_DEX_LOKIX,BUG/DARK
Forest,SPECIES_LOMBRE,Lombre,NATIONAL_DEX_LOMBRE,WATER/GRASS
Forest,SPECIES_LOPUNNY,Lopunny,NATIONAL_DEX_LOPUNNY,NORMAL
Forest,SPECIES_LOTAD,Lotad,NATIONAL_DEX_LOTAD,WATER/GRASS
Forest,SPECIES_LOUDRED,Loudred,NATIONAL_DEX_LOUDRED,NORMAL
Forest,SPECIES_LUDICOLO,Ludicolo,NATIONAL_DEX_LUDICOLO,WATER/GRASS
Forest,SPECIES_LUNATONE,Lunatone,NATIONAL_DEX_LUNATONE,ROCK/PSYCHIC
Forest,SPECIES_LURANTIS,Lurantis,NATIONAL_DEX_LURANTIS,GRASS
Forest,SPECIES_MABOSSTIFF,Mabosstiff,NATIONAL_DEX_MABOSSTIFF,DARK
Forest,SPECIES_MALAMAR,Malamar,NATIONAL_DEX_MALAMAR,DARK/PSYCHIC
Forest,SPECIES_MANDIBUZZ,Mandibuzz,NATIONAL_DEX_MANDIBUZZ,DARK/FLYING
Forest,SPECIES_MANTINE,Mantine,NATIONAL_DEX_MANTINE,WATER/FLYING
Forest,SPECIES_MANTYKE,Mantyke,NATIONAL_DEX_MANTYKE,WATER/FLYING
Forest,SPECIES_MARACTUS,Maractus,NATIONAL_DEX_MARACTUS,GRASS
Forest,SPECIES_MAREANIE,Mareanie,NATIONAL_DEX_MAREANIE,POISON/WATER
Forest,SPECIES_MARILL,Marill,NATIONAL_DEX_MARILL,WATER/FAIRY
Forest,SPECIES_MASCHIFF,Maschiff,NATIONAL_DEX_MASCHIFF,DARK
Forest,SPECIES_MASQUERAIN,Masquerain,NATIONAL_DEX_MASQUERAIN,BUG/FLYING
Forest,SPECIES_MAUSHOLD_THREE,Maushold,NATIONAL_DEX_MAUSHOLD,NORMAL
Forest,SPECIES_MAWILE,Mawile,NATIONAL_DEX_MAWILE,STEEL/FAIRY
Forest,SPECIES_MEDICHAM,Medicham,NATIONAL_DEX_MEDICHAM,FIGHTING/PSYCHIC
Forest,SPECIES_MEDITITE,Meditite,NATIONAL_DEX_MEDITITE,FIGHTING/PSYCHIC
Forest,SPECIES_MEGANIUM,Meganium,NATIONAL_DEX_MEGANIUM,GRASS
Forest,SPECIES_MEOWSCARADA,Meowscarada,NATIONAL_DEX_MEOWSCARADA,GRASS/DARK
Forest,SPECIES_MEOWSTIC_M,Meowstic,NATIONAL_DEX_MEOWSTIC,PSYCHIC
Forest,SPECIES_MEOWTH,Meowth,NATIONAL_DEX_MEOWTH,NORMAL
Forest,SPECIES_METAGROSS,Metagross,NATIONAL_DEX_METAGROSS,STEEL/PSYCHIC
Forest,SPECIES_METANG,Metang,NATIONAL_DEX_METANG,STEEL/PSYCHIC
Forest,SPECIES_METAPOD,Metapod,NATIONAL_DEX_METAPOD,BUG
Forest,SPECIES_MIGHTYENA,Mightyena,NATIONAL_DEX_MIGHTYENA,DARK
Forest,SPECIES_MILCERY,Milcery,NATIONAL_DEX_MILCERY,FAIRY
Forest,SPECIES_MILTANK,Miltank,NATIONAL_DEX_MILTANK,NORMAL
Forest,SPECIES_MIME_JR,Mime Jr.,NATIONAL_DEX_MIME_JR,PSYCHIC/FAIRY
Forest,SPECIES_MIMIKYU_DISGUISED,Mimikyu,NATIONAL_DEX_MIMIKYU,GHOST/FAIRY
Forest,SPECIES_MINCCINO,Minccino,NATIONAL_DEX_MINCCINO,NORMAL
Forest,SPECIES_MINIOR,Minior,NATIONAL_DEX_MINIOR,ROCK/FLYING
Forest,SPECIES_MISDREAVUS,Misdreavus,NATIONAL_DEX_MISDREAVUS,GHOST
Forest,SPECIES_MISMAGIUS,Mismagius,NATIONAL_DEX_MISMAGIUS,GHOST
Forest,SPECIES_MORELULL,Morelull,NATIONAL_DEX_MORELULL,GRASS/FAIRY
Forest,SPECIES_MORGREM,Morgrem,NATIONAL_DEX_MORGREM,DARK/FAIRY
Forest,SPECIES_MORPEKO_FULL_BELLY,Morpeko,NATIONAL_DEX_MORPEKO,ELECTRIC/DARK
Forest,SPECIES_MOTHIM,Mothim,NATIONAL_DEX_MOTHIM,BUG/FLYING
Forest,SPECIES_MR_MIME,Mr. Mime,NATIONAL_DEX_MR_MIME,PSYCHIC/FAIRY
Forest,SPECIES_MR_RIME,Mr. Rime,NATIONAL_DEX_MR_RIME,ICE/PSYCHIC
Forest,SPECIES_MUK,Muk,NATIONAL_DEX_MUK,POISON
Forest,SPECIES_MUNCHLAX,Munchlax,NATIONAL_DEX_MUNCHLAX,NORMAL
Forest,SPECIES_MUNKIDORI,Munkidori,NATIONAL_DEX_MUNKIDORI,POISON/PSYCHIC
Forest,SPECIES_MUNNA,Munna,NATIONAL_DEX_MUNNA,PSYCHIC
Forest,SPECIES_MURKROW,Murkrow,NATIONAL_DEX_MURKROW,DARK/FLYING
Forest,SPECIES_MUSHARNA,Musharna,NATIONAL_DEX_MUSHARNA,PSYCHIC
Forest,SPECIES_NATU,Natu,NATIONAL_DEX_NATU,PSYCHIC/FLYING
Forest,SPECIES_NICKIT,Nickit,NATIONAL_DEX_NICKIT,DARK
Forest,SPECIES_NIDOKING,Nidoking,NATIONAL_DEX_NIDOKING,POISON/GROUND
Forest,SPECIES_NIDOQUEEN,Nidoqueen,NATIONAL_DEX_NIDOQUEEN,POISON/GROUND
Forest,SPECIES_NIDORAN_F,Nidoran♀,NATIONAL_DEX_NIDORAN_F,POISON
Forest,SPECIES_NIDORAN_M,Nidoran♂,NATIONAL_DEX_NIDORAN_M,POISON
Forest,SPECIES_NIDORINA,Nidorina,NATIONAL_DEX_NIDORINA,POISON
Forest,SPECIES_NIDORINO,Nidorino,NATIONAL_DEX_NIDORINO,POISON
Forest,SPECIES_NINCADA,Nincada,NATIONAL_DEX_NINCADA,BUG/GROUND
Forest,SPECIES_NINJASK,Ninjask,NATIONAL_DEX_NINJASK,BUG/FLYING
Forest,SPECIES_NOCTOWL,Noctowl,NATIONAL_DEX_NOCTOWL,NORMAL/FLYING
Forest,SPECIES_NOIBAT,Noibat,NATIONAL_DEX_NOIBAT,FLYING/DRAGON
Forest,SPECIES_NOIVERN,Noivern,NATIONAL_DEX_NOIVERN,FLYING/DRAGON
Forest,SPECIES_NUZLEAF,Nuzleaf,NATIONAL_DEX_NUZLEAF,GRASS/DARK
Forest,SPECIES_NYMBLE,Nymble,NATIONAL_DEX_NYMBLE,BUG
Forest,SPECIES_OBSTAGOON,Obstagoon,NATIONAL_DEX_OBSTAGOON,DARK/NORMAL
Forest,SPECIES_ODDISH,Oddish,NATIONAL_DEX_ODDISH,GRASS/POISON
Forest,SPECIES_OINKOLOGNE_M,Oinkologne,NATIONAL_DEX_OINKOLOGNE,NORMAL
Forest,SPECIES_OKIDOGI,Okidogi,NATIONAL_DEX_OKIDOGI,POISON/FIGHTING
Forest,SPECIES_ORANGURU,Oranguru,NATIONAL_DEX_ORANGURU,NORMAL/PSYCHIC
Forest,SPECIES_ORBEETLE,Orbeetle,NATIONAL_DEX_ORBEETLE,BUG/PSYCHIC
Forest,SPECIES_ORICORIO_BAILE,Oricorio,NATIONAL_DEX_ORICORIO,FIRE/FLYING
Forest,SPECIES_OVERQWIL,Overqwil,NATIONAL_DEX_OVERQWIL,DARK/POISON
Forest,SPECIES_PALOSSAND,Palossand,NATIONAL_DEX_PALOSSAND,GHOST/GROUND
Forest,SPECIES_PANGORO,Pangoro,NATIONAL_DEX_PANGORO,FIGHTING/DARK
Forest,SPECIES_PANSAGE,Pansage,NATIONAL_DEX_PANSAGE,GRASS
Forest,SPECIES_PARAS,Paras,NATIONAL_DEX_PARAS,BUG/GRASS
Forest,SPECIES_PARASECT,Parasect,NATIONAL_DEX_PARASECT,BUG/GRASS
Forest,SPECIES_PATRAT,Patrat,NATIONAL_DEX_PATRAT,NORMAL
Forest,SPECIES_PAWNIARD,Pawniard,NATIONAL_DEX_PAWNIARD,DARK/STEEL
Forest,SPECIES_PELIPPER,Pelipper,NATIONAL_DEX_PELIPPER,WATER/FLYING
Forest,SPECIES_PERSIAN,Persian,NATIONAL_DEX_PERSIAN,NORMAL
Forest,SPECIES_PETILIL,Petilil,NATIONAL_DEX_PETILIL,GRASS
Forest,SPECIES_PHANTUMP,Phantump,NATIONAL_DEX_PHANTUMP,GHOST/GRASS
Forest,SPECIES_PIDGEOT,Pidgeot,NATIONAL_DEX_PIDGEOT,NORMAL/FLYING
Forest,SPECIES_PIDGEOTTO,Pidgeotto,NATIONAL_DEX_PIDGEOTTO,NORMAL/FLYING
Forest,SPECIES_PIDGEY,Pidgey,NATIONAL_DEX_PIDGEY,NORMAL/FLYING
Forest,SPECIES_PIDOVE,Pidove,NATIONAL_DEX_PIDOVE,NORMAL/FLYING
Forest,SPECIES_PIKIPEK,Pikipek,NATIONAL_DEX_PIKIPEK,NORMAL/FLYING
Forest,SPECIES_PINECO,Pineco,NATIONAL_DEX_PINECO,BUG
Forest,SPECIES_PINSIR,Pinsir,NATIONAL_DEX_PINSIR,BUG
Forest,SPECIES_POLTCHAGEIST_COUNTERFEIT,Poltchageist,NATIONAL_DEX_POLTCHAGEIST,GRASS/GHOST
Forest,SPECIES_POLTEAGEIST_PHONY,Polteageist,NATIONAL_DEX_POLTEAGEIST,GHOST
Forest,SPECIES_POOCHYENA,Poochyena,NATIONAL_DEX_POOCHYENA,DARK
Forest,SPECIES_PORYGON,Porygon,NATIONAL_DEX_PORYGON,NORMAL
Forest,SPECIES_PORYGON_Z,Porygon-Z,NATIONAL_DEX_PORYGON_Z,NORMAL
Forest,SPECIES_PORYGON2,Porygon2,NATIONAL_DEX_PORYGON2,NORMAL
Forest,SPECIES_PRIMARINA,Primarina,NATIONAL_DEX_PRIMARINA,WATER/FAIRY
Forest,SPECIES_PUMPKABOO_AVERAGE,Pumpkaboo,NATIONAL_DEX_PUMPKABOO,GHOST/GRASS
Forest,SPECIES_PURRLOIN,Purrloin,NATIONAL_DEX_PURRLOIN,DARK
Forest,SPECIES_PURUGLY,Purugly,NATIONAL_DEX_PURUGLY,NORMAL
Forest,SPECIES_PYROAR,Pyroar,NATIONAL_DEX_PYROAR,FIRE/NORMAL
Forest,SPECIES_QUILLADIN,Quilladin,NATIONAL_DEX_QUILLADIN,GRASS
Forest,SPECIES_QWILFISH,Qwilfish,NATIONAL_DEX_QWILFISH,WATER/POISON
Forest,SPECIES_RABSCA,Rabsca,NATIONAL_DEX_RABSCA,BUG/PSYCHIC
Forest,SPECIES_RALTS,Ralts,NATIONAL_DEX_RALTS,PSYCHIC
Forest,SPECIES_RATICATE,Raticate,NATIONAL_DEX_RATICATE,NORMAL
Forest,SPECIES_RATTATA,Rattata,NATIONAL_DEX_RATTATA,NORMAL
Forest,SPECIES_RELLOR,Rellor,NATIONAL_DEX_RELLOR,BUG
Forest,SPECIES_REUNICLUS,Reuniclus,NATIONAL_DEX_REUNICLUS,PSYCHIC
Forest,SPECIES_REVAVROOM,Revavroom,NATIONAL_DEX_REVAVROOM,STEEL/POISON
Forest,SPECIES_RIBOMBEE,Ribombee,NATIONAL_DEX_RIBOMBEE,BUG/FAIRY
Forest,SPECIES_RILLABOOM,Rillaboom,NATIONAL_DEX_RILLABOOM,GRASS
Forest,SPECIES_ROOKIDEE,Rookidee,NATIONAL_DEX_ROOKIDEE,FLYING
Forest,SPECIES_ROSELIA,Roselia,NATIONAL_DEX_ROSELIA,GRASS/POISON
Forest,SPECIES_ROSERADE,Roserade,NATIONAL_DEX_ROSERADE,GRASS/POISON
Forest,SPECIES_ROWLET,Rowlet,NATIONAL_DEX_ROWLET,GRASS/FLYING
Forest,SPECIES_RUFFLET,Rufflet,NATIONAL_DEX_RUFFLET,NORMAL/FLYING
Forest,SPECIES_RUNERIGUS,Runerigus,NATIONAL_DEX_RUNERIGUS,GROUND/GHOST
Forest,SPECIES_SABLEYE,Sableye,NATIONAL_DEX_SABLEYE,DARK/GHOST
Forest,SPECIES_SALAMENCE,Salamence,NATIONAL_DEX_SALAMENCE,DRAGON/FLYING
Forest,SPECIES_SALANDIT,Salandit,NATIONAL_DEX_SALANDIT,POISON/FIRE
Forest,SPECIES_SALAZZLE,Salazzle,NATIONAL_DEX_SALAZZLE,POISON/FIRE
Forest,SPECIES_SANDILE,Sandile,NATIONAL_DEX_SANDILE,GROUND/DARK
Forest,SPECIES_SANDYGAST,Sandygast,NATIONAL_DEX_SANDYGAST,GHOST/GROUND
Forest,SPECIES_SAWSBUCK_SPRING,Sawsbuck,NATIONAL_DEX_SAWSBUCK,NORMAL/GRASS
Forest,SPECIES_SCATTERBUG,Scatterbug,NATIONAL_DEX_SCATTERBUG,BUG
Forest,SPECIES_SCEPTILE,Sceptile,NATIONAL_DEX_SCEPTILE,GRASS
Forest,SPECIES_SCIZOR,Scizor,NATIONAL_DEX_SCIZOR,BUG/STEEL
Forest,SPECIES_SCOLIPEDE,Scolipede,NATIONAL_DEX_SCOLIPEDE,BUG/POISON
Forest,SPECIES_SCOVILLAIN,Scovillain,NATIONAL_DEX_SCOVILLAIN,GRASS/FIRE
Forest,SPECIES_SCRAFTY,Scrafty,NATIONAL_DEX_SCRAFTY,DARK/FIGHTING
Forest,SPECIES_SCRAGGY,Scraggy,NATIONAL_DEX_SCRAGGY,DARK/FIGHTING
Forest,SPECIES_SCYTHER,Scyther,NATIONAL_DEX_SCYTHER,BUG/FLYING
Forest,SPECIES_SEEDOT,Seedot,NATIONAL_DEX_SEEDOT,GRASS
Forest,SPECIES_SENTRET,Sentret,NATIONAL_DEX_SENTRET,NORMAL
Forest,SPECIES_SERPERIOR,Serperior,NATIONAL_DEX_SERPERIOR,GRASS
Forest,SPECIES_SERVINE,Servine,NATIONAL_DEX_SERVINE,GRASS
Forest,SPECIES_SEVIPER,Seviper,NATIONAL_DEX_SEVIPER,POISON
Forest,SPECIES_SEWADDLE,Sewaddle,NATIONAL_DEX_SEWADDLE,BUG/GRASS
Forest,SPECIES_SHARPEDO,Sharpedo,NATIONAL_DEX_SHARPEDO,WATER/DARK
Forest,SPECIES_SHEDINJA,Shedinja,NATIONAL_DEX_SHEDINJA,BUG/GHOST
Forest,SPECIES_SHELMET,Shelmet,NATIONAL_DEX_SHELMET,BUG
Forest,SPECIES_SHIFTRY,Shiftry,NATIONAL_DEX_SHIFTRY,GRASS/DARK
Forest,SPECIES_SHIINOTIC,Shiinotic,NATIONAL_DEX_SHIINOTIC,GRASS/FAIRY
Forest,SPECIES_SHROODLE,Shroodle,NATIONAL_DEX_SHROODLE,POISON/NORMAL
Forest,SPECIES_SHROOMISH,Shroomish,NATIONAL_DEX_SHROOMISH,GRASS
Forest,SPECIES_SHUCKLE,Shuckle,NATIONAL_DEX_SHUCKLE,BUG/ROCK
Forest,SPECIES_SHUPPET,Shuppet,NATIONAL_DEX_SHUPPET,GHOST
Forest,SPECIES_SIGILYPH,Sigilyph,NATIONAL_DEX_SIGILYPH,PSYCHIC/FLYING
Forest,SPECIES_SILCOON,Silcoon,NATIONAL_DEX_SILCOON,BUG
Forest,SPECIES_SIMISAGE,Simisage,NATIONAL_DEX_SIMISAGE,GRASS
Forest,SPECIES_SINISTCHA_UNREMARKABLE,Sinistcha,NATIONAL_DEX_SINISTCHA,GRASS/GHOST
Forest,SPECIES_SINISTEA_PHONY,Sinistea,NATIONAL_DEX_SINISTEA,GHOST
Forest,SPECIES_SIZZLIPEDE,Sizzlipede,NATIONAL_DEX_SIZZLIPEDE,FIRE/BUG
Forest,SPECIES_SKARMORY,Skarmory,NATIONAL_DEX_SKARMORY,STEEL/FLYING
Forest,SPECIES_SKELEDIRGE,Skeledirge,NATIONAL_DEX_SKELEDIRGE,FIRE/GHOST
Forest,SPECIES_SKIDDO,Skiddo,NATIONAL_DEX_SKIDDO,GRASS
Forest,SPECIES_SKIPLOOM,Skiploom,NATIONAL_DEX_SKIPLOOM,GRASS/FLYING
Forest,SPECIES_SKITTY,Skitty,NATIONAL_DEX_SKITTY,NORMAL
Forest,SPECIES_SKORUPI,Skorupi,NATIONAL_DEX_SKORUPI,POISON/BUG
Forest,SPECIES_SKRELP,Skrelp,NATIONAL_DEX_SKRELP,POISON/WATER
Forest,SPECIES_SKUNTANK,Skuntank,NATIONAL_DEX_SKUNTANK,POISON/DARK
Forest,SPECIES_SKWOVET,Skwovet,NATIONAL_DEX_SKWOVET,NORMAL
Forest,SPECIES_SLAKING,Slaking,NATIONAL_DEX_SLAKING,NORMAL
Forest,SPECIES_SLAKOTH,Slakoth,NATIONAL_DEX_SLAKOTH,NORMAL
Forest,SPECIES_SLOWBRO,Slowbro,NATIONAL_DEX_SLOWBRO,WATER/PSYCHIC
Forest,SPECIES_SLOWKING,Slowking,NATIONAL_DEX_SLOWKING,WATER/PSYCHIC
Forest,SPECIES_SLOWPOKE,Slowpoke,NATIONAL_DEX_SLOWPOKE,WATER/PSYCHIC
Forest,SPECIES_SLURPUFF,Slurpuff,NATIONAL_DEX_SLURPUFF,FAIRY
Forest,SPECIES_SMEARGLE,Smeargle,NATIONAL_DEX_SMEARGLE,NORMAL
Forest,SPECIES_SMOLIV,Smoliv,NATIONAL_DEX_SMOLIV,GRASS/NORMAL
Forest,SPECIES_SMOOCHUM,Smoochum,NATIONAL_DEX_SMOOCHUM,ICE/PSYCHIC
Forest,SPECIES_SNEASEL,Sneasel,NATIONAL_DEX_SNEASEL,DARK/ICE
Forest,SPECIES_SNEASLER,Sneasler,NATIONAL_DEX_SNEASLER,FIGHTING/POISON
Forest,SPECIES_SNIVY,Snivy,NATIONAL_DEX_SNIVY,GRASS
Forest,SPECIES_SNOM,Snom,NATIONAL_DEX_SNOM,ICE/BUG
Forest,SPECIES_SNORLAX,Snorlax,NATIONAL_DEX_SNORLAX,NORMAL
Forest,SPECIES_SNOVER,Snover,NATIONAL_DEX_SNOVER,GRASS/ICE
Forest,SPECIES_SNUBBULL,Snubbull,NATIONAL_DEX_SNUBBULL,FAIRY
Forest,SPECIES_SOLOSIS,Solosis,NATIONAL_DEX_SOLOSIS,PSYCHIC
Forest,SPECIES_SOLROCK,Solrock,NATIONAL_DEX_SOLROCK,ROCK/PSYCHIC
Forest,SPECIES_SPEAROW,Spearow,NATIONAL_DEX_SPEAROW,NORMAL/FLYING
Forest,SPECIES_SPEWPA,Spewpa,NATIONAL_DEX_SPEWPA,BUG
Forest,SPECIES_SPIDOPS,Spidops,NATIONAL_DEX_SPIDOPS,BUG
Forest,SPECIES_SPINARAK,Spinarak,NATIONAL_DEX_SPINARAK,BUG/POISON
Forest,SPECIES_SPINDA,Spinda,NATIONAL_DEX_SPINDA,NORMAL
Forest,SPECIES_SPIRITOMB,Spiritomb,NATIONAL_DEX_SPIRITOMB,GHOST/DARK
Forest,SPECIES_SPOINK,Spoink,NATIONAL_DEX_SPOINK,PSYCHIC
Forest,SPECIES_SPRIGATITO,Sprigatito,NATIONAL_DEX_SPRIGATITO,GRASS
Forest,SPECIES_SPRITZEE,Spritzee,NATIONAL_DEX_SPRITZEE,FAIRY
Forest,SPECIES_SQUAWKABILLY_GREEN,Squawkabilly,NATIONAL_DEX_SQUAWKABILLY,NORMAL/FLYING
Forest,SPECIES_STANTLER,Stantler,NATIONAL_DEX_STANTLER,NORMAL
Forest,SPECIES_STARAPTOR,Staraptor,NATIONAL_DEX_STARAPTOR,NORMAL/FLYING
Forest,SPECIES_STARAVIA,Staravia,NATIONAL_DEX_STARAVIA,NORMAL/FLYING
Forest,SPECIES_STARLY,Starly,NATIONAL_DEX_STARLY,NORMAL/FLYING
Forest,SPECIES_STARMIE,Starmie,NATIONAL_DEX_STARMIE,WATER/PSYCHIC
Forest,SPECIES_STEENEE,Steenee,NATIONAL_DEX_STEENEE,GRASS
Forest,SPECIES_STOUTLAND,Stoutland,NATIONAL_DEX_STOUTLAND,NORMAL
Forest,SPECIES_STUFFUL,Stufful,NATIONAL_DEX_STUFFUL,NORMAL/FIGHTING
Forest,SPECIES_STUNKY,Stunky,NATIONAL_DEX_STUNKY,POISON/DARK
Forest,SPECIES_SUNFLORA,Sunflora,NATIONAL_DEX_SUNFLORA,GRASS
Forest,SPECIES_SUNKERN,Sunkern,NATIONAL_DEX_SUNKERN,GRASS
Forest,SPECIES_SURSKIT,Surskit,NATIONAL_DEX_SURSKIT,BUG/WATER
Forest,SPECIES_SWABLU,Swablu,NATIONAL_DEX_SWABLU,NORMAL/FLYING
Forest,SPECIES_SWADLOON,Swadloon,NATIONAL_DEX_SWADLOON,BUG/GRASS
Forest,SPECIES_SWALOT,Swalot,NATIONAL_DEX_SWALOT,POISON
Forest,SPECIES_SWANNA,Swanna,NATIONAL_DEX_SWANNA,WATER/FLYING
Forest,SPECIES_SWELLOW,Swellow,NATIONAL_DEX_SWELLOW,NORMAL/FLYING
Forest,SPECIES_SWIRLIX,Swirlix,NATIONAL_DEX_SWIRLIX,FAIRY
Forest,SPECIES_SWOOBAT,Swoobat,NATIONAL_DEX_SWOOBAT,PSYCHIC/FLYING
Forest,SPECIES_SYLVEON,Sylveon,NATIONAL_DEX_SYLVEON,FAIRY
Forest,SPECIES_TAILLOW,Taillow,NATIONAL_DEX_TAILLOW,NORMAL/FLYING
Forest,SPECIES_TALONFLAME,Talonflame,NATIONAL_DEX_TALONFLAME,FIRE/FLYING
Forest,SPECIES_TANDEMAUS,Tandemaus,NATIONAL_DEX_TANDEMAUS,NORMAL
Forest,SPECIES_TANGELA,Tangela,NATIONAL_DEX_TANGELA,GRASS
Forest,SPECIES_TANGROWTH,Tangrowth,NATIONAL_DEX_TANGROWTH,GRASS
Forest,SPECIES_TAROUNTULA,Tarountula,NATIONAL_DEX_TAROUNTULA,BUG
Forest,SPECIES_TAUROS,Tauros,NATIONAL_DEX_TAUROS,NORMAL
Forest,SPECIES_TEDDIURSA,Teddiursa,NATIONAL_DEX_TEDDIURSA,NORMAL
Forest,SPECIES_TENTACOOL,Tentacool,NATIONAL_DEX_TENTACOOL,WATER/POISON
Forest,SPECIES_TENTACRUEL,Tentacruel,NATIONAL_DEX_TENTACRUEL,WATER/POISON
Forest,SPECIES_TERAPAGOS_NORMAL,Terapagos,NATIONAL_DEX_TERAPAGOS,NORMAL
Forest,SPECIES_THIEVUL,Thievul,NATIONAL_DEX_THIEVUL,DARK
Forest,SPECIES_THUNDURUS_INCARNATE,Thundurus,NATIONAL_DEX_THUNDURUS,ELECTRIC/FLYING
Forest,SPECIES_THWACKEY,Thwackey,NATIONAL_DEX_THWACKEY,GRASS
Forest,SPECIES_TINKATINK,Tinkatink,NATIONAL_DEX_TINKATINK,FAIRY/STEEL
Forest,SPECIES_TINKATON,Tinkaton,NATIONAL_DEX_TINKATON,FAIRY/STEEL
Forest,SPECIES_TINKATUFF,Tinkatuff,NATIONAL_DEX_TINKATUFF,FAIRY/STEEL
Forest,SPECIES_TOEDSCOOL,Toedscool,NATIONAL_DEX_TOEDSCOOL,GROUND/GRASS
Forest,SPECIES_TOEDSCRUEL,Toedscruel,NATIONAL_DEX_TOEDSCRUEL,GROUND/GRASS
Forest,SPECIES_TOGEKISS,Togekiss,NATIONAL_DEX_TOGEKISS,FLYING
Forest,SPECIES_TOGEPI,Togepi,NATIONAL_DEX_TOGEPI,FAIRY
Forest,SPECIES_TOGETIC,Togetic,NATIONAL_DEX_TOGETIC,FLYING
Forest,SPECIES_TORNADUS_INCARNATE,Tornadus,NATIONAL_DEX_TORNADUS,FLYING
Forest,SPECIES_TORTERRA,Torterra,NATIONAL_DEX_TORTERRA,GRASS/GROUND
Forest,SPECIES_TOUCANNON,Toucannon,NATIONAL_DEX_TOUCANNON,NORMAL/FLYING
Forest,SPECIES_TOXAPEX,Toxapex,NATIONAL_DEX_TOXAPEX,POISON/WATER
Forest,SPECIES_TOXEL,Toxel,NATIONAL_DEX_TOXEL,ELECTRIC/POISON
Forest,SPECIES_TOXICROAK,Toxicroak,NATIONAL_DEX_TOXICROAK,POISON/FIGHTING
Forest,SPECIES_TOXTRICITY_AMPED,Toxtricity,NATIONAL_DEX_TOXTRICITY,ELECTRIC/POISON
Forest,SPECIES_TRANQUILL,Tranquill,NATIONAL_DEX_TRANQUILL,NORMAL/FLYING
Forest,SPECIES_TREECKO,Treecko,NATIONAL_DEX_TREECKO,GRASS
Forest,SPECIES_TREVENANT,Trevenant,NATIONAL_DEX_TREVENANT,GHOST/GRASS
Forest,SPECIES_TROPIUS,Tropius,NATIONAL_DEX_TROPIUS,GRASS/FLYING
Forest,SPECIES_TRUBBISH,Trubbish,NATIONAL_DEX_TRUBBISH,POISON
Forest,SPECIES_TRUMBEAK,Trumbeak,NATIONAL_DEX_TRUMBEAK,NORMAL/FLYING
Forest,SPECIES_TSAREENA,Tsareena,NATIONAL_DEX_TSAREENA,GRASS
Forest,SPECIES_TURTWIG,Turtwig,NATIONAL_DEX_TURTWIG,GRASS
Forest,SPECIES_TYRANITAR,Tyranitar,NATIONAL_DEX_TYRANITAR,ROCK/DARK
Forest,SPECIES_UMBREON,Umbreon,NATIONAL_DEX_UMBREON,DARK
Forest,SPECIES_UNFEZANT,Unfezant,NATIONAL_DEX_UNFEZANT,NORMAL/FLYING
Forest,SPECIES_UNOWN,Unown,NATIONAL_DEX_UNOWN,PSYCHIC
Forest,SPECIES_URSALUNA,Ursaluna,NATIONAL_DEX_URSALUNA,GROUND/NORMAL
Forest,SPECIES_URSARING,Ursaring,NATIONAL_DEX_URSARING,NORMAL
Forest,SPECIES_URSHIFU_SINGLE_STRIKE,Urshifu,NATIONAL_DEX_URSHIFU,FIGHTING/DARK
Forest,SPECIES_VAROOM,Varoom,NATIONAL_DEX_VAROOM,STEEL/POISON
Forest,SPECIES_VELUZA,Veluza,NATIONAL_DEX_VELUZA,WATER/PSYCHIC
Forest,SPECIES_VENIPEDE,Venipede,NATIONAL_DEX_VENIPEDE,BUG/POISON
Forest,SPECIES_VENOMOTH,Venomoth,NATIONAL_DEX_VENOMOTH,BUG/POISON
Forest,SPECIES_VENONAT,Venonat,NATIONAL_DEX_VENONAT,BUG/POISON
Forest,SPECIES_VENUSAUR,Venusaur,NATIONAL_DEX_VENUSAUR,GRASS/POISON
Forest,SPECIES_VESPIQUEN,Vespiquen,NATIONAL_DEX_VESPIQUEN,BUG/FLYING
Forest,SPECIES_VICTREEBEL,Victreebel,NATIONAL_DEX_VICTREEBEL,GRASS/POISON
Forest,SPECIES_VIGOROTH,Vigoroth,NATIONAL_DEX_VIGOROTH,NORMAL
Forest,SPECIES_VIKAVOLT,Vikavolt,NATIONAL_DEX_VIKAVOLT,BUG/ELECTRIC
Forest,SPECIES_VILEPLUME,Vileplume,NATIONAL_DEX_VILEPLUME,GRASS/POISON
Forest,SPECIES_VIVILLON,Vivillon,NATIONAL_DEX_VIVILLON,BUG/FLYING
Forest,SPECIES_VOLBEAT,Volbeat,NATIONAL_DEX_VOLBEAT,BUG
Forest,SPECIES_VOLCARONA,Volcarona,NATIONAL_DEX_VOLCARONA,BUG/FIRE
Forest,SPECIES_VULLABY,Vullaby,NATIONAL_DEX_VULLABY,DARK/FLYING
Forest,SPECIES_WATCHOG,Watchog,NATIONAL_DEX_WATCHOG,NORMAL
Forest,SPECIES_WATTREL,Wattrel,NATIONAL_DEX_WATTREL,ELECTRIC/FLYING
Forest,SPECIES_WEAVILE,Weavile,NATIONAL_DEX_WEAVILE,DARK/ICE
Forest,SPECIES_WEEDLE,Weedle,NATIONAL_DEX_WEEDLE,BUG/POISON
Forest,SPECIES_WEEPINBELL,Weepinbell,NATIONAL_DEX_WEEPINBELL,GRASS/POISON
Forest,SPECIES_WEEZING,Weezing,NATIONAL_DEX_WEEZING,POISON
Forest,SPECIES_WHIMSICOTT,Whimsicott,NATIONAL_DEX_WHIMSICOTT,GRASS
Forest,SPECIES_WHIRLIPEDE,Whirlipede,NATIONAL_DEX_WHIRLIPEDE,BUG/POISON
Forest,SPECIES_WHISMUR,Whismur,NATIONAL_DEX_WHISMUR,NORMAL
Forest,SPECIES_WIGGLYTUFF,Wigglytuff,NATIONAL_DEX_WIGGLYTUFF,NORMAL/FAIRY
Forest,SPECIES_WIMPOD,Wimpod,NATIONAL_DEX_WIMPOD,BUG/WATER
Forest,SPECIES_WINGULL,Wingull,NATIONAL_DEX_WINGULL,WATER/FLYING
Forest,SPECIES_WOBBUFFET,Wobbuffet,NATIONAL_DEX_WOBBUFFET,PSYCHIC
Forest,SPECIES_WOOBAT,Woobat,NATIONAL_DEX_WOOBAT,PSYCHIC/FLYING
Forest,SPECIES_WOOLOO,Wooloo,NATIONAL_DEX_WOOLOO,NORMAL
Forest,SPECIES_WORMADAM_PLANT,Wormadam,NATIONAL_DEX_WORMADAM,BUG/GRASS
Forest,SPECIES_WURMPLE,Wurmple,NATIONAL_DEX_WURMPLE,BUG
Forest,SPECIES_WYNAUT,Wynaut,NATIONAL_DEX_WYNAUT,PSYCHIC
Forest,SPECIES_WYRDEER,Wyrdeer,NATIONAL_DEX_WYRDEER,NORMAL/PSYCHIC
Forest,SPECIES_XATU,Xatu,NATIONAL_DEX_XATU,PSYCHIC/FLYING
Forest,SPECIES_XERNEAS_NEUTRAL,Xerneas,NATIONAL_DEX_XERNEAS,FAIRY
Forest,SPECIES_YAMASK,Yamask,NATIONAL_DEX_YAMASK,GHOST
Forest,SPECIES_YANMA,Yanma,NATIONAL_DEX_YANMA,BUG/FLYING
Forest,SPECIES_YANMEGA,Yanmega,NATIONAL_DEX_YANMEGA,BUG/FLYING
Forest,SPECIES_YUNGOOS,Yungoos,NATIONAL_DEX_YUNGOOS,NORMAL
Forest,SPECIES_ZACIAN_HERO,Zacian,NATIONAL_DEX_ZACIAN,FAIRY
Forest,SPECIES_ZANGOOSE,Zangoose,NATIONAL_DEX_ZANGOOSE,NORMAL
Forest,SPECIES_ZIGZAGOON,Zigzagoon,NATIONAL_DEX_ZIGZAGOON,NORMAL
Forest,SPECIES_ZOROARK,Zoroark,NATIONAL_DEX_ZOROARK,DARK
Forest,SPECIES_ZORUA,Zorua,NATIONAL_DEX_ZORUA,DARK
Forest,SPECIES_ZUBAT,Zubat,NATIONAL_DEX_ZUBAT,POISON/FLYING
Forest,SPECIES_ZWEILOUS,Zweilous,NATIONAL_DEX_ZWEILOUS,DARK/DRAGON
Mountain,SPECIES_ABOMASNOW,Abomasnow,NATIONAL_DEX_ABOMASNOW,GRASS/ICE
Mountain,SPECIES_ABRA,Abra,NATIONAL_DEX_ABRA,PSYCHIC
Mountain,SPECIES_AEGISLASH_SHIELD,Aegislash,NATIONAL_DEX_AEGISLASH,STEEL/GHOST
Mountain,SPECIES_AERODACTYL,Aerodactyl,NATIONAL_DEX_AERODACTYL,ROCK/FLYING
Mountain,SPECIES_AGGRON,Aggron,NATIONAL_DEX_AGGRON,STEEL/ROCK
Mountain,SPECIES_AIPOM,Aipom,NATIONAL_DEX_AIPOM,NORMAL
Mountain,SPECIES_ALAKAZAM,Alakazam,NATIONAL_DEX_ALAKAZAM,PSYCHIC
Mountain,SPECIES_ALTARIA,Altaria,NATIONAL_DEX_ALTARIA,DRAGON/FLYING
Mountain,SPECIES_AMAURA,Amaura,NATIONAL_DEX_AMAURA,ROCK/ICE
Mountain,SPECIES_AMBIPOM,Ambipom,NATIONAL_DEX_AMBIPOM,NORMAL
Mountain,SPECIES_AMPHAROS,Ampharos,NATIONAL_DEX_AMPHAROS,ELECTRIC
Mountain,SPECIES_ANNIHILAPE,Annihilape,NATIONAL_DEX_ANNIHILAPE,FIGHTING/GHOST
Mountain,SPECIES_ANORITH,Anorith,NATIONAL_DEX_ANORITH,ROCK/BUG
Mountain,SPECIES_APPLETUN,Appletun,NATIONAL_DEX_APPLETUN,GRASS/DRAGON
Mountain,SPECIES_APPLIN,Applin,NATIONAL_DEX_APPLIN,GRASS/DRAGON
Mountain,SPECIES_ARBOLIVA,Arboliva,NATIONAL_DEX_ARBOLIVA,GRASS/NORMAL
Mountain,SPECIES_ARCANINE,Arcanine,NATIONAL_DEX_ARCANINE,FIRE
Mountain,SPECIES_ARCHALUDON,Archaludon,NATIONAL_DEX_ARCHALUDON,STEEL/DRAGON
Mountain,SPECIES_ARCHEN,Archen,NATIONAL_DEX_ARCHEN,ROCK/FLYING
Mountain,SPECIES_ARCHEOPS,Archeops,NATIONAL_DEX_ARCHEOPS,ROCK/FLYING
Mountain,SPECIES_ARCTIBAX,Arctibax,NATIONAL_DEX_ARCTIBAX,DRAGON/ICE
Mountain,SPECIES_ARCTOVISH,Arctovish,NATIONAL_DEX_ARCTOVISH,WATER/ICE
Mountain,SPECIES_ARCTOZOLT,Arctozolt,NATIONAL_DEX_ARCTOZOLT,ELECTRIC/ICE
Mountain,SPECIES_ARMALDO,Armaldo,NATIONAL_DEX_ARMALDO,ROCK/BUG
Mountain,SPECIES_ARMAROUGE,Armarouge,NATIONAL_DEX_ARMAROUGE,FIRE/PSYCHIC
Mountain,SPECIES_ARON,Aron,NATIONAL_DEX_ARON,STEEL/ROCK
Mountain,SPECIES_AUDINO,Audino,NATIONAL_DEX_AUDINO,NORMAL
Mountain,SPECIES_AURORUS,Aurorus,NATIONAL_DEX_AURORUS,ROCK/ICE
Mountain,SPECIES_AVALUGG,Avalugg,NATIONAL_DEX_AVALUGG,ICE
Mountain,SPECIES_AXEW,Axew,NATIONAL_DEX_AXEW,DRAGON
Mountain,SPECIES_AZURILL,Azurill,NATIONAL_DEX_AZURILL,NORMAL/FAIRY
Mountain,SPECIES_BAGON,Bagon,NATIONAL_DEX_BAGON,DRAGON
Mountain,SPECIES_BALTOY,Baltoy,NATIONAL_DEX_BALTOY,GROUND/PSYCHIC
Mountain,SPECIES_BARBARACLE,Barbaracle,NATIONAL_DEX_BARBARACLE,ROCK/WATER
Mountain,SPECIES_BARBOACH,Barboach,NATIONAL_DEX_BARBOACH,WATER/GROUND
Mountain,SPECIES_BASTIODON,Bastiodon,NATIONAL_DEX_BASTIODON,ROCK/STEEL
Mountain,SPECIES_BAXCALIBUR,Baxcalibur,NATIONAL_DEX_BAXCALIBUR,DRAGON/ICE
Mountain,SPECIES_BEARTIC,Beartic,NATIONAL_DEX_BEARTIC,ICE
Mountain,SPECIES_BEAUTIFLY,Beautifly,NATIONAL_DEX_BEAUTIFLY,BUG/FLYING
Mountain,SPECIES_BEHEEYEM,Beheeyem,NATIONAL_DEX_BEHEEYEM,PSYCHIC
Mountain,SPECIES_BELDUM,Beldum,NATIONAL_DEX_BELDUM,STEEL/PSYCHIC
Mountain,SPECIES_BELLIBOLT,Bellibolt,NATIONAL_DEX_BELLIBOLT,ELECTRIC
Mountain,SPECIES_BERGMITE,Bergmite,NATIONAL_DEX_BERGMITE,ICE
Mountain,SPECIES_BEWEAR,Bewear,NATIONAL_DEX_BEWEAR,NORMAL/FIGHTING
Mountain,SPECIES_BIBAREL,Bibarel,NATIONAL_DEX_BIBAREL,NORMAL/WATER
Mountain,SPECIES_BIDOOF,Bidoof,NATIONAL_DEX_BIDOOF,NORMAL
Mountain,SPECIES_BINACLE,Binacle,NATIONAL_DEX_BINACLE,ROCK/WATER
Mountain,SPECIES_BISHARP,Bisharp,NATIONAL_DEX_BISHARP,DARK/STEEL
Mountain,SPECIES_BLAZIKEN,Blaziken,NATIONAL_DEX_BLAZIKEN,FIRE/FIGHTING
Mountain,SPECIES_BLISSEY,Blissey,NATIONAL_DEX_BLISSEY,NORMAL
Mountain,SPECIES_BLITZLE,Blitzle,NATIONAL_DEX_BLITZLE,ELECTRIC
Mountain,SPECIES_BOLDORE,Boldore,NATIONAL_DEX_BOLDORE,ROCK
Mountain,SPECIES_BOLTUND,Boltund,NATIONAL_DEX_BOLTUND,ELECTRIC
Mountain,SPECIES_BOMBIRDIER,Bombirdier,NATIONAL_DEX_BOMBIRDIER,FLYING/DARK
Mountain,SPECIES_BONSLY,Bonsly,NATIONAL_DEX_BONSLY,ROCK
Mountain,SPECIES_BOUFFALANT,Bouffalant,NATIONAL_DEX_BOUFFALANT,NORMAL
Mountain,SPECIES_BRAIXEN,Braixen,NATIONAL_DEX_BRAIXEN,FIRE
Mountain,SPECIES_BRAVIARY,Braviary,NATIONAL_DEX_BRAVIARY,NORMAL/FLYING
Mountain,SPECIES_BRELOOM,Breloom,NATIONAL_DEX_BRELOOM,GRASS/FIGHTING
Mountain,SPECIES_BRONZONG,Bronzong,NATIONAL_DEX_BRONZONG,STEEL/PSYCHIC
Mountain,SPECIES_BRONZOR,Bronzor,NATIONAL_DEX_BRONZOR,STEEL/PSYCHIC
Mountain,SPECIES_BRUXISH,Bruxish,NATIONAL_DEX_BRUXISH,WATER/PSYCHIC
Mountain,SPECIES_BUNEARY,Buneary,NATIONAL_DEX_BUNEARY,NORMAL
Mountain,SPECIES_BUNNELBY,Bunnelby,NATIONAL_DEX_BUNNELBY,NORMAL
Mountain,SPECIES_BUTTERFREE,Butterfree,NATIONAL_DEX_BUTTERFREE,BUG/FLYING
Mountain,SPECIES_CAMERUPT,Camerupt,NATIONAL_DEX_CAMERUPT,FIRE/GROUND
Mountain,SPECIES_CARBINK,Carbink,NATIONAL_DEX_CARBINK,ROCK/FAIRY
Mountain,SPECIES_CARKOL,Carkol,NATIONAL_DEX_CARKOL,ROCK/FIRE
Mountain,SPECIES_CARRACOSTA,Carracosta,NATIONAL_DEX_CARRACOSTA,WATER/ROCK
Mountain,SPECIES_CASTFORM_NORMAL,Castform,NATIONAL_DEX_CASTFORM,NORMAL
Mountain,SPECIES_CENTISKORCH,Centiskorch,NATIONAL_DEX_CENTISKORCH,FIRE/BUG
Mountain,SPECIES_CERULEDGE,Ceruledge,NATIONAL_DEX_CERULEDGE,FIRE/GHOST
Mountain,SPECIES_CETITAN,Cetitan,NATIONAL_DEX_CETITAN,ICE
Mountain,SPECIES_CETODDLE,Cetoddle,NATIONAL_DEX_CETODDLE,ICE
Mountain,SPECIES_CHANDELURE,Chandelure,NATIONAL_DEX_CHANDELURE,GHOST/FIRE
Mountain,SPECIES_CHANSEY,Chansey,NATIONAL_DEX_CHANSEY,NORMAL
Mountain,SPECIES_CHARCADET,Charcadet,NATIONAL_DEX_CHARCADET,FIRE
Mountain,SPECIES_CHARIZARD,Charizard,NATIONAL_DEX_CHARIZARD,FIRE/FLYING
Mountain,SPECIES_CHARJABUG,Charjabug,NATIONAL_DEX_CHARJABUG,BUG/ELECTRIC
Mountain,SPECIES_CHARMANDER,Charmander,NATIONAL_DEX_CHARMANDER,FIRE
Mountain,SPECIES_CHARMELEON,Charmeleon,NATIONAL_DEX_CHARMELEON,FIRE
Mountain,SPECIES_CHATOT,Chatot,NATIONAL_DEX_CHATOT,NORMAL/FLYING
Mountain,SPECIES_CHESNAUGHT,Chesnaught,NATIONAL_DEX_CHESNAUGHT,GRASS/FIGHTING
Mountain,SPECIES_CHIMCHAR,Chimchar,NATIONAL_DEX_CHIMCHAR,FIRE
Mountain,SPECIES_CHIMECHO,Chimecho,NATIONAL_DEX_CHIMECHO,PSYCHIC
Mountain,SPECIES_CHINCHOU,Chinchou,NATIONAL_DEX_CHINCHOU,WATER/ELECTRIC
Mountain,SPECIES_CHINGLING,Chingling,NATIONAL_DEX_CHINGLING,PSYCHIC
Mountain,SPECIES_CINCCINO,Cinccino,NATIONAL_DEX_CINCCINO,NORMAL
Mountain,SPECIES_CINDERACE,Cinderace,NATIONAL_DEX_CINDERACE,FIRE
Mountain,SPECIES_CLAYDOL,Claydol,NATIONAL_DEX_CLAYDOL,GROUND/PSYCHIC
Mountain,SPECIES_CLEFABLE_MEGA,Clefable,NATIONAL_DEX_CLEFABLE,FAIRY/FLYING
Mountain,SPECIES_CLOBBOPUS,Clobbopus,NATIONAL_DEX_CLOBBOPUS,FIGHTING
Mountain,SPECIES_CLODSIRE,Clodsire,NATIONAL_DEX_CLODSIRE,POISON/GROUND
Mountain,SPECIES_CLOYSTER,Cloyster,NATIONAL_DEX_CLOYSTER,WATER/ICE
Mountain,SPECIES_COALOSSAL,Coalossal,NATIONAL_DEX_COALOSSAL,ROCK/FIRE
Mountain,SPECIES_COMBEE,Combee,NATIONAL_DEX_COMBEE,BUG/FLYING
Mountain,SPECIES_COMBUSKEN,Combusken,NATIONAL_DEX_COMBUSKEN,FIRE/FIGHTING
Mountain,SPECIES_CONKELDURR,Conkeldurr,NATIONAL_DEX_CONKELDURR,FIGHTING
Mountain,SPECIES_COPPERAJAH,Copperajah,NATIONAL_DEX_COPPERAJAH,STEEL
Mountain,SPECIES_CORSOLA,Corsola,NATIONAL_DEX_CORSOLA,WATER/ROCK
Mountain,SPECIES_CORVIKNIGHT,Corviknight,NATIONAL_DEX_CORVIKNIGHT,FLYING/STEEL
Mountain,SPECIES_CORVISQUIRE,Corvisquire,NATIONAL_DEX_CORVISQUIRE,FLYING
Mountain,SPECIES_CRABOMINABLE,Crabominable,NATIONAL_DEX_CRABOMINABLE,FIGHTING/ICE
Mountain,SPECIES_CRABRAWLER,Crabrawler,NATIONAL_DEX_CRABRAWLER,FIGHTING
Mountain,SPECIES_CRADILY,Cradily,NATIONAL_DEX_CRADILY,ROCK/GRASS
Mountain,SPECIES_CRAMORANT,Cramorant,NATIONAL_DEX_CRAMORANT,FLYING/WATER
Mountain,SPECIES_CRANIDOS,Cranidos,NATIONAL_DEX_CRANIDOS,ROCK
Mountain,SPECIES_CROAGUNK,Croagunk,NATIONAL_DEX_CROAGUNK,POISON/FIGHTING
Mountain,SPECIES_CROBAT,Crobat,NATIONAL_DEX_CROBAT,POISON/FLYING
Mountain,SPECIES_CROCALOR,Crocalor,NATIONAL_DEX_CROCALOR,FIRE
Mountain,SPECIES_CRUSTLE,Crustle,NATIONAL_DEX_CRUSTLE,BUG/ROCK
Mountain,SPECIES_CRYOGONAL,Cryogonal,NATIONAL_DEX_CRYOGONAL,ICE
Mountain,SPECIES_CUBCHOO,Cubchoo,NATIONAL_DEX_CUBCHOO,ICE
Mountain,SPECIES_CUBONE,Cubone,NATIONAL_DEX_CUBONE,GROUND
Mountain,SPECIES_CUFANT,Cufant,NATIONAL_DEX_CUFANT,STEEL
Mountain,SPECIES_CYCLIZAR,Cyclizar,NATIONAL_DEX_CYCLIZAR,DRAGON/NORMAL
Mountain,SPECIES_CYNDAQUIL,Cyndaquil,NATIONAL_DEX_CYNDAQUIL,FIRE
Mountain,SPECIES_DARMANITAN_STANDARD,Darmanitan,NATIONAL_DEX_DARMANITAN,FIRE
Mountain,SPECIES_DARTRIX,Dartrix,NATIONAL_DEX_DARTRIX,GRASS/FLYING
Mountain,SPECIES_DARUMAKA,Darumaka,NATIONAL_DEX_DARUMAKA,FIRE
Mountain,SPECIES_DEDENNE,Dedenne,NATIONAL_DEX_DEDENNE,ELECTRIC/FAIRY
Mountain,SPECIES_DEERLING_SPRING,Deerling,NATIONAL_DEX_DEERLING,NORMAL/GRASS
Mountain,SPECIES_DEINO,Deino,NATIONAL_DEX_DEINO,DARK/DRAGON
Mountain,SPECIES_DELCATTY,Delcatty,NATIONAL_DEX_DELCATTY,NORMAL
Mountain,SPECIES_DELIBIRD,Delibird,NATIONAL_DEX_DELIBIRD,ICE/FLYING
Mountain,SPECIES_DELPHOX,Delphox,NATIONAL_DEX_DELPHOX,FIRE/PSYCHIC
Mountain,SPECIES_DEWGONG,Dewgong,NATIONAL_DEX_DEWGONG,WATER/ICE
Mountain,SPECIES_DIGGERSBY,Diggersby,NATIONAL_DEX_DIGGERSBY,NORMAL/GROUND
Mountain,SPECIES_DIGLETT,Diglett,NATIONAL_DEX_DIGLETT,GROUND
Mountain,SPECIES_DIPPLIN,Dipplin,NATIONAL_DEX_DIPPLIN,GRASS/DRAGON
Mountain,SPECIES_DITTO,Ditto,NATIONAL_DEX_DITTO,NORMAL
Mountain,SPECIES_DODRIO,Dodrio,NATIONAL_DEX_DODRIO,NORMAL/FLYING
Mountain,SPECIES_DODUO,Doduo,NATIONAL_DEX_DODUO,NORMAL/FLYING
Mountain,SPECIES_DOLLIV,Dolliv,NATIONAL_DEX_DOLLIV,GRASS/NORMAL
Mountain,SPECIES_DONPHAN,Donphan,NATIONAL_DEX_DONPHAN,GROUND
Mountain,SPECIES_DOTTLER,Dottler,NATIONAL_DEX_DOTTLER,BUG/PSYCHIC
Mountain,SPECIES_DOUBLADE,Doublade,NATIONAL_DEX_DOUBLADE,STEEL/GHOST
Mountain,SPECIES_DRACOVISH,Dracovish,NATIONAL_DEX_DRACOVISH,WATER/DRAGON
Mountain,SPECIES_DRACOZOLT,Dracozolt,NATIONAL_DEX_DRACOZOLT,ELECTRIC/DRAGON
Mountain,SPECIES_DRAGALGE,Dragalge,NATIONAL_DEX_DRAGALGE,POISON/DRAGON
Mountain,SPECIES_DRAGAPULT,Dragapult,NATIONAL_DEX_DRAGAPULT,DRAGON/GHOST
Mountain,SPECIES_DRAGONAIR,Dragonair,NATIONAL_DEX_DRAGONAIR,DRAGON
Mountain,SPECIES_DRAGONITE,Dragonite,NATIONAL_DEX_DRAGONITE,DRAGON/FLYING
Mountain,SPECIES_DRAKLOAK,Drakloak,NATIONAL_DEX_DRAKLOAK,DRAGON/GHOST
Mountain,SPECIES_DRAMPA,Drampa,NATIONAL_DEX_DRAMPA,NORMAL/DRAGON
Mountain,SPECIES_DRATINI,Dratini,NATIONAL_DEX_DRATINI,DRAGON
Mountain,SPECIES_DREDNAW,Drednaw,NATIONAL_DEX_DREDNAW,WATER/ROCK
Mountain,SPECIES_DREEPY,Dreepy,NATIONAL_DEX_DREEPY,DRAGON/GHOST
Mountain,SPECIES_DRIFBLIM,Drifblim,NATIONAL_DEX_DRIFBLIM,GHOST/FLYING
Mountain,SPECIES_DRIFLOON,Drifloon,NATIONAL_DEX_DRIFLOON,GHOST/FLYING
Mountain,SPECIES_DRILBUR,Drilbur,NATIONAL_DEX_DRILBUR,GROUND
Mountain,SPECIES_DROWZEE,Drowzee,NATIONAL_DEX_DROWZEE,PSYCHIC
Mountain,SPECIES_DRUDDIGON,Druddigon,NATIONAL_DEX_DRUDDIGON,DRAGON
Mountain,SPECIES_DUBWOOL,Dubwool,NATIONAL_DEX_DUBWOOL,NORMAL
Mountain,SPECIES_DUCKLETT,Ducklett,NATIONAL_DEX_DUCKLETT,WATER/FLYING
Mountain,SPECIES_DUDUNSPARCE_TWO_SEGMENT,Dudunsparce,NATIONAL_DEX_DUDUNSPARCE,NORMAL
Mountain,SPECIES_DUGTRIO,Dugtrio,NATIONAL_DEX_DUGTRIO,GROUND
Mountain,SPECIES_DUNSPARCE,Dunsparce,NATIONAL_DEX_DUNSPARCE,NORMAL
Mountain,SPECIES_DUOSION,Duosion,NATIONAL_DEX_DUOSION,PSYCHIC
Mountain,SPECIES_DURALUDON,Duraludon,NATIONAL_DEX_DURALUDON,STEEL/DRAGON
Mountain,SPECIES_DURANT,Durant,NATIONAL_DEX_DURANT,BUG/STEEL
Mountain,SPECIES_DWEBBLE,Dwebble,NATIONAL_DEX_DWEBBLE,BUG/ROCK
Mountain,SPECIES_EELEKTRIK,Eelektrik,NATIONAL_DEX_EELEKTRIK,ELECTRIC
Mountain,SPECIES_EELEKTROSS,Eelektross,NATIONAL_DEX_EELEKTROSS,ELECTRIC
Mountain,SPECIES_EEVEE,Eevee,NATIONAL_DEX_EEVEE,NORMAL
Mountain,SPECIES_EISCUE_ICE,Eiscue,NATIONAL_DEX_EISCUE,ICE
Mountain,SPECIES_ELECTABUZZ,Electabuzz,NATIONAL_DEX_ELECTABUZZ,ELECTRIC
Mountain,SPECIES_ELECTIVIRE,Electivire,NATIONAL_DEX_ELECTIVIRE,ELECTRIC
Mountain,SPECIES_ELECTRIKE,Electrike,NATIONAL_DEX_ELECTRIKE,ELECTRIC
Mountain,SPECIES_ELECTRODE,Electrode,NATIONAL_DEX_ELECTRODE,ELECTRIC
Mountain,SPECIES_ELEKID,Elekid,NATIONAL_DEX_ELEKID,ELECTRIC
Mountain,SPECIES_ELGYEM,Elgyem,NATIONAL_DEX_ELGYEM,PSYCHIC
Mountain,SPECIES_EMBOAR,Emboar,NATIONAL_DEX_EMBOAR,FIRE/FIGHTING
Mountain,SPECIES_EMOLGA,Emolga,NATIONAL_DEX_EMOLGA,ELECTRIC/FLYING
Mountain,SPECIES_EMPOLEON,Empoleon,NATIONAL_DEX_EMPOLEON,WATER/STEEL
Mountain,SPECIES_ENAMORUS_INCARNATE,Enamorus,NATIONAL_DEX_ENAMORUS,FAIRY/FLYING
Mountain,SPECIES_ESCAVALIER,Escavalier,NATIONAL_DEX_ESCAVALIER,BUG/STEEL
Mountain,SPECIES_ESPATHRA,Espathra,NATIONAL_DEX_ESPATHRA,PSYCHIC
Mountain,SPECIES_ESPEON,Espeon,NATIONAL_DEX_ESPEON,PSYCHIC
Mountain,SPECIES_ESPURR,Espurr,NATIONAL_DEX_ESPURR,PSYCHIC
Mountain,SPECIES_EXCADRILL,Excadrill,NATIONAL_DEX_EXCADRILL,GROUND/STEEL
Mountain,SPECIES_EXEGGCUTE,Exeggcute,NATIONAL_DEX_EXEGGCUTE,GRASS/PSYCHIC
Mountain,SPECIES_EXEGGUTOR,Exeggutor,NATIONAL_DEX_EXEGGUTOR,GRASS/PSYCHIC
Mountain,SPECIES_EXPLOUD,Exploud,NATIONAL_DEX_EXPLOUD,NORMAL
Mountain,SPECIES_FALINKS,Falinks,NATIONAL_DEX_FALINKS,FIGHTING
Mountain,SPECIES_FARFETCHD,Farfetch'd,NATIONAL_DEX_FARFETCHD,NORMAL/FLYING
Mountain,SPECIES_FARIGIRAF,Farigiraf,NATIONAL_DEX_FARIGIRAF,NORMAL/PSYCHIC
Mountain,SPECIES_FEAROW,Fearow,NATIONAL_DEX_FEAROW,NORMAL/FLYING
Mountain,SPECIES_FENNEKIN,Fennekin,NATIONAL_DEX_FENNEKIN,FIRE
Mountain,SPECIES_FERROSEED,Ferroseed,NATIONAL_DEX_FERROSEED,GRASS/STEEL
Mountain,SPECIES_FERROTHORN,Ferrothorn,NATIONAL_DEX_FERROTHORN,GRASS/STEEL
Mountain,SPECIES_FLAAFFY,Flaaffy,NATIONAL_DEX_FLAAFFY,ELECTRIC
Mountain,SPECIES_FLAMIGO,Flamigo,NATIONAL_DEX_FLAMIGO,FLYING/FIGHTING
Mountain,SPECIES_FLAPPLE,Flapple,NATIONAL_DEX_FLAPPLE,GRASS/DRAGON
Mountain,SPECIES_FLAREON,Flareon,NATIONAL_DEX_FLAREON,FIRE
Mountain,SPECIES_FLETCHINDER,Fletchinder,NATIONAL_DEX_FLETCHINDER,FIRE/FLYING
Mountain,SPECIES_FLETCHLING,Fletchling,NATIONAL_DEX_FLETCHLING,NORMAL/FLYING
Mountain,SPECIES_FLITTLE,Flittle,NATIONAL_DEX_FLITTLE,PSYCHIC
Mountain,SPECIES_FLYGON,Flygon,NATIONAL_DEX_FLYGON,GROUND/DRAGON
Mountain,SPECIES_FORRETRESS,Forretress,NATIONAL_DEX_FORRETRESS,BUG/STEEL
Mountain,SPECIES_FRAXURE,Fraxure,NATIONAL_DEX_FRAXURE,DRAGON
Mountain,SPECIES_FRIGIBAX,Frigibax,NATIONAL_DEX_FRIGIBAX,DRAGON/ICE
Mountain,SPECIES_FROSLASS,Froslass,NATIONAL_DEX_FROSLASS,ICE/GHOST
Mountain,SPECIES_FROSMOTH,Frosmoth,NATIONAL_DEX_FROSMOTH,ICE/BUG
Mountain,SPECIES_FUECOCO,Fuecoco,NATIONAL_DEX_FUECOCO,FIRE
Mountain,SPECIES_FURFROU,Furfrou,NATIONAL_DEX_FURFROU,NORMAL
Mountain,SPECIES_FURRET,Furret,NATIONAL_DEX_FURRET,NORMAL
Mountain,SPECIES_GABITE,Gabite,NATIONAL_DEX_GABITE,DRAGON/GROUND
Mountain,SPECIES_GALLADE,Gallade,NATIONAL_DEX_GALLADE,PSYCHIC/FIGHTING
Mountain,SPECIES_GALVANTULA,Galvantula,NATIONAL_DEX_GALVANTULA,BUG/ELECTRIC
Mountain,SPECIES_GARCHOMP,Garchomp,NATIONAL_DEX_GARCHOMP,DRAGON/GROUND
Mountain,SPECIES_GARDEVOIR,Gardevoir,NATIONAL_DEX_GARDEVOIR,PSYCHIC
Mountain,SPECIES_GARGANACL,Garganacl,NATIONAL_DEX_GARGANACL,ROCK
Mountain,SPECIES_GASTRODON_WEST,Gastrodon,NATIONAL_DEX_GASTRODON,WATER/GROUND
Mountain,SPECIES_GEODUDE,Geodude,NATIONAL_DEX_GEODUDE,ROCK/GROUND
Mountain,SPECIES_GHOLDENGO,Gholdengo,NATIONAL_DEX_GHOLDENGO,STEEL/GHOST
Mountain,SPECIES_GIBLE,Gible,NATIONAL_DEX_GIBLE,DRAGON/GROUND
Mountain,SPECIES_GIGALITH,Gigalith,NATIONAL_DEX_GIGALITH,ROCK
Mountain,SPECIES_GIRAFARIG,Girafarig,NATIONAL_DEX_GIRAFARIG,NORMAL/PSYCHIC
Mountain,SPECIES_GIRATINA_ALTERED,Giratina,NATIONAL_DEX_GIRATINA,GHOST/DRAGON
Mountain,SPECIES_GLACEON,Glaceon,NATIONAL_DEX_GLACEON,ICE
Mountain,SPECIES_GLALIE,Glalie,NATIONAL_DEX_GLALIE,ICE
Mountain,SPECIES_GLAMEOW,Glameow,NATIONAL_DEX_GLAMEOW,NORMAL
Mountain,SPECIES_GLIGAR,Gligar,NATIONAL_DEX_GLIGAR,GROUND/FLYING
Mountain,SPECIES_GLIMMET,Glimmet,NATIONAL_DEX_GLIMMET,ROCK/POISON
Mountain,SPECIES_GLIMMORA,Glimmora,NATIONAL_DEX_GLIMMORA,ROCK/POISON
Mountain,SPECIES_GLISCOR,Gliscor,NATIONAL_DEX_GLISCOR,GROUND/FLYING
Mountain,SPECIES_GOLBAT,Golbat,NATIONAL_DEX_GOLBAT,POISON/FLYING
Mountain,SPECIES_GOLEM,Golem,NATIONAL_DEX_GOLEM,ROCK/GROUND
Mountain,SPECIES_GOLETT,Golett,NATIONAL_DEX_GOLETT,GROUND/GHOST
Mountain,SPECIES_GOLURK,Golurk,NATIONAL_DEX_GOLURK,GROUND/GHOST
Mountain,SPECIES_GOODRA,Goodra,NATIONAL_DEX_GOODRA,DRAGON
Mountain,SPECIES_GOOMY,Goomy,NATIONAL_DEX_GOOMY,DRAGON
Mountain,SPECIES_GOTHITA,Gothita,NATIONAL_DEX_GOTHITA,PSYCHIC
Mountain,SPECIES_GOTHITELLE,Gothitelle,NATIONAL_DEX_GOTHITELLE,PSYCHIC
Mountain,SPECIES_GOTHORITA,Gothorita,NATIONAL_DEX_GOTHORITA,PSYCHIC
Mountain,SPECIES_GRAFAIAI,Grafaiai,NATIONAL_DEX_GRAFAIAI,POISON/NORMAL
Mountain,SPECIES_GRAPPLOCT,Grapploct,NATIONAL_DEX_GRAPPLOCT,FIGHTING
Mountain,SPECIES_GRAVELER,Graveler,NATIONAL_DEX_GRAVELER,ROCK/GROUND
Mountain,SPECIES_GREEDENT,Greedent,NATIONAL_DEX_GREEDENT,NORMAL
Mountain,SPECIES_GROWLITHE,Growlithe,NATIONAL_DEX_GROWLITHE,FIRE
Mountain,SPECIES_GRUMPIG,Grumpig,NATIONAL_DEX_GRUMPIG,PSYCHIC
Mountain,SPECIES_GUMSHOOS,Gumshoos,NATIONAL_DEX_GUMSHOOS,NORMAL
Mountain,SPECIES_GURDURR,Gurdurr,NATIONAL_DEX_GURDURR,FIGHTING
Mountain,SPECIES_GYARADOS,Gyarados,NATIONAL_DEX_GYARADOS,WATER/FLYING
Mountain,SPECIES_HAKAMO_O,Hakamo-o,NATIONAL_DEX_HAKAMO_O,DRAGON/FIGHTING
Mountain,SPECIES_HAPPINY,Happiny,NATIONAL_DEX_HAPPINY,NORMAL
Mountain,SPECIES_HARIYAMA,Hariyama,NATIONAL_DEX_HARIYAMA,FIGHTING
Mountain,SPECIES_HATENNA,Hatenna,NATIONAL_DEX_HATENNA,PSYCHIC
Mountain,SPECIES_HATTERENE,Hatterene,NATIONAL_DEX_HATTERENE,PSYCHIC/FAIRY
Mountain,SPECIES_HATTREM,Hattrem,NATIONAL_DEX_HATTREM,PSYCHIC
Mountain,SPECIES_HAWLUCHA,Hawlucha,NATIONAL_DEX_HAWLUCHA,FIGHTING/FLYING
Mountain,SPECIES_HAXORUS,Haxorus,NATIONAL_DEX_HAXORUS,DRAGON
Mountain,SPECIES_HEATMOR,Heatmor,NATIONAL_DEX_HEATMOR,FIRE
Mountain,SPECIES_HELIOLISK,Heliolisk,NATIONAL_DEX_HELIOLISK,ELECTRIC/NORMAL
Mountain,SPECIES_HELIOPTILE,Helioptile,NATIONAL_DEX_HELIOPTILE,ELECTRIC/NORMAL
Mountain,SPECIES_HERACROSS,Heracross,NATIONAL_DEX_HERACROSS,BUG/FIGHTING
Mountain,SPECIES_HERDIER,Herdier,NATIONAL_DEX_HERDIER,NORMAL
Mountain,SPECIES_HIPPOPOTAS,Hippopotas,NATIONAL_DEX_HIPPOPOTAS,GROUND
Mountain,SPECIES_HIPPOWDON,Hippowdon,NATIONAL_DEX_HIPPOWDON,GROUND
Mountain,SPECIES_HITMONCHAN,Hitmonchan,NATIONAL_DEX_HITMONCHAN,FIGHTING
Mountain,SPECIES_HITMONLEE,Hitmonlee,NATIONAL_DEX_HITMONLEE,FIGHTING
Mountain,SPECIES_HITMONTOP,Hitmontop,NATIONAL_DEX_HITMONTOP,FIGHTING
Mountain,SPECIES_HONCHKROW,Honchkrow,NATIONAL_DEX_HONCHKROW,DARK/FLYING
Mountain,SPECIES_HONEDGE,Honedge,NATIONAL_DEX_HONEDGE,STEEL/GHOST
Mountain,SPECIES_HOOTHOOT,Hoothoot,NATIONAL_DEX_HOOTHOOT,NORMAL/FLYING
Mountain,SPECIES_HOPPIP,Hoppip,NATIONAL_DEX_HOPPIP,GRASS/FLYING
Mountain,SPECIES_HOUNDOOM,Houndoom,NATIONAL_DEX_HOUNDOOM,DARK/FIRE
Mountain,SPECIES_HOUNDOUR,Houndour,NATIONAL_DEX_HOUNDOUR,DARK/FIRE
Mountain,SPECIES_HYDRAPPLE,Hydrapple,NATIONAL_DEX_HYDRAPPLE,GRASS/DRAGON
Mountain,SPECIES_HYDREIGON,Hydreigon,NATIONAL_DEX_HYDREIGON,DARK/DRAGON
Mountain,SPECIES_HYPNO,Hypno,NATIONAL_DEX_HYPNO,PSYCHIC
Mountain,SPECIES_IGGLYBUFF,Igglybuff,NATIONAL_DEX_IGGLYBUFF,NORMAL/FAIRY
Mountain,SPECIES_INCINEROAR,Incineroar,NATIONAL_DEX_INCINEROAR,FIRE/DARK
Mountain,SPECIES_INDEEDEE_M,Indeedee,NATIONAL_DEX_INDEEDEE,PSYCHIC/NORMAL
Mountain,SPECIES_INFERNAPE,Infernape,NATIONAL_DEX_INFERNAPE,FIRE/FIGHTING
Mountain,SPECIES_INKAY,Inkay,NATIONAL_DEX_INKAY,DARK/PSYCHIC
Mountain,SPECIES_JANGMO_O,Jangmo-o,NATIONAL_DEX_JANGMO_O,DRAGON
Mountain,SPECIES_JIGGLYPUFF,Jigglypuff,NATIONAL_DEX_JIGGLYPUFF,NORMAL/FAIRY
Mountain,SPECIES_JOLTEON,Jolteon,NATIONAL_DEX_JOLTEON,ELECTRIC
Mountain,SPECIES_JOLTIK,Joltik,NATIONAL_DEX_JOLTIK,BUG/ELECTRIC
Mountain,SPECIES_JUMPLUFF,Jumpluff,NATIONAL_DEX_JUMPLUFF,GRASS/FLYING
Mountain,SPECIES_JYNX,Jynx,NATIONAL_DEX_JYNX,ICE/PSYCHIC
Mountain,SPECIES_KABUTO,Kabuto,NATIONAL_DEX_KABUTO,ROCK/WATER
Mountain,SPECIES_KABUTOPS,Kabutops,NATIONAL_DEX_KABUTOPS,ROCK/WATER
Mountain,SPECIES_KADABRA,Kadabra,NATIONAL_DEX_KADABRA,PSYCHIC
Mountain,SPECIES_KANGASKHAN,Kangaskhan,NATIONAL_DEX_KANGASKHAN,NORMAL
Mountain,SPECIES_KECLEON,Kecleon,NATIONAL_DEX_KECLEON,NORMAL
Mountain,SPECIES_KILOWATTREL,Kilowattrel,NATIONAL_DEX_KILOWATTREL,ELECTRIC/FLYING
Mountain,SPECIES_KINGAMBIT,Kingambit,NATIONAL_DEX_KINGAMBIT,DARK/STEEL
Mountain,SPECIES_KINGDRA,Kingdra,NATIONAL_DEX_KINGDRA,WATER/DRAGON
Mountain,SPECIES_KIRLIA,Kirlia,NATIONAL_DEX_KIRLIA,PSYCHIC
Mountain,SPECIES_KLANG,Klang,NATIONAL_DEX_KLANG,STEEL
Mountain,SPECIES_KLAWF,Klawf,NATIONAL_DEX_KLAWF,ROCK
Mountain,SPECIES_KLEAVOR,Kleavor,NATIONAL_DEX_KLEAVOR,BUG/ROCK
Mountain,SPECIES_KLEFKI,Klefki,NATIONAL_DEX_KLEFKI,STEEL/FAIRY
Mountain,SPECIES_KLINK,Klink,NATIONAL_DEX_KLINK,STEEL
Mountain,SPECIES_KLINKLANG,Klinklang,NATIONAL_DEX_KLINKLANG,STEEL
Mountain,SPECIES_KOMALA,Komala,NATIONAL_DEX_KOMALA,NORMAL
Mountain,SPECIES_KOMMO_O,Kommo-o,NATIONAL_DEX_KOMMO_O,DRAGON/FIGHTING
Mountain,SPECIES_KROKOROK,Krokorok,NATIONAL_DEX_KROKOROK,GROUND/DARK
Mountain,SPECIES_KROOKODILE,Krookodile,NATIONAL_DEX_KROOKODILE,GROUND/DARK
Mountain,SPECIES_LAIRON,Lairon,NATIONAL_DEX_LAIRON,STEEL/ROCK
Mountain,SPECIES_LAMPENT,Lampent,NATIONAL_DEX_LAMPENT,GHOST/FIRE
Mountain,SPECIES_LANDORUS_INCARNATE,Landorus,NATIONAL_DEX_LANDORUS,GROUND/FLYING
Mountain,SPECIES_LANTURN,Lanturn,NATIONAL_DEX_LANTURN,WATER/ELECTRIC
Mountain,SPECIES_LAPRAS,Lapras,NATIONAL_DEX_LAPRAS,WATER/ICE
Mountain,SPECIES_LARVESTA,Larvesta,NATIONAL_DEX_LARVESTA,BUG/FIRE
Mountain,SPECIES_LARVITAR,Larvitar,NATIONAL_DEX_LARVITAR,ROCK/GROUND
Mountain,SPECIES_LECHONK,Lechonk,NATIONAL_DEX_LECHONK,NORMAL
Mountain,SPECIES_LEDIAN,Ledian,NATIONAL_DEX_LEDIAN,BUG/FLYING
Mountain,SPECIES_LEDYBA,Ledyba,NATIONAL_DEX_LEDYBA,BUG/FLYING
Mountain,SPECIES_LICKILICKY,Lickilicky,NATIONAL_DEX_LICKILICKY,NORMAL
Mountain,SPECIES_LICKITUNG,Lickitung,NATIONAL_DEX_LICKITUNG,NORMAL
Mountain,SPECIES_LILEEP,Lileep,NATIONAL_DEX_LILEEP,ROCK/GRASS
Mountain,SPECIES_LILLIPUP,Lillipup,NATIONAL_DEX_LILLIPUP,NORMAL
Mountain,SPECIES_LINOONE,Linoone,NATIONAL_DEX_LINOONE,NORMAL
Mountain,SPECIES_LITLEO,Litleo,NATIONAL_DEX_LITLEO,FIRE/NORMAL
Mountain,SPECIES_LITTEN,Litten,NATIONAL_DEX_LITTEN,FIRE
Mountain,SPECIES_LITWICK,Litwick,NATIONAL_DEX_LITWICK,GHOST/FIRE
Mountain,SPECIES_LOPUNNY,Lopunny,NATIONAL_DEX_LOPUNNY,NORMAL
Mountain,SPECIES_LOUDRED,Loudred,NATIONAL_DEX_LOUDRED,NORMAL
Mountain,SPECIES_LUCARIO,Lucario,NATIONAL_DEX_LUCARIO,FIGHTING/STEEL
Mountain,SPECIES_LUNATONE,Lunatone,NATIONAL_DEX_LUNATONE,ROCK/PSYCHIC
Mountain,SPECIES_LUXIO,Luxio,NATIONAL_DEX_LUXIO,ELECTRIC
Mountain,SPECIES_LUXRAY,Luxray,NATIONAL_DEX_LUXRAY,ELECTRIC
Mountain,SPECIES_LYCANROC_MIDDAY,Lycanroc,NATIONAL_DEX_LYCANROC,ROCK
Mountain,SPECIES_MACHAMP,Machamp,NATIONAL_DEX_MACHAMP,FIGHTING
Mountain,SPECIES_MACHOKE,Machoke,NATIONAL_DEX_MACHOKE,FIGHTING
Mountain,SPECIES_MACHOP,Machop,NATIONAL_DEX_MACHOP,FIGHTING
Mountain,SPECIES_MAGBY,Magby,NATIONAL_DEX_MAGBY,FIRE
Mountain,SPECIES_MAGCARGO,Magcargo,NATIONAL_DEX_MAGCARGO,FIRE/ROCK
Mountain,SPECIES_MAGMAR,Magmar,NATIONAL_DEX_MAGMAR,FIRE
Mountain,SPECIES_MAGMORTAR,Magmortar,NATIONAL_DEX_MAGMORTAR,FIRE
Mountain,SPECIES_MAGNEMITE,Magnemite,NATIONAL_DEX_MAGNEMITE,ELECTRIC
Mountain,SPECIES_MAGNETON,Magneton,NATIONAL_DEX_MAGNETON,ELECTRIC
Mountain,SPECIES_MAGNEZONE,Magnezone,NATIONAL_DEX_MAGNEZONE,ELECTRIC/STEEL
Mountain,SPECIES_MAKUHITA,Makuhita,NATIONAL_DEX_MAKUHITA,FIGHTING
Mountain,SPECIES_MALAMAR,Malamar,NATIONAL_DEX_MALAMAR,DARK/PSYCHIC
Mountain,SPECIES_MAMOSWINE,Mamoswine,NATIONAL_DEX_MAMOSWINE,ICE/GROUND
Mountain,SPECIES_MANDIBUZZ,Mandibuzz,NATIONAL_DEX_MANDIBUZZ,DARK/FLYING
Mountain,SPECIES_MANECTRIC,Manectric,NATIONAL_DEX_MANECTRIC,ELECTRIC
Mountain,SPECIES_MANKEY,Mankey,NATIONAL_DEX_MANKEY,FIGHTING
Mountain,SPECIES_MANTINE,Mantine,NATIONAL_DEX_MANTINE,WATER/FLYING
Mountain,SPECIES_MANTYKE,Mantyke,NATIONAL_DEX_MANTYKE,WATER/FLYING
Mountain,SPECIES_MAREEP,Mareep,NATIONAL_DEX_MAREEP,ELECTRIC
Mountain,SPECIES_MAROWAK,Marowak,NATIONAL_DEX_MAROWAK,GROUND
Mountain,SPECIES_MARSHTOMP,Marshtomp,NATIONAL_DEX_MARSHTOMP,WATER/GROUND
Mountain,SPECIES_MASQUERAIN,Masquerain,NATIONAL_DEX_MASQUERAIN,BUG/FLYING
Mountain,SPECIES_MAUSHOLD_THREE,Maushold,NATIONAL_DEX_MAUSHOLD,NORMAL
Mountain,SPECIES_MAWILE,Mawile,NATIONAL_DEX_MAWILE,STEEL/FAIRY
Mountain,SPECIES_MEDICHAM,Medicham,NATIONAL_DEX_MEDICHAM,FIGHTING/PSYCHIC
Mountain,SPECIES_MEDITITE,Meditite,NATIONAL_DEX_MEDITITE,FIGHTING/PSYCHIC
Mountain,SPECIES_MEOWSTIC_M,Meowstic,NATIONAL_DEX_MEOWSTIC,PSYCHIC
Mountain,SPECIES_MEOWTH,Meowth,NATIONAL_DEX_MEOWTH,NORMAL
Mountain,SPECIES_METAGROSS,Metagross,NATIONAL_DEX_METAGROSS,STEEL/PSYCHIC
Mountain,SPECIES_METANG,Metang,NATIONAL_DEX_METANG,STEEL/PSYCHIC
Mountain,SPECIES_MIENFOO,Mienfoo,NATIONAL_DEX_MIENFOO,FIGHTING
Mountain,SPECIES_MIENSHAO,Mienshao,NATIONAL_DEX_MIENSHAO,FIGHTING
Mountain,SPECIES_MILTANK,Miltank,NATIONAL_DEX_MILTANK,NORMAL
Mountain,SPECIES_MIME_JR,Mime Jr.,NATIONAL_DEX_MIME_JR,PSYCHIC/FAIRY
Mountain,SPECIES_MINCCINO,Minccino,NATIONAL_DEX_MINCCINO,NORMAL
Mountain,SPECIES_MINIOR,Minior,NATIONAL_DEX_MINIOR,ROCK/FLYING
Mountain,SPECIES_MINUN,Minun,NATIONAL_DEX_MINUN,ELECTRIC
Mountain,SPECIES_MONFERNO,Monferno,NATIONAL_DEX_MONFERNO,FIRE/FIGHTING
Mountain,SPECIES_MORPEKO_FULL_BELLY,Morpeko,NATIONAL_DEX_MORPEKO,ELECTRIC/DARK
Mountain,SPECIES_MOTHIM,Mothim,NATIONAL_DEX_MOTHIM,BUG/FLYING
Mountain,SPECIES_MR_MIME,Mr. Mime,NATIONAL_DEX_MR_MIME,PSYCHIC/FAIRY
Mountain,SPECIES_MR_RIME,Mr. Rime,NATIONAL_DEX_MR_RIME,ICE/PSYCHIC
Mountain,SPECIES_MUDBRAY,Mudbray,NATIONAL_DEX_MUDBRAY,GROUND
Mountain,SPECIES_MUDSDALE,Mudsdale,NATIONAL_DEX_MUDSDALE,GROUND
Mountain,SPECIES_MUNCHLAX,Munchlax,NATIONAL_DEX_MUNCHLAX,NORMAL
Mountain,SPECIES_MUNKIDORI,Munkidori,NATIONAL_DEX_MUNKIDORI,POISON/PSYCHIC
Mountain,SPECIES_MUNNA,Munna,NATIONAL_DEX_MUNNA,PSYCHIC
Mountain,SPECIES_MURKROW,Murkrow,NATIONAL_DEX_MURKROW,DARK/FLYING
Mountain,SPECIES_MUSHARNA,Musharna,NATIONAL_DEX_MUSHARNA,PSYCHIC
Mountain,SPECIES_NACLI,Nacli,NATIONAL_DEX_NACLI,ROCK
Mountain,SPECIES_NACLSTACK,Naclstack,NATIONAL_DEX_NACLSTACK,ROCK
Mountain,SPECIES_NATU,Natu,NATIONAL_DEX_NATU,PSYCHIC/FLYING
Mountain,SPECIES_NIDOKING,Nidoking,NATIONAL_DEX_NIDOKING,POISON/GROUND
Mountain,SPECIES_NIDOQUEEN,Nidoqueen,NATIONAL_DEX_NIDOQUEEN,POISON/GROUND
Mountain,SPECIES_NINCADA,Nincada,NATIONAL_DEX_NINCADA,BUG/GROUND
Mountain,SPECIES_NINETALES,Ninetales,NATIONAL_DEX_NINETALES,FIRE
Mountain,SPECIES_NINJASK,Ninjask,NATIONAL_DEX_NINJASK,BUG/FLYING
Mountain,SPECIES_NOCTOWL,Noctowl,NATIONAL_DEX_NOCTOWL,NORMAL/FLYING
Mountain,SPECIES_NOIBAT,Noibat,NATIONAL_DEX_NOIBAT,FLYING/DRAGON
Mountain,SPECIES_NOIVERN,Noivern,NATIONAL_DEX_NOIVERN,FLYING/DRAGON
Mountain,SPECIES_NOSEPASS,Nosepass,NATIONAL_DEX_NOSEPASS,ROCK
Mountain,SPECIES_NUMEL,Numel,NATIONAL_DEX_NUMEL,FIRE/GROUND
Mountain,SPECIES_OBSTAGOON,Obstagoon,NATIONAL_DEX_OBSTAGOON,DARK/NORMAL
Mountain,SPECIES_OINKOLOGNE_M,Oinkologne,NATIONAL_DEX_OINKOLOGNE,NORMAL
Mountain,SPECIES_OKIDOGI,Okidogi,NATIONAL_DEX_OKIDOGI,POISON/FIGHTING
Mountain,SPECIES_OMANYTE,Omanyte,NATIONAL_DEX_OMANYTE,ROCK/WATER
Mountain,SPECIES_OMASTAR,Omastar,NATIONAL_DEX_OMASTAR,ROCK/WATER
Mountain,SPECIES_ONIX,Onix,NATIONAL_DEX_ONIX,ROCK/GROUND
Mountain,SPECIES_ORANGURU,Oranguru,NATIONAL_DEX_ORANGURU,NORMAL/PSYCHIC
Mountain,SPECIES_ORBEETLE,Orbeetle,NATIONAL_DEX_ORBEETLE,BUG/PSYCHIC
Mountain,SPECIES_ORICORIO_BAILE,Oricorio,NATIONAL_DEX_ORICORIO,FIRE/FLYING
Mountain,SPECIES_ORTHWORM,Orthworm,NATIONAL_DEX_ORTHWORM,STEEL
Mountain,SPECIES_PACHIRISU,Pachirisu,NATIONAL_DEX_PACHIRISU,ELECTRIC
Mountain,SPECIES_PALOSSAND,Palossand,NATIONAL_DEX_PALOSSAND,GHOST/GROUND
Mountain,SPECIES_PALPITOAD,Palpitoad,NATIONAL_DEX_PALPITOAD,WATER/GROUND
Mountain,SPECIES_PANCHAM,Pancham,NATIONAL_DEX_PANCHAM,FIGHTING
Mountain,SPECIES_PANGORO,Pangoro,NATIONAL_DEX_PANGORO,FIGHTING/DARK
Mountain,SPECIES_PANSEAR,Pansear,NATIONAL_DEX_PANSEAR,FIRE
Mountain,SPECIES_PASSIMIAN,Passimian,NATIONAL_DEX_PASSIMIAN,FIGHTING
Mountain,SPECIES_PATRAT,Patrat,NATIONAL_DEX_PATRAT,NORMAL
Mountain,SPECIES_PAWMI,Pawmi,NATIONAL_DEX_PAWMI,ELECTRIC
Mountain,SPECIES_PAWMO,Pawmo,NATIONAL_DEX_PAWMO,ELECTRIC/FIGHTING
Mountain,SPECIES_PAWMOT,Pawmot,NATIONAL_DEX_PAWMOT,ELECTRIC/FIGHTING
Mountain,SPECIES_PAWNIARD,Pawniard,NATIONAL_DEX_PAWNIARD,DARK/STEEL
Mountain,SPECIES_PELIPPER,Pelipper,NATIONAL_DEX_PELIPPER,WATER/FLYING
Mountain,SPECIES_PERRSERKER,Perrserker,NATIONAL_DEX_PERRSERKER,STEEL
Mountain,SPECIES_PERSIAN,Persian,NATIONAL_DEX_PERSIAN,NORMAL
Mountain,SPECIES_PHANPY,Phanpy,NATIONAL_DEX_PHANPY,GROUND
Mountain,SPECIES_PICHU,Pichu,NATIONAL_DEX_PICHU,ELECTRIC
Mountain,SPECIES_PIDGEOT,Pidgeot,NATIONAL_DEX_PIDGEOT,NORMAL/FLYING
Mountain,SPECIES_PIDGEOTTO,Pidgeotto,NATIONAL_DEX_PIDGEOTTO,NORMAL/FLYING
Mountain,SPECIES_PIDGEY,Pidgey,NATIONAL_DEX_PIDGEY,NORMAL/FLYING
Mountain,SPECIES_PIDOVE,Pidove,NATIONAL_DEX_PIDOVE,NORMAL/FLYING
Mountain,SPECIES_PIGNITE,Pignite,NATIONAL_DEX_PIGNITE,FIRE/FIGHTING
Mountain,SPECIES_PIKACHU,Pikachu,NATIONAL_DEX_PIKACHU,ELECTRIC
Mountain,SPECIES_PIKIPEK,Pikipek,NATIONAL_DEX_PIKIPEK,NORMAL/FLYING
Mountain,SPECIES_PILOSWINE,Piloswine,NATIONAL_DEX_PILOSWINE,ICE/GROUND
Mountain,SPECIES_PINCURCHIN,Pincurchin,NATIONAL_DEX_PINCURCHIN,ELECTRIC
Mountain,SPECIES_PLUSLE,Plusle,NATIONAL_DEX_PLUSLE,ELECTRIC
Mountain,SPECIES_POLIWRATH,Poliwrath,NATIONAL_DEX_POLIWRATH,WATER/FIGHTING
Mountain,SPECIES_PONYTA,Ponyta,NATIONAL_DEX_PONYTA,FIRE
Mountain,SPECIES_PORYGON,Porygon,NATIONAL_DEX_PORYGON,NORMAL
Mountain,SPECIES_PORYGON_Z,Porygon-Z,NATIONAL_DEX_PORYGON_Z,NORMAL
Mountain,SPECIES_PORYGON2,Porygon2,NATIONAL_DEX_PORYGON2,NORMAL
Mountain,SPECIES_PRIMEAPE,Primeape,NATIONAL_DEX_PRIMEAPE,FIGHTING
Mountain,SPECIES_PROBOPASS,Probopass,NATIONAL_DEX_PROBOPASS,ROCK/STEEL
Mountain,SPECIES_PUPITAR,Pupitar,NATIONAL_DEX_PUPITAR,ROCK/GROUND
Mountain,SPECIES_PURUGLY,Purugly,NATIONAL_DEX_PURUGLY,NORMAL
Mountain,SPECIES_PYROAR,Pyroar,NATIONAL_DEX_PYROAR,FIRE/NORMAL
Mountain,SPECIES_QUAGSIRE,Quagsire,NATIONAL_DEX_QUAGSIRE,WATER/GROUND
Mountain,SPECIES_QUAQUAVAL,Quaquaval,NATIONAL_DEX_QUAQUAVAL,WATER/FIGHTING
Mountain,SPECIES_QUILAVA,Quilava,NATIONAL_DEX_QUILAVA,FIRE
Mountain,SPECIES_RABOOT,Raboot,NATIONAL_DEX_RABOOT,FIRE
Mountain,SPECIES_RABSCA,Rabsca,NATIONAL_DEX_RABSCA,BUG/PSYCHIC
Mountain,SPECIES_RAICHU,Raichu,NATIONAL_DEX_RAICHU,ELECTRIC
Mountain,SPECIES_RALTS,Ralts,NATIONAL_DEX_RALTS,PSYCHIC
Mountain,SPECIES_RAMPARDOS,Rampardos,NATIONAL_DEX_RAMPARDOS,ROCK
Mountain,SPECIES_RAPIDASH,Rapidash,NATIONAL_DEX_RAPIDASH,FIRE
Mountain,SPECIES_RATICATE,Raticate,NATIONAL_DEX_RATICATE,NORMAL
Mountain,SPECIES_RATTATA,Rattata,NATIONAL_DEX_RATTATA,NORMAL
Mountain,SPECIES_RELICANTH,Relicanth,NATIONAL_DEX_RELICANTH,WATER/ROCK
Mountain,SPECIES_REUNICLUS,Reuniclus,NATIONAL_DEX_REUNICLUS,PSYCHIC
Mountain,SPECIES_REVAVROOM,Revavroom,NATIONAL_DEX_REVAVROOM,STEEL/POISON
Mountain,SPECIES_RHYDON,Rhydon,NATIONAL_DEX_RHYDON,GROUND/ROCK
Mountain,SPECIES_RHYHORN,Rhyhorn,NATIONAL_DEX_RHYHORN,GROUND/ROCK
Mountain,SPECIES_RHYPERIOR,Rhyperior,NATIONAL_DEX_RHYPERIOR,GROUND/ROCK
Mountain,SPECIES_RIOLU,Riolu,NATIONAL_DEX_RIOLU,FIGHTING
Mountain,SPECIES_ROCKRUFF,Rockruff,NATIONAL_DEX_ROCKRUFF,ROCK
Mountain,SPECIES_ROGGENROLA,Roggenrola,NATIONAL_DEX_ROGGENROLA,ROCK
Mountain,SPECIES_ROLYCOLY,Rolycoly,NATIONAL_DEX_ROLYCOLY,ROCK
Mountain,SPECIES_ROOKIDEE,Rookidee,NATIONAL_DEX_ROOKIDEE,FLYING
Mountain,SPECIES_ROTOM_HEAT,Rotom,NATIONAL_DEX_ROTOM,ELECTRIC/FIRE
Mountain,SPECIES_ROWLET,Rowlet,NATIONAL_DEX_ROWLET,GRASS/FLYING
Mountain,SPECIES_RUFFLET,Rufflet,NATIONAL_DEX_RUFFLET,NORMAL/FLYING
Mountain,SPECIES_RUNERIGUS,Runerigus,NATIONAL_DEX_RUNERIGUS,GROUND/GHOST
Mountain,SPECIES_SALAMENCE,Salamence,NATIONAL_DEX_SALAMENCE,DRAGON/FLYING
Mountain,SPECIES_SALANDIT,Salandit,NATIONAL_DEX_SALANDIT,POISON/FIRE
Mountain,SPECIES_SALAZZLE,Salazzle,NATIONAL_DEX_SALAZZLE,POISON/FIRE
Mountain,SPECIES_SANDACONDA,Sandaconda,NATIONAL_DEX_SANDACONDA,GROUND
Mountain,SPECIES_SANDILE,Sandile,NATIONAL_DEX_SANDILE,GROUND/DARK
Mountain,SPECIES_SANDSHREW,Sandshrew,NATIONAL_DEX_SANDSHREW,GROUND
Mountain,SPECIES_SANDSLASH,Sandslash,NATIONAL_DEX_SANDSLASH,GROUND
Mountain,SPECIES_SANDYGAST,Sandygast,NATIONAL_DEX_SANDYGAST,GHOST/GROUND
Mountain,SPECIES_SAWK,Sawk,NATIONAL_DEX_SAWK,FIGHTING
Mountain,SPECIES_SAWSBUCK_SPRING,Sawsbuck,NATIONAL_DEX_SAWSBUCK,NORMAL/GRASS
Mountain,SPECIES_SCIZOR,Scizor,NATIONAL_DEX_SCIZOR,BUG/STEEL
Mountain,SPECIES_SCORBUNNY,Scorbunny,NATIONAL_DEX_SCORBUNNY,FIRE
Mountain,SPECIES_SCOVILLAIN,Scovillain,NATIONAL_DEX_SCOVILLAIN,GRASS/FIRE
Mountain,SPECIES_SCRAFTY,Scrafty,NATIONAL_DEX_SCRAFTY,DARK/FIGHTING
Mountain,SPECIES_SCRAGGY,Scraggy,NATIONAL_DEX_SCRAGGY,DARK/FIGHTING
Mountain,SPECIES_SCYTHER,Scyther,NATIONAL_DEX_SCYTHER,BUG/FLYING
Mountain,SPECIES_SEALEO,Sealeo,NATIONAL_DEX_SEALEO,ICE/WATER
Mountain,SPECIES_SEISMITOAD,Seismitoad,NATIONAL_DEX_SEISMITOAD,WATER/GROUND
Mountain,SPECIES_SENTRET,Sentret,NATIONAL_DEX_SENTRET,NORMAL
Mountain,SPECIES_SHELGON,Shelgon,NATIONAL_DEX_SHELGON,DRAGON
Mountain,SPECIES_SHIELDON,Shieldon,NATIONAL_DEX_SHIELDON,ROCK/STEEL
Mountain,SPECIES_SHINX,Shinx,NATIONAL_DEX_SHINX,ELECTRIC
Mountain,SPECIES_SHROODLE,Shroodle,NATIONAL_DEX_SHROODLE,POISON/NORMAL
Mountain,SPECIES_SHUCKLE,Shuckle,NATIONAL_DEX_SHUCKLE,BUG/ROCK
Mountain,SPECIES_SIGILYPH,Sigilyph,NATIONAL_DEX_SIGILYPH,PSYCHIC/FLYING
Mountain,SPECIES_SILICOBRA,Silicobra,NATIONAL_DEX_SILICOBRA,GROUND
Mountain,SPECIES_SIMISEAR,Simisear,NATIONAL_DEX_SIMISEAR,FIRE
Mountain,SPECIES_SIRFETCHD,Sirfetch'd,NATIONAL_DEX_SIRFETCHD,FIGHTING
Mountain,SPECIES_SIZZLIPEDE,Sizzlipede,NATIONAL_DEX_SIZZLIPEDE,FIRE/BUG
Mountain,SPECIES_SKARMORY,Skarmory,NATIONAL_DEX_SKARMORY,STEEL/FLYING
Mountain,SPECIES_SKELEDIRGE,Skeledirge,NATIONAL_DEX_SKELEDIRGE,FIRE/GHOST
Mountain,SPECIES_SKIPLOOM,Skiploom,NATIONAL_DEX_SKIPLOOM,GRASS/FLYING
Mountain,SPECIES_SKITTY,Skitty,NATIONAL_DEX_SKITTY,NORMAL
Mountain,SPECIES_SKWOVET,Skwovet,NATIONAL_DEX_SKWOVET,NORMAL
Mountain,SPECIES_SLAKING,Slaking,NATIONAL_DEX_SLAKING,NORMAL
Mountain,SPECIES_SLAKOTH,Slakoth,NATIONAL_DEX_SLAKOTH,NORMAL
Mountain,SPECIES_SLIGGOO,Sliggoo,NATIONAL_DEX_SLIGGOO,DRAGON
Mountain,SPECIES_SLOWBRO,Slowbro,NATIONAL_DEX_SLOWBRO,WATER/PSYCHIC
Mountain,SPECIES_SLOWKING,Slowking,NATIONAL_DEX_SLOWKING,WATER/PSYCHIC
Mountain,SPECIES_SLOWPOKE,Slowpoke,NATIONAL_DEX_SLOWPOKE,WATER/PSYCHIC
Mountain,SPECIES_SLUGMA,Slugma,NATIONAL_DEX_SLUGMA,FIRE
Mountain,SPECIES_SMEARGLE,Smeargle,NATIONAL_DEX_SMEARGLE,NORMAL
Mountain,SPECIES_SMOLIV,Smoliv,NATIONAL_DEX_SMOLIV,GRASS/NORMAL
Mountain,SPECIES_SMOOCHUM,Smoochum,NATIONAL_DEX_SMOOCHUM,ICE/PSYCHIC
Mountain,SPECIES_SNEASEL,Sneasel,NATIONAL_DEX_SNEASEL,DARK/ICE
Mountain,SPECIES_SNEASLER,Sneasler,NATIONAL_DEX_SNEASLER,FIGHTING/POISON
Mountain,SPECIES_SNOM,Snom,NATIONAL_DEX_SNOM,ICE/BUG
Mountain,SPECIES_SNORLAX,Snorlax,NATIONAL_DEX_SNORLAX,NORMAL
Mountain,SPECIES_SNORUNT,Snorunt,NATIONAL_DEX_SNORUNT,ICE
Mountain,SPECIES_SNOVER,Snover,NATIONAL_DEX_SNOVER,GRASS/ICE
Mountain,SPECIES_SOLOSIS,Solosis,NATIONAL_DEX_SOLOSIS,PSYCHIC
Mountain,SPECIES_SOLROCK,Solrock,NATIONAL_DEX_SOLROCK,ROCK/PSYCHIC
Mountain,SPECIES_SPEAROW,Spearow,NATIONAL_DEX_SPEAROW,NORMAL/FLYING
Mountain,SPECIES_SPHEAL,Spheal,NATIONAL_DEX_SPHEAL,ICE/WATER
Mountain,SPECIES_SPINDA,Spinda,NATIONAL_DEX_SPINDA,NORMAL
Mountain,SPECIES_SPOINK,Spoink,NATIONAL_DEX_SPOINK,PSYCHIC
Mountain,SPECIES_SQUAWKABILLY_GREEN,Squawkabilly,NATIONAL_DEX_SQUAWKABILLY,NORMAL/FLYING
Mountain,SPECIES_STANTLER,Stantler,NATIONAL_DEX_STANTLER,NORMAL
Mountain,SPECIES_STARAPTOR,Staraptor,NATIONAL_DEX_STARAPTOR,NORMAL/FLYING
Mountain,SPECIES_STARAVIA,Staravia,NATIONAL_DEX_STARAVIA,NORMAL/FLYING
Mountain,SPECIES_STARLY,Starly,NATIONAL_DEX_STARLY,NORMAL/FLYING
Mountain,SPECIES_STARMIE,Starmie,NATIONAL_DEX_STARMIE,WATER/PSYCHIC
Mountain,SPECIES_STEELIX,Steelix,NATIONAL_DEX_STEELIX,STEEL/GROUND
Mountain,SPECIES_STONJOURNER,Stonjourner,NATIONAL_DEX_STONJOURNER,ROCK
Mountain,SPECIES_STOUTLAND,Stoutland,NATIONAL_DEX_STOUTLAND,NORMAL
Mountain,SPECIES_STUFFUL,Stufful,NATIONAL_DEX_STUFFUL,NORMAL/FIGHTING
Mountain,SPECIES_STUNFISK,Stunfisk,NATIONAL_DEX_STUNFISK,GROUND/ELECTRIC
Mountain,SPECIES_SUDOWOODO,Sudowoodo,NATIONAL_DEX_SUDOWOODO,ROCK
Mountain,SPECIES_SWABLU,Swablu,NATIONAL_DEX_SWABLU,NORMAL/FLYING
Mountain,SPECIES_SWAMPERT,Swampert,NATIONAL_DEX_SWAMPERT,WATER/GROUND
Mountain,SPECIES_SWANNA,Swanna,NATIONAL_DEX_SWANNA,WATER/FLYING
Mountain,SPECIES_SWELLOW,Swellow,NATIONAL_DEX_SWELLOW,NORMAL/FLYING
Mountain,SPECIES_SWINUB,Swinub,NATIONAL_DEX_SWINUB,ICE/GROUND
Mountain,SPECIES_SWOOBAT,Swoobat,NATIONAL_DEX_SWOOBAT,PSYCHIC/FLYING
Mountain,SPECIES_TADBULB,Tadbulb,NATIONAL_DEX_TADBULB,ELECTRIC
Mountain,SPECIES_TAILLOW,Taillow,NATIONAL_DEX_TAILLOW,NORMAL/FLYING
Mountain,SPECIES_TALONFLAME,Talonflame,NATIONAL_DEX_TALONFLAME,FIRE/FLYING
Mountain,SPECIES_TANDEMAUS,Tandemaus,NATIONAL_DEX_TANDEMAUS,NORMAL
Mountain,SPECIES_TATSUGIRI_CURLY,Tatsugiri,NATIONAL_DEX_TATSUGIRI,DRAGON/WATER
Mountain,SPECIES_TAUROS,Tauros,NATIONAL_DEX_TAUROS,NORMAL
Mountain,SPECIES_TEDDIURSA,Teddiursa,NATIONAL_DEX_TEDDIURSA,NORMAL
Mountain,SPECIES_TEPIG,Tepig,NATIONAL_DEX_TEPIG,FIRE
Mountain,SPECIES_TERAPAGOS_NORMAL,Terapagos,NATIONAL_DEX_TERAPAGOS,NORMAL
Mountain,SPECIES_THROH,Throh,NATIONAL_DEX_THROH,FIGHTING
Mountain,SPECIES_THUNDURUS_INCARNATE,Thundurus,NATIONAL_DEX_THUNDURUS,ELECTRIC/FLYING
Mountain,SPECIES_TIMBURR,Timburr,NATIONAL_DEX_TIMBURR,FIGHTING
Mountain,SPECIES_TINKATINK,Tinkatink,NATIONAL_DEX_TINKATINK,FAIRY/STEEL
Mountain,SPECIES_TINKATON,Tinkaton,NATIONAL_DEX_TINKATON,FAIRY/STEEL
Mountain,SPECIES_TINKATUFF,Tinkatuff,NATIONAL_DEX_TINKATUFF,FAIRY/STEEL
Mountain,SPECIES_TIRTOUGA,Tirtouga,NATIONAL_DEX_TIRTOUGA,WATER/ROCK
Mountain,SPECIES_TOEDSCOOL,Toedscool,NATIONAL_DEX_TOEDSCOOL,GROUND/GRASS
Mountain,SPECIES_TOEDSCRUEL,Toedscruel,NATIONAL_DEX_TOEDSCRUEL,GROUND/GRASS
Mountain,SPECIES_TOGEDEMARU,Togedemaru,NATIONAL_DEX_TOGEDEMARU,ELECTRIC/STEEL
Mountain,SPECIES_TOGEKISS,Togekiss,NATIONAL_DEX_TOGEKISS,FLYING
Mountain,SPECIES_TOGETIC,Togetic,NATIONAL_DEX_TOGETIC,FLYING
Mountain,SPECIES_TORCHIC,Torchic,NATIONAL_DEX_TORCHIC,FIRE
Mountain,SPECIES_TORKOAL,Torkoal,NATIONAL_DEX_TORKOAL,FIRE
Mountain,SPECIES_TORNADUS_INCARNATE,Tornadus,NATIONAL_DEX_TORNADUS,FLYING
Mountain,SPECIES_TORRACAT,Torracat,NATIONAL_DEX_TORRACAT,FIRE
Mountain,SPECIES_TORTERRA,Torterra,NATIONAL_DEX_TORTERRA,GRASS/GROUND
Mountain,SPECIES_TOUCANNON,Toucannon,NATIONAL_DEX_TOUCANNON,NORMAL/FLYING
Mountain,SPECIES_TOXEL,Toxel,NATIONAL_DEX_TOXEL,ELECTRIC/POISON
Mountain,SPECIES_TOXICROAK,Toxicroak,NATIONAL_DEX_TOXICROAK,POISON/FIGHTING
Mountain,SPECIES_TOXTRICITY_AMPED,Toxtricity,NATIONAL_DEX_TOXTRICITY,ELECTRIC/POISON
Mountain,SPECIES_TRANQUILL,Tranquill,NATIONAL_DEX_TRANQUILL,NORMAL/FLYING
Mountain,SPECIES_TRAPINCH,Trapinch,NATIONAL_DEX_TRAPINCH,GROUND
Mountain,SPECIES_TROPIUS,Tropius,NATIONAL_DEX_TROPIUS,GRASS/FLYING
Mountain,SPECIES_TRUMBEAK,Trumbeak,NATIONAL_DEX_TRUMBEAK,NORMAL/FLYING
Mountain,SPECIES_TURTONATOR,Turtonator,NATIONAL_DEX_TURTONATOR,FIRE/DRAGON
Mountain,SPECIES_TYNAMO,Tynamo,NATIONAL_DEX_TYNAMO,ELECTRIC
Mountain,SPECIES_TYPHLOSION,Typhlosion,NATIONAL_DEX_TYPHLOSION,FIRE
Mountain,SPECIES_TYRANITAR,Tyranitar,NATIONAL_DEX_TYRANITAR,ROCK/DARK
Mountain,SPECIES_TYRANTRUM,Tyrantrum,NATIONAL_DEX_TYRANTRUM,ROCK/DRAGON
Mountain,SPECIES_TYROGUE,Tyrogue,NATIONAL_DEX_TYROGUE,FIGHTING
Mountain,SPECIES_TYRUNT,Tyrunt,NATIONAL_DEX_TYRUNT,ROCK/DRAGON
Mountain,SPECIES_UNFEZANT,Unfezant,NATIONAL_DEX_UNFEZANT,NORMAL/FLYING
Mountain,SPECIES_UNOWN,Unown,NATIONAL_DEX_UNOWN,PSYCHIC
Mountain,SPECIES_URSALUNA,Ursaluna,NATIONAL_DEX_URSALUNA,GROUND/NORMAL
Mountain,SPECIES_URSARING,Ursaring,NATIONAL_DEX_URSARING,NORMAL
Mountain,SPECIES_URSHIFU_SINGLE_STRIKE,Urshifu,NATIONAL_DEX_URSHIFU,FIGHTING/DARK
Mountain,SPECIES_VANILLISH,Vanillish,NATIONAL_DEX_VANILLISH,ICE
Mountain,SPECIES_VANILLITE,Vanillite,NATIONAL_DEX_VANILLITE,ICE
Mountain,SPECIES_VANILLUXE,Vanilluxe,NATIONAL_DEX_VANILLUXE,ICE
Mountain,SPECIES_VAROOM,Varoom,NATIONAL_DEX_VAROOM,STEEL/POISON
Mountain,SPECIES_VELUZA,Veluza,NATIONAL_DEX_VELUZA,WATER/PSYCHIC
Mountain,SPECIES_VESPIQUEN,Vespiquen,NATIONAL_DEX_VESPIQUEN,BUG/FLYING
Mountain,SPECIES_VIBRAVA,Vibrava,NATIONAL_DEX_VIBRAVA,GROUND/DRAGON
Mountain,SPECIES_VIGOROTH,Vigoroth,NATIONAL_DEX_VIGOROTH,NORMAL
Mountain,SPECIES_VIKAVOLT,Vikavolt,NATIONAL_DEX_VIKAVOLT,BUG/ELECTRIC
Mountain,SPECIES_VIVILLON,Vivillon,NATIONAL_DEX_VIVILLON,BUG/FLYING
Mountain,SPECIES_VOLCARONA,Volcarona,NATIONAL_DEX_VOLCARONA,BUG/FIRE
Mountain,SPECIES_VOLTORB,Voltorb,NATIONAL_DEX_VOLTORB,ELECTRIC
Mountain,SPECIES_VULLABY,Vullaby,NATIONAL_DEX_VULLABY,DARK/FLYING
Mountain,SPECIES_VULPIX,Vulpix,NATIONAL_DEX_VULPIX,FIRE
Mountain,SPECIES_WALREIN,Walrein,NATIONAL_DEX_WALREIN,ICE/WATER
Mountain,SPECIES_WATCHOG,Watchog,NATIONAL_DEX_WATCHOG,NORMAL
Mountain,SPECIES_WATTREL,Wattrel,NATIONAL_DEX_WATTREL,ELECTRIC/FLYING
Mountain,SPECIES_WEAVILE,Weavile,NATIONAL_DEX_WEAVILE,DARK/ICE
Mountain,SPECIES_WHISCASH,Whiscash,NATIONAL_DEX_WHISCASH,WATER/GROUND
Mountain,SPECIES_WHISMUR,Whismur,NATIONAL_DEX_WHISMUR,NORMAL
Mountain,SPECIES_WIGGLYTUFF,Wigglytuff,NATIONAL_DEX_WIGGLYTUFF,NORMAL/FAIRY
Mountain,SPECIES_WINGULL,Wingull,NATIONAL_DEX_WINGULL,WATER/FLYING
Mountain,SPECIES_WOBBUFFET,Wobbuffet,NATIONAL_DEX_WOBBUFFET,PSYCHIC
Mountain,SPECIES_WOOBAT,Woobat,NATIONAL_DEX_WOOBAT,PSYCHIC/FLYING
Mountain,SPECIES_WOOLOO,Wooloo,NATIONAL_DEX_WOOLOO,NORMAL
Mountain,SPECIES_WOOPER,Wooper,NATIONAL_DEX_WOOPER,WATER/GROUND
Mountain,SPECIES_WYNAUT,Wynaut,NATIONAL_DEX_WYNAUT,PSYCHIC
Mountain,SPECIES_WYRDEER,Wyrdeer,NATIONAL_DEX_WYRDEER,NORMAL/PSYCHIC
Mountain,SPECIES_XATU,Xatu,NATIONAL_DEX_XATU,PSYCHIC/FLYING
Mountain,SPECIES_YAMPER,Yamper,NATIONAL_DEX_YAMPER,ELECTRIC
Mountain,SPECIES_YANMA,Yanma,NATIONAL_DEX_YANMA,BUG/FLYING
Mountain,SPECIES_YANMEGA,Yanmega,NATIONAL_DEX_YANMEGA,BUG/FLYING
Mountain,SPECIES_YUNGOOS,Yungoos,NATIONAL_DEX_YUNGOOS,NORMAL
Mountain,SPECIES_ZAMAZENTA_HERO,Zamazenta,NATIONAL_DEX_ZAMAZENTA,FIGHTING
Mountain,SPECIES_ZANGOOSE,Zangoose,NATIONAL_DEX_ZANGOOSE,NORMAL
Mountain,SPECIES_ZEBSTRIKA,Zebstrika,NATIONAL_DEX_ZEBSTRIKA,ELECTRIC
Mountain,SPECIES_ZIGZAGOON,Zigzagoon,NATIONAL_DEX_ZIGZAGOON,NORMAL
Mountain,SPECIES_ZUBAT,Zubat,NATIONAL_DEX_ZUBAT,POISON/FLYING
Mountain,SPECIES_ZWEILOUS,Zweilous,NATIONAL_DEX_ZWEILOUS,DARK/DRAGON
Mountain,SPECIES_ZYGARDE_50,Zygarde,NATIONAL_DEX_ZYGARDE,DRAGON/GROUND
Cave,SPECIES_ABRA,Abra,NATIONAL_DEX_ABRA,PSYCHIC
Cave,SPECIES_ABSOL,Absol,NATIONAL_DEX_ABSOL,DARK
Cave,SPECIES_AEGISLASH_SHIELD,Aegislash,NATIONAL_DEX_AEGISLASH,STEEL/GHOST
Cave,SPECIES_AERODACTYL,Aerodactyl,NATIONAL_DEX_AERODACTYL,ROCK/FLYING
Cave,SPECIES_AGGRON,Aggron,NATIONAL_DEX_AGGRON,STEEL/ROCK
Cave,SPECIES_ALAKAZAM,Alakazam,NATIONAL_DEX_ALAKAZAM,PSYCHIC
Cave,SPECIES_ALTARIA,Altaria,NATIONAL_DEX_ALTARIA,DRAGON/FLYING
Cave,SPECIES_AMAURA,Amaura,NATIONAL_DEX_AMAURA,ROCK/ICE
Cave,SPECIES_AMOONGUSS,Amoonguss,NATIONAL_DEX_AMOONGUSS,GRASS/POISON
Cave,SPECIES_ANNIHILAPE,Annihilape,NATIONAL_DEX_ANNIHILAPE,FIGHTING/GHOST
Cave,SPECIES_ANORITH,Anorith,NATIONAL_DEX_ANORITH,ROCK/BUG
Cave,SPECIES_APPLETUN,Appletun,NATIONAL_DEX_APPLETUN,GRASS/DRAGON
Cave,SPECIES_APPLIN,Applin,NATIONAL_DEX_APPLIN,GRASS/DRAGON
Cave,SPECIES_ARBOK,Arbok,NATIONAL_DEX_ARBOK,POISON
Cave,SPECIES_ARCHALUDON,Archaludon,NATIONAL_DEX_ARCHALUDON,STEEL/DRAGON
Cave,SPECIES_ARCHEN,Archen,NATIONAL_DEX_ARCHEN,ROCK/FLYING
Cave,SPECIES_ARCHEOPS,Archeops,NATIONAL_DEX_ARCHEOPS,ROCK/FLYING
Cave,SPECIES_ARCTIBAX,Arctibax,NATIONAL_DEX_ARCTIBAX,DRAGON/ICE
Cave,SPECIES_ARIADOS,Ariados,NATIONAL_DEX_ARIADOS,BUG/POISON
Cave,SPECIES_ARMALDO,Armaldo,NATIONAL_DEX_ARMALDO,ROCK/BUG
Cave,SPECIES_ARMAROUGE,Armarouge,NATIONAL_DEX_ARMAROUGE,FIRE/PSYCHIC
Cave,SPECIES_ARON,Aron,NATIONAL_DEX_ARON,STEEL/ROCK
Cave,SPECIES_AURORUS,Aurorus,NATIONAL_DEX_AURORUS,ROCK/ICE
Cave,SPECIES_AXEW,Axew,NATIONAL_DEX_AXEW,DRAGON
Cave,SPECIES_BAGON,Bagon,NATIONAL_DEX_BAGON,DRAGON
Cave,SPECIES_BALTOY,Baltoy,NATIONAL_DEX_BALTOY,GROUND/PSYCHIC
Cave,SPECIES_BANETTE,Banette,NATIONAL_DEX_BANETTE,GHOST
Cave,SPECIES_BARBARACLE,Barbaracle,NATIONAL_DEX_BARBARACLE,ROCK/WATER
Cave,SPECIES_BARBOACH,Barboach,NATIONAL_DEX_BARBOACH,WATER/GROUND
Cave,SPECIES_BASCULEGION_M,Basculegion,NATIONAL_DEX_BASCULEGION,WATER/GHOST
Cave,SPECIES_BASTIODON,Bastiodon,NATIONAL_DEX_BASTIODON,ROCK/STEEL
Cave,SPECIES_BAXCALIBUR,Baxcalibur,NATIONAL_DEX_BAXCALIBUR,DRAGON/ICE
Cave,SPECIES_BEEDRILL,Beedrill,NATIONAL_DEX_BEEDRILL,BUG/POISON
Cave,SPECIES_BEHEEYEM,Beheeyem,NATIONAL_DEX_BEHEEYEM,PSYCHIC
Cave,SPECIES_BELDUM,Beldum,NATIONAL_DEX_BELDUM,STEEL/PSYCHIC
Cave,SPECIES_BELLSPROUT,Bellsprout,NATIONAL_DEX_BELLSPROUT,GRASS/POISON
Cave,SPECIES_BINACLE,Binacle,NATIONAL_DEX_BINACLE,ROCK/WATER
Cave,SPECIES_BISHARP,Bisharp,NATIONAL_DEX_BISHARP,DARK/STEEL
Cave,SPECIES_BOLDORE,Boldore,NATIONAL_DEX_BOLDORE,ROCK
Cave,SPECIES_BOMBIRDIER,Bombirdier,NATIONAL_DEX_BOMBIRDIER,FLYING/DARK
Cave,SPECIES_BONSLY,Bonsly,NATIONAL_DEX_BONSLY,ROCK
Cave,SPECIES_BRAMBLEGHAST,Brambleghast,NATIONAL_DEX_BRAMBLEGHAST,GRASS/GHOST
Cave,SPECIES_BRAMBLIN,Bramblin,NATIONAL_DEX_BRAMBLIN,GRASS/GHOST
Cave,SPECIES_BRONZONG,Bronzong,NATIONAL_DEX_BRONZONG,STEEL/PSYCHIC
Cave,SPECIES_BRONZOR,Bronzor,NATIONAL_DEX_BRONZOR,STEEL/PSYCHIC
Cave,SPECIES_BRUXISH,Bruxish,NATIONAL_DEX_BRUXISH,WATER/PSYCHIC
Cave,SPECIES_BUDEW,Budew,NATIONAL_DEX_BUDEW,GRASS/POISON
Cave,SPECIES_BULBASAUR,Bulbasaur,NATIONAL_DEX_BULBASAUR,GRASS/POISON
Cave,SPECIES_CACTURNE,Cacturne,NATIONAL_DEX_CACTURNE,GRASS/DARK
Cave,SPECIES_CAMERUPT,Camerupt,NATIONAL_DEX_CAMERUPT,FIRE/GROUND
Cave,SPECIES_CARBINK,Carbink,NATIONAL_DEX_CARBINK,ROCK/FAIRY
Cave,SPECIES_CARKOL,Carkol,NATIONAL_DEX_CARKOL,ROCK/FIRE
Cave,SPECIES_CARRACOSTA,Carracosta,NATIONAL_DEX_CARRACOSTA,WATER/ROCK
Cave,SPECIES_CARVANHA,Carvanha,NATIONAL_DEX_CARVANHA,WATER/DARK
Cave,SPECIES_CERULEDGE,Ceruledge,NATIONAL_DEX_CERULEDGE,FIRE/GHOST
Cave,SPECIES_CHANDELURE,Chandelure,NATIONAL_DEX_CHANDELURE,GHOST/FIRE
Cave,SPECIES_CHIMECHO,Chimecho,NATIONAL_DEX_CHIMECHO,PSYCHIC
Cave,SPECIES_CHINGLING,Chingling,NATIONAL_DEX_CHINGLING,PSYCHIC
Cave,SPECIES_CLAYDOL,Claydol,NATIONAL_DEX_CLAYDOL,GROUND/PSYCHIC
Cave,SPECIES_CLODSIRE,Clodsire,NATIONAL_DEX_CLODSIRE,POISON/GROUND
Cave,SPECIES_COALOSSAL,Coalossal,NATIONAL_DEX_COALOSSAL,ROCK/FIRE
Cave,SPECIES_COFAGRIGUS,Cofagrigus,NATIONAL_DEX_COFAGRIGUS,GHOST
Cave,SPECIES_COPPERAJAH,Copperajah,NATIONAL_DEX_COPPERAJAH,STEEL
Cave,SPECIES_CORSOLA,Corsola,NATIONAL_DEX_CORSOLA,WATER/ROCK
Cave,SPECIES_CORVIKNIGHT,Corviknight,NATIONAL_DEX_CORVIKNIGHT,FLYING/STEEL
Cave,SPECIES_CRADILY,Cradily,NATIONAL_DEX_CRADILY,ROCK/GRASS
Cave,SPECIES_CRANIDOS,Cranidos,NATIONAL_DEX_CRANIDOS,ROCK
Cave,SPECIES_CRAWDAUNT,Crawdaunt,NATIONAL_DEX_CRAWDAUNT,WATER/DARK
Cave,SPECIES_CROAGUNK,Croagunk,NATIONAL_DEX_CROAGUNK,POISON/FIGHTING
Cave,SPECIES_CROBAT,Crobat,NATIONAL_DEX_CROBAT,POISON/FLYING
Cave,SPECIES_CRUSTLE,Crustle,NATIONAL_DEX_CRUSTLE,BUG/ROCK
Cave,SPECIES_CUBONE,Cubone,NATIONAL_DEX_CUBONE,GROUND
Cave,SPECIES_CUFANT,Cufant,NATIONAL_DEX_CUFANT,STEEL
Cave,SPECIES_CURSOLA,Cursola,NATIONAL_DEX_CURSOLA,GHOST
Cave,SPECIES_CYCLIZAR,Cyclizar,NATIONAL_DEX_CYCLIZAR,DRAGON/NORMAL
Cave,SPECIES_DECIDUEYE,Decidueye,NATIONAL_DEX_DECIDUEYE,GRASS/GHOST
Cave,SPECIES_DEINO,Deino,NATIONAL_DEX_DEINO,DARK/DRAGON
Cave,SPECIES_DELPHOX,Delphox,NATIONAL_DEX_DELPHOX,FIRE/PSYCHIC
Cave,SPECIES_DHELMISE,Dhelmise,NATIONAL_DEX_DHELMISE,GHOST/GRASS
Cave,SPECIES_DIGGERSBY,Diggersby,NATIONAL_DEX_DIGGERSBY,NORMAL/GROUND
Cave,SPECIES_DIGLETT,Diglett,NATIONAL_DEX_DIGLETT,GROUND
Cave,SPECIES_DIPPLIN,Dipplin,NATIONAL_DEX_DIPPLIN,GRASS/DRAGON
Cave,SPECIES_DONPHAN,Donphan,NATIONAL_DEX_DONPHAN,GROUND
Cave,SPECIES_DOTTLER,Dottler,NATIONAL_DEX_DOTTLER,BUG/PSYCHIC
Cave,SPECIES_DOUBLADE,Doublade,NATIONAL_DEX_DOUBLADE,STEEL/GHOST
Cave,SPECIES_DRACOVISH,Dracovish,NATIONAL_DEX_DRACOVISH,WATER/DRAGON
Cave,SPECIES_DRACOZOLT,Dracozolt,NATIONAL_DEX_DRACOZOLT,ELECTRIC/DRAGON
Cave,SPECIES_DRAGALGE,Dragalge,NATIONAL_DEX_DRAGALGE,POISON/DRAGON
Cave,SPECIES_DRAGAPULT,Dragapult,NATIONAL_DEX_DRAGAPULT,DRAGON/GHOST
Cave,SPECIES_DRAGONAIR,Dragonair,NATIONAL_DEX_DRAGONAIR,DRAGON
Cave,SPECIES_DRAGONITE,Dragonite,NATIONAL_DEX_DRAGONITE,DRAGON/FLYING
Cave,SPECIES_DRAKLOAK,Drakloak,NATIONAL_DEX_DRAKLOAK,DRAGON/GHOST
Cave,SPECIES_DRAMPA,Drampa,NATIONAL_DEX_DRAMPA,NORMAL/DRAGON
Cave,SPECIES_DRAPION,Drapion,NATIONAL_DEX_DRAPION,POISON/DARK
Cave,SPECIES_DRATINI,Dratini,NATIONAL_DEX_DRATINI,DRAGON
Cave,SPECIES_DREDNAW,Drednaw,NATIONAL_DEX_DREDNAW,WATER/ROCK
Cave,SPECIES_DREEPY,Dreepy,NATIONAL_DEX_DREEPY,DRAGON/GHOST
Cave,SPECIES_DRIFBLIM,Drifblim,NATIONAL_DEX_DRIFBLIM,GHOST/FLYING
Cave,SPECIES_DRIFLOON,Drifloon,NATIONAL_DEX_DRIFLOON,GHOST/FLYING
Cave,SPECIES_DRILBUR,Drilbur,NATIONAL_DEX_DRILBUR,GROUND
Cave,SPECIES_DROWZEE,Drowzee,NATIONAL_DEX_DROWZEE,PSYCHIC
Cave,SPECIES_DRUDDIGON,Druddigon,NATIONAL_DEX_DRUDDIGON,DRAGON
Cave,SPECIES_DUGTRIO,Dugtrio,NATIONAL_DEX_DUGTRIO,GROUND
Cave,SPECIES_DUOSION,Duosion,NATIONAL_DEX_DUOSION,PSYCHIC
Cave,SPECIES_DURALUDON,Duraludon,NATIONAL_DEX_DURALUDON,STEEL/DRAGON
Cave,SPECIES_DURANT,Durant,NATIONAL_DEX_DURANT,BUG/STEEL
Cave,SPECIES_DUSCLOPS,Dusclops,NATIONAL_DEX_DUSCLOPS,GHOST
Cave,SPECIES_DUSKNOIR,Dusknoir,NATIONAL_DEX_DUSKNOIR,GHOST
Cave,SPECIES_DUSKULL,Duskull,NATIONAL_DEX_DUSKULL,GHOST
Cave,SPECIES_DUSTOX,Dustox,NATIONAL_DEX_DUSTOX,BUG/POISON
Cave,SPECIES_DWEBBLE,Dwebble,NATIONAL_DEX_DWEBBLE,BUG/ROCK
Cave,SPECIES_EKANS,Ekans,NATIONAL_DEX_EKANS,POISON
Cave,SPECIES_ELGYEM,Elgyem,NATIONAL_DEX_ELGYEM,PSYCHIC
Cave,SPECIES_EMPOLEON,Empoleon,NATIONAL_DEX_EMPOLEON,WATER/STEEL
Cave,SPECIES_ESCAVALIER,Escavalier,NATIONAL_DEX_ESCAVALIER,BUG/STEEL
Cave,SPECIES_ESPATHRA,Espathra,NATIONAL_DEX_ESPATHRA,PSYCHIC
Cave,SPECIES_ESPEON,Espeon,NATIONAL_DEX_ESPEON,PSYCHIC
Cave,SPECIES_ESPURR,Espurr,NATIONAL_DEX_ESPURR,PSYCHIC
Cave,SPECIES_EXCADRILL,Excadrill,NATIONAL_DEX_EXCADRILL,GROUND/STEEL
Cave,SPECIES_EXEGGCUTE,Exeggcute,NATIONAL_DEX_EXEGGCUTE,GRASS/PSYCHIC
Cave,SPECIES_EXEGGUTOR,Exeggutor,NATIONAL_DEX_EXEGGUTOR,GRASS/PSYCHIC
Cave,SPECIES_FARIGIRAF,Farigiraf,NATIONAL_DEX_FARIGIRAF,NORMAL/PSYCHIC
Cave,SPECIES_FERROSEED,Ferroseed,NATIONAL_DEX_FERROSEED,GRASS/STEEL
Cave,SPECIES_FERROTHORN,Ferrothorn,NATIONAL_DEX_FERROTHORN,GRASS/STEEL
Cave,SPECIES_FEZANDIPITI,Fezandipiti,NATIONAL_DEX_FEZANDIPITI,POISON/FAIRY
Cave,SPECIES_FLAPPLE,Flapple,NATIONAL_DEX_FLAPPLE,GRASS/DRAGON
Cave,SPECIES_FLITTLE,Flittle,NATIONAL_DEX_FLITTLE,PSYCHIC
Cave,SPECIES_FLYGON,Flygon,NATIONAL_DEX_FLYGON,GROUND/DRAGON
Cave,SPECIES_FOONGUS,Foongus,NATIONAL_DEX_FOONGUS,GRASS/POISON
Cave,SPECIES_FORRETRESS,Forretress,NATIONAL_DEX_FORRETRESS,BUG/STEEL
Cave,SPECIES_FRAXURE,Fraxure,NATIONAL_DEX_FRAXURE,DRAGON
Cave,SPECIES_FRIGIBAX,Frigibax,NATIONAL_DEX_FRIGIBAX,DRAGON/ICE
Cave,SPECIES_FRILLISH,Frillish,NATIONAL_DEX_FRILLISH,WATER/GHOST
Cave,SPECIES_FROSLASS,Froslass,NATIONAL_DEX_FROSLASS,ICE/GHOST
Cave,SPECIES_GABITE,Gabite,NATIONAL_DEX_GABITE,DRAGON/GROUND
Cave,SPECIES_GALLADE,Gallade,NATIONAL_DEX_GALLADE,PSYCHIC/FIGHTING
Cave,SPECIES_GARBODOR,Garbodor,NATIONAL_DEX_GARBODOR,POISON
Cave,SPECIES_GARCHOMP,Garchomp,NATIONAL_DEX_GARCHOMP,DRAGON/GROUND
Cave,SPECIES_GARDEVOIR,Gardevoir,NATIONAL_DEX_GARDEVOIR,PSYCHIC
Cave,SPECIES_GARGANACL,Garganacl,NATIONAL_DEX_GARGANACL,ROCK
Cave,SPECIES_GASTLY,Gastly,NATIONAL_DEX_GASTLY,GHOST/POISON
Cave,SPECIES_GASTRODON_WEST,Gastrodon,NATIONAL_DEX_GASTRODON,WATER/GROUND
Cave,SPECIES_GENGAR,Gengar,NATIONAL_DEX_GENGAR,GHOST/POISON
Cave,SPECIES_GEODUDE,Geodude,NATIONAL_DEX_GEODUDE,ROCK/GROUND
Cave,SPECIES_GHOLDENGO,Gholdengo,NATIONAL_DEX_GHOLDENGO,STEEL/GHOST
Cave,SPECIES_GIBLE,Gible,NATIONAL_DEX_GIBLE,DRAGON/GROUND
Cave,SPECIES_GIGALITH,Gigalith,NATIONAL_DEX_GIGALITH,ROCK
Cave,SPECIES_GIMMIGHOUL_CHEST,Gimmighoul,NATIONAL_DEX_GIMMIGHOUL,GHOST
Cave,SPECIES_GIRAFARIG,Girafarig,NATIONAL_DEX_GIRAFARIG,NORMAL/PSYCHIC
Cave,SPECIES_GIRATINA_ALTERED,Giratina,NATIONAL_DEX_GIRATINA,GHOST/DRAGON
Cave,SPECIES_GLIGAR,Gligar,NATIONAL_DEX_GLIGAR,GROUND/FLYING
Cave,SPECIES_GLIMMET,Glimmet,NATIONAL_DEX_GLIMMET,ROCK/POISON
Cave,SPECIES_GLIMMORA,Glimmora,NATIONAL_DEX_GLIMMORA,ROCK/POISON
Cave,SPECIES_GLISCOR,Gliscor,NATIONAL_DEX_GLISCOR,GROUND/FLYING
Cave,SPECIES_GLOOM,Gloom,NATIONAL_DEX_GLOOM,GRASS/POISON
Cave,SPECIES_GOLBAT,Golbat,NATIONAL_DEX_GOLBAT,POISON/FLYING
Cave,SPECIES_GOLEM,Golem,NATIONAL_DEX_GOLEM,ROCK/GROUND
Cave,SPECIES_GOLETT,Golett,NATIONAL_DEX_GOLETT,GROUND/GHOST
Cave,SPECIES_GOLURK,Golurk,NATIONAL_DEX_GOLURK,GROUND/GHOST
Cave,SPECIES_GOODRA,Goodra,NATIONAL_DEX_GOODRA,DRAGON
Cave,SPECIES_GOOMY,Goomy,NATIONAL_DEX_GOOMY,DRAGON
Cave,SPECIES_GOTHITA,Gothita,NATIONAL_DEX_GOTHITA,PSYCHIC
Cave,SPECIES_GOTHITELLE,Gothitelle,NATIONAL_DEX_GOTHITELLE,PSYCHIC
Cave,SPECIES_GOTHORITA,Gothorita,NATIONAL_DEX_GOTHORITA,PSYCHIC
Cave,SPECIES_GOURGEIST_AVERAGE,Gourgeist,NATIONAL_DEX_GOURGEIST,GHOST/GRASS
Cave,SPECIES_GRAFAIAI,Grafaiai,NATIONAL_DEX_GRAFAIAI,POISON/NORMAL
Cave,SPECIES_GRAVELER,Graveler,NATIONAL_DEX_GRAVELER,ROCK/GROUND
Cave,SPECIES_GREAVARD,Greavard,NATIONAL_DEX_GREAVARD,GHOST
Cave,SPECIES_GRENINJA,Greninja,NATIONAL_DEX_GRENINJA,WATER/DARK
Cave,SPECIES_GRIMER,Grimer,NATIONAL_DEX_GRIMER,POISON
Cave,SPECIES_GRIMMSNARL,Grimmsnarl,NATIONAL_DEX_GRIMMSNARL,DARK/FAIRY
Cave,SPECIES_GRUMPIG,Grumpig,NATIONAL_DEX_GRUMPIG,PSYCHIC
Cave,SPECIES_GULPIN,Gulpin,NATIONAL_DEX_GULPIN,POISON
Cave,SPECIES_HAKAMO_O,Hakamo-o,NATIONAL_DEX_HAKAMO_O,DRAGON/FIGHTING
Cave,SPECIES_HATENNA,Hatenna,NATIONAL_DEX_HATENNA,PSYCHIC
Cave,SPECIES_HATTERENE,Hatterene,NATIONAL_DEX_HATTERENE,PSYCHIC/FAIRY
Cave,SPECIES_HATTREM,Hattrem,NATIONAL_DEX_HATTREM,PSYCHIC
Cave,SPECIES_HAUNTER,Haunter,NATIONAL_DEX_HAUNTER,GHOST/POISON
Cave,SPECIES_HAXORUS,Haxorus,NATIONAL_DEX_HAXORUS,DRAGON
Cave,SPECIES_HIPPOPOTAS,Hippopotas,NATIONAL_DEX_HIPPOPOTAS,GROUND
Cave,SPECIES_HIPPOWDON,Hippowdon,NATIONAL_DEX_HIPPOWDON,GROUND
Cave,SPECIES_HONCHKROW,Honchkrow,NATIONAL_DEX_HONCHKROW,DARK/FLYING
Cave,SPECIES_HONEDGE,Honedge,NATIONAL_DEX_HONEDGE,STEEL/GHOST
Cave,SPECIES_HOUNDOOM,Houndoom,NATIONAL_DEX_HOUNDOOM,DARK/FIRE
Cave,SPECIES_HOUNDOUR,Houndour,NATIONAL_DEX_HOUNDOUR,DARK/FIRE
Cave,SPECIES_HOUNDSTONE,Houndstone,NATIONAL_DEX_HOUNDSTONE,GHOST
Cave,SPECIES_HYDRAPPLE,Hydrapple,NATIONAL_DEX_HYDRAPPLE,GRASS/DRAGON
Cave,SPECIES_HYDREIGON,Hydreigon,NATIONAL_DEX_HYDREIGON,DARK/DRAGON
Cave,SPECIES_HYPNO,Hypno,NATIONAL_DEX_HYPNO,PSYCHIC
Cave,SPECIES_IMPIDIMP,Impidimp,NATIONAL_DEX_IMPIDIMP,DARK/FAIRY
Cave,SPECIES_INCINEROAR,Incineroar,NATIONAL_DEX_INCINEROAR,FIRE/DARK
Cave,SPECIES_INDEEDEE_M,Indeedee,NATIONAL_DEX_INDEEDEE,PSYCHIC/NORMAL
Cave,SPECIES_INKAY,Inkay,NATIONAL_DEX_INKAY,DARK/PSYCHIC
Cave,SPECIES_IVYSAUR,Ivysaur,NATIONAL_DEX_IVYSAUR,GRASS/POISON
Cave,SPECIES_JANGMO_O,Jangmo-o,NATIONAL_DEX_JANGMO_O,DRAGON
Cave,SPECIES_JELLICENT,Jellicent,NATIONAL_DEX_JELLICENT,WATER/GHOST
Cave,SPECIES_JYNX,Jynx,NATIONAL_DEX_JYNX,ICE/PSYCHIC
Cave,SPECIES_KABUTO,Kabuto,NATIONAL_DEX_KABUTO,ROCK/WATER
Cave,SPECIES_KABUTOPS,Kabutops,NATIONAL_DEX_KABUTOPS,ROCK/WATER
Cave,SPECIES_KADABRA,Kadabra,NATIONAL_DEX_KADABRA,PSYCHIC
Cave,SPECIES_KAKUNA,Kakuna,NATIONAL_DEX_KAKUNA,BUG/POISON
Cave,SPECIES_KINGAMBIT,Kingambit,NATIONAL_DEX_KINGAMBIT,DARK/STEEL
Cave,SPECIES_KINGDRA,Kingdra,NATIONAL_DEX_KINGDRA,WATER/DRAGON
Cave,SPECIES_KIRLIA,Kirlia,NATIONAL_DEX_KIRLIA,PSYCHIC
Cave,SPECIES_KLANG,Klang,NATIONAL_DEX_KLANG,STEEL
Cave,SPECIES_KLAWF,Klawf,NATIONAL_DEX_KLAWF,ROCK
Cave,SPECIES_KLEAVOR,Kleavor,NATIONAL_DEX_KLEAVOR,BUG/ROCK
Cave,SPECIES_KLEFKI,Klefki,NATIONAL_DEX_KLEFKI,STEEL/FAIRY
Cave,SPECIES_KLINK,Klink,NATIONAL_DEX_KLINK,STEEL
Cave,SPECIES_KLINKLANG,Klinklang,NATIONAL_DEX_KLINKLANG,STEEL
Cave,SPECIES_KOFFING,Koffing,NATIONAL_DEX_KOFFING,POISON
Cave,SPECIES_KOMMO_O,Kommo-o,NATIONAL_DEX_KOMMO_O,DRAGON/FIGHTING
Cave,SPECIES_KROKOROK,Krokorok,NATIONAL_DEX_KROKOROK,GROUND/DARK
Cave,SPECIES_KROOKODILE,Krookodile,NATIONAL_DEX_KROOKODILE,GROUND/DARK
Cave,SPECIES_LAIRON,Lairon,NATIONAL_DEX_LAIRON,STEEL/ROCK
Cave,SPECIES_LAMPENT,Lampent,NATIONAL_DEX_LAMPENT,GHOST/FIRE
Cave,SPECIES_LANDORUS_INCARNATE,Landorus,NATIONAL_DEX_LANDORUS,GROUND/FLYING
Cave,SPECIES_LARVITAR,Larvitar,NATIONAL_DEX_LARVITAR,ROCK/GROUND
Cave,SPECIES_LIEPARD,Liepard,NATIONAL_DEX_LIEPARD,DARK
Cave,SPECIES_LILEEP,Lileep,NATIONAL_DEX_LILEEP,ROCK/GRASS
Cave,SPECIES_LITWICK,Litwick,NATIONAL_DEX_LITWICK,GHOST/FIRE
Cave,SPECIES_LOKIX,Lokix,NATIONAL_DEX_LOKIX,BUG/DARK
Cave,SPECIES_LUCARIO,Lucario,NATIONAL_DEX_LUCARIO,FIGHTING/STEEL
Cave,SPECIES_LUNATONE,Lunatone,NATIONAL_DEX_LUNATONE,ROCK/PSYCHIC
Cave,SPECIES_LYCANROC_MIDDAY,Lycanroc,NATIONAL_DEX_LYCANROC,ROCK
Cave,SPECIES_MABOSSTIFF,Mabosstiff,NATIONAL_DEX_MABOSSTIFF,DARK
Cave,SPECIES_MAGCARGO,Magcargo,NATIONAL_DEX_MAGCARGO,FIRE/ROCK
Cave,SPECIES_MAGNEZONE,Magnezone,NATIONAL_DEX_MAGNEZONE,ELECTRIC/STEEL
Cave,SPECIES_MALAMAR,Malamar,NATIONAL_DEX_MALAMAR,DARK/PSYCHIC
Cave,SPECIES_MAMOSWINE,Mamoswine,NATIONAL_DEX_MAMOSWINE,ICE/GROUND
Cave,SPECIES_MANDIBUZZ,Mandibuzz,NATIONAL_DEX_MANDIBUZZ,DARK/FLYING
Cave,SPECIES_MAREANIE,Mareanie,NATIONAL_DEX_MAREANIE,POISON/WATER
Cave,SPECIES_MAROWAK,Marowak,NATIONAL_DEX_MAROWAK,GROUND
Cave,SPECIES_MARSHTOMP,Marshtomp,NATIONAL_DEX_MARSHTOMP,WATER/GROUND
Cave,SPECIES_MASCHIFF,Maschiff,NATIONAL_DEX_MASCHIFF,DARK
Cave,SPECIES_MAWILE,Mawile,NATIONAL_DEX_MAWILE,STEEL/FAIRY
Cave,SPECIES_MEDICHAM,Medicham,NATIONAL_DEX_MEDICHAM,FIGHTING/PSYCHIC
Cave,SPECIES_MEDITITE,Meditite,NATIONAL_DEX_MEDITITE,FIGHTING/PSYCHIC
Cave,SPECIES_MEOWSCARADA,Meowscarada,NATIONAL_DEX_MEOWSCARADA,GRASS/DARK
Cave,SPECIES_MEOWSTIC_M,Meowstic,NATIONAL_DEX_MEOWSTIC,PSYCHIC
Cave,SPECIES_METAGROSS,Metagross,NATIONAL_DEX_METAGROSS,STEEL/PSYCHIC
Cave,SPECIES_METANG,Metang,NATIONAL_DEX_METANG,STEEL/PSYCHIC
Cave,SPECIES_MIGHTYENA,Mightyena,NATIONAL_DEX_MIGHTYENA,DARK
Cave,SPECIES_MIME_JR,Mime Jr.,NATIONAL_DEX_MIME_JR,PSYCHIC/FAIRY
Cave,SPECIES_MIMIKYU_DISGUISED,Mimikyu,NATIONAL_DEX_MIMIKYU,GHOST/FAIRY
Cave,SPECIES_MINIOR,Minior,NATIONAL_DEX_MINIOR,ROCK/FLYING
Cave,SPECIES_MISDREAVUS,Misdreavus,NATIONAL_DEX_MISDREAVUS,GHOST
Cave,SPECIES_MISMAGIUS,Mismagius,NATIONAL_DEX_MISMAGIUS,GHOST
Cave,SPECIES_MORGREM,Morgrem,NATIONAL_DEX_MORGREM,DARK/FAIRY
Cave,SPECIES_MORPEKO_FULL_BELLY,Morpeko,NATIONAL_DEX_MORPEKO,ELECTRIC/DARK
Cave,SPECIES_MR_MIME,Mr. Mime,NATIONAL_DEX_MR_MIME,PSYCHIC/FAIRY
Cave,SPECIES_MR_RIME,Mr. Rime,NATIONAL_DEX_MR_RIME,ICE/PSYCHIC
Cave,SPECIES_MUDBRAY,Mudbray,NATIONAL_DEX_MUDBRAY,GROUND
Cave,SPECIES_MUDSDALE,Mudsdale,NATIONAL_DEX_MUDSDALE,GROUND
Cave,SPECIES_MUK,Muk,NATIONAL_DEX_MUK,POISON
Cave,SPECIES_MUNKIDORI,Munkidori,NATIONAL_DEX_MUNKIDORI,POISON/PSYCHIC
Cave,SPECIES_MUNNA,Munna,NATIONAL_DEX_MUNNA,PSYCHIC
Cave,SPECIES_MURKROW,Murkrow,NATIONAL_DEX_MURKROW,DARK/FLYING
Cave,SPECIES_MUSHARNA,Musharna,NATIONAL_DEX_MUSHARNA,PSYCHIC
Cave,SPECIES_NACLI,Nacli,NATIONAL_DEX_NACLI,ROCK
Cave,SPECIES_NACLSTACK,Naclstack,NATIONAL_DEX_NACLSTACK,ROCK
Cave,SPECIES_NATU,Natu,NATIONAL_DEX_NATU,PSYCHIC/FLYING
Cave,SPECIES_NICKIT,Nickit,NATIONAL_DEX_NICKIT,DARK
Cave,SPECIES_NIDOKING,Nidoking,NATIONAL_DEX_NIDOKING,POISON/GROUND
Cave,SPECIES_NIDOQUEEN,Nidoqueen,NATIONAL_DEX_NIDOQUEEN,POISON/GROUND
Cave,SPECIES_NIDORAN_F,Nidoran♀,NATIONAL_DEX_NIDORAN_F,POISON
Cave,SPECIES_NIDORAN_M,Nidoran♂,NATIONAL_DEX_NIDORAN_M,POISON
Cave,SPECIES_NIDORINA,Nidorina,NATIONAL_DEX_NIDORINA,POISON
Cave,SPECIES_NIDORINO,Nidorino,NATIONAL_DEX_NIDORINO,POISON
Cave,SPECIES_NINCADA,Nincada,NATIONAL_DEX_NINCADA,BUG/GROUND
Cave,SPECIES_NOIBAT,Noibat,NATIONAL_DEX_NOIBAT,FLYING/DRAGON
Cave,SPECIES_NOIVERN,Noivern,NATIONAL_DEX_NOIVERN,FLYING/DRAGON
Cave,SPECIES_NOSEPASS,Nosepass,NATIONAL_DEX_NOSEPASS,ROCK
Cave,SPECIES_NUMEL,Numel,NATIONAL_DEX_NUMEL,FIRE/GROUND
Cave,SPECIES_NUZLEAF,Nuzleaf,NATIONAL_DEX_NUZLEAF,GRASS/DARK
Cave,SPECIES_OBSTAGOON,Obstagoon,NATIONAL_DEX_OBSTAGOON,DARK/NORMAL
Cave,SPECIES_ODDISH,Oddish,NATIONAL_DEX_ODDISH,GRASS/POISON
Cave,SPECIES_OKIDOGI,Okidogi,NATIONAL_DEX_OKIDOGI,POISON/FIGHTING
Cave,SPECIES_OMANYTE,Omanyte,NATIONAL_DEX_OMANYTE,ROCK/WATER
Cave,SPECIES_OMASTAR,Omastar,NATIONAL_DEX_OMASTAR,ROCK/WATER
Cave,SPECIES_ONIX,Onix,NATIONAL_DEX_ONIX,ROCK/GROUND
Cave,SPECIES_ORANGURU,Oranguru,NATIONAL_DEX_ORANGURU,NORMAL/PSYCHIC
Cave,SPECIES_ORBEETLE,Orbeetle,NATIONAL_DEX_ORBEETLE,BUG/PSYCHIC
Cave,SPECIES_ORTHWORM,Orthworm,NATIONAL_DEX_ORTHWORM,STEEL
Cave,SPECIES_OVERQWIL,Overqwil,NATIONAL_DEX_OVERQWIL,DARK/POISON
Cave,SPECIES_PALOSSAND,Palossand,NATIONAL_DEX_PALOSSAND,GHOST/GROUND
Cave,SPECIES_PALPITOAD,Palpitoad,NATIONAL_DEX_PALPITOAD,WATER/GROUND
Cave,SPECIES_PANGORO,Pangoro,NATIONAL_DEX_PANGORO,FIGHTING/DARK
Cave,SPECIES_PAWNIARD,Pawniard,NATIONAL_DEX_PAWNIARD,DARK/STEEL
Cave,SPECIES_PERRSERKER,Perrserker,NATIONAL_DEX_PERRSERKER,STEEL
Cave,SPECIES_PHANPY,Phanpy,NATIONAL_DEX_PHANPY,GROUND
Cave,SPECIES_PHANTUMP,Phantump,NATIONAL_DEX_PHANTUMP,GHOST/GRASS
Cave,SPECIES_PILOSWINE,Piloswine,NATIONAL_DEX_PILOSWINE,ICE/GROUND
Cave,SPECIES_POLTCHAGEIST_COUNTERFEIT,Poltchageist,NATIONAL_DEX_POLTCHAGEIST,GRASS/GHOST
Cave,SPECIES_POLTEAGEIST_PHONY,Polteageist,NATIONAL_DEX_POLTEAGEIST,GHOST
Cave,SPECIES_POOCHYENA,Poochyena,NATIONAL_DEX_POOCHYENA,DARK
Cave,SPECIES_PROBOPASS,Probopass,NATIONAL_DEX_PROBOPASS,ROCK/STEEL
Cave,SPECIES_PUMPKABOO_AVERAGE,Pumpkaboo,NATIONAL_DEX_PUMPKABOO,GHOST/GRASS
Cave,SPECIES_PUPITAR,Pupitar,NATIONAL_DEX_PUPITAR,ROCK/GROUND
Cave,SPECIES_PURRLOIN,Purrloin,NATIONAL_DEX_PURRLOIN,DARK
Cave,SPECIES_QUAGSIRE,Quagsire,NATIONAL_DEX_QUAGSIRE,WATER/GROUND
Cave,SPECIES_QWILFISH,Qwilfish,NATIONAL_DEX_QWILFISH,WATER/POISON
Cave,SPECIES_RABSCA,Rabsca,NATIONAL_DEX_RABSCA,BUG/PSYCHIC
Cave,SPECIES_RALTS,Ralts,NATIONAL_DEX_RALTS,PSYCHIC
Cave,SPECIES_RAMPARDOS,Rampardos,NATIONAL_DEX_RAMPARDOS,ROCK
Cave,SPECIES_RELICANTH,Relicanth,NATIONAL_DEX_RELICANTH,WATER/ROCK
Cave,SPECIES_REUNICLUS,Reuniclus,NATIONAL_DEX_REUNICLUS,PSYCHIC
Cave,SPECIES_REVAVROOM,Revavroom,NATIONAL_DEX_REVAVROOM,STEEL/POISON
Cave,SPECIES_RHYDON,Rhydon,NATIONAL_DEX_RHYDON,GROUND/ROCK
Cave,SPECIES_RHYHORN,Rhyhorn,NATIONAL_DEX_RHYHORN,GROUND/ROCK
Cave,SPECIES_RHYPERIOR,Rhyperior,NATIONAL_DEX_RHYPERIOR,GROUND/ROCK
Cave,SPECIES_ROCKRUFF,Rockruff,NATIONAL_DEX_ROCKRUFF,ROCK
Cave,SPECIES_ROGGENROLA,Roggenrola,NATIONAL_DEX_ROGGENROLA,ROCK
Cave,SPECIES_ROLYCOLY,Rolycoly,NATIONAL_DEX_ROLYCOLY,ROCK
Cave,SPECIES_ROSELIA,Roselia,NATIONAL_DEX_ROSELIA,GRASS/POISON
Cave,SPECIES_ROSERADE,Roserade,NATIONAL_DEX_ROSERADE,GRASS/POISON
Cave,SPECIES_RUNERIGUS,Runerigus,NATIONAL_DEX_RUNERIGUS,GROUND/GHOST
Cave,SPECIES_SABLEYE,Sableye,NATIONAL_DEX_SABLEYE,DARK/GHOST
Cave,SPECIES_SALAMENCE,Salamence,NATIONAL_DEX_SALAMENCE,DRAGON/FLYING
Cave,SPECIES_SALANDIT,Salandit,NATIONAL_DEX_SALANDIT,POISON/FIRE
Cave,SPECIES_SALAZZLE,Salazzle,NATIONAL_DEX_SALAZZLE,POISON/FIRE
Cave,SPECIES_SANDACONDA,Sandaconda,NATIONAL_DEX_SANDACONDA,GROUND
Cave,SPECIES_SANDILE,Sandile,NATIONAL_DEX_SANDILE,GROUND/DARK
Cave,SPECIES_SANDSHREW,Sandshrew,NATIONAL_DEX_SANDSHREW,GROUND
Cave,SPECIES_SANDSLASH,Sandslash,NATIONAL_DEX_SANDSLASH,GROUND
Cave,SPECIES_SANDYGAST,Sandygast,NATIONAL_DEX_SANDYGAST,GHOST/GROUND
Cave,SPECIES_SCIZOR,Scizor,NATIONAL_DEX_SCIZOR,BUG/STEEL
Cave,SPECIES_SCOLIPEDE,Scolipede,NATIONAL_DEX_SCOLIPEDE,BUG/POISON
Cave,SPECIES_SCRAFTY,Scrafty,NATIONAL_DEX_SCRAFTY,DARK/FIGHTING
Cave,SPECIES_SCRAGGY,Scraggy,NATIONAL_DEX_SCRAGGY,DARK/FIGHTING
Cave,SPECIES_SEISMITOAD,Seismitoad,NATIONAL_DEX_SEISMITOAD,WATER/GROUND
Cave,SPECIES_SEVIPER,Seviper,NATIONAL_DEX_SEVIPER,POISON
Cave,SPECIES_SHARPEDO,Sharpedo,NATIONAL_DEX_SHARPEDO,WATER/DARK
Cave,SPECIES_SHEDINJA,Shedinja,NATIONAL_DEX_SHEDINJA,BUG/GHOST
Cave,SPECIES_SHELGON,Shelgon,NATIONAL_DEX_SHELGON,DRAGON
Cave,SPECIES_SHIELDON,Shieldon,NATIONAL_DEX_SHIELDON,ROCK/STEEL
Cave,SPECIES_SHIFTRY,Shiftry,NATIONAL_DEX_SHIFTRY,GRASS/DARK
Cave,SPECIES_SHROODLE,Shroodle,NATIONAL_DEX_SHROODLE,POISON/NORMAL
Cave,SPECIES_SHUCKLE,Shuckle,NATIONAL_DEX_SHUCKLE,BUG/ROCK
Cave,SPECIES_SHUPPET,Shuppet,NATIONAL_DEX_SHUPPET,GHOST
Cave,SPECIES_SIGILYPH,Sigilyph,NATIONAL_DEX_SIGILYPH,PSYCHIC/FLYING
Cave,SPECIES_SILICOBRA,Silicobra,NATIONAL_DEX_SILICOBRA,GROUND
Cave,SPECIES_SINISTCHA_UNREMARKABLE,Sinistcha,NATIONAL_DEX_SINISTCHA,GRASS/GHOST
Cave,SPECIES_SINISTEA_PHONY,Sinistea,NATIONAL_DEX_SINISTEA,GHOST
Cave,SPECIES_SKARMORY,Skarmory,NATIONAL_DEX_SKARMORY,STEEL/FLYING
Cave,SPECIES_SKELEDIRGE,Skeledirge,NATIONAL_DEX_SKELEDIRGE,FIRE/GHOST
Cave,SPECIES_SKORUPI,Skorupi,NATIONAL_DEX_SKORUPI,POISON/BUG
Cave,SPECIES_SKRELP,Skrelp,NATIONAL_DEX_SKRELP,POISON/WATER
Cave,SPECIES_SKUNTANK,Skuntank,NATIONAL_DEX_SKUNTANK,POISON/DARK
Cave,SPECIES_SLIGGOO,Sliggoo,NATIONAL_DEX_SLIGGOO,DRAGON
Cave,SPECIES_SLOWBRO,Slowbro,NATIONAL_DEX_SLOWBRO,WATER/PSYCHIC
Cave,SPECIES_SLOWKING,Slowking,NATIONAL_DEX_SLOWKING,WATER/PSYCHIC
Cave,SPECIES_SLOWPOKE,Slowpoke,NATIONAL_DEX_SLOWPOKE,WATER/PSYCHIC
Cave,SPECIES_SMOOCHUM,Smoochum,NATIONAL_DEX_SMOOCHUM,ICE/PSYCHIC
Cave,SPECIES_SNEASEL,Sneasel,NATIONAL_DEX_SNEASEL,DARK/ICE
Cave,SPECIES_SNEASLER,Sneasler,NATIONAL_DEX_SNEASLER,FIGHTING/POISON
Cave,SPECIES_SOLOSIS,Solosis,NATIONAL_DEX_SOLOSIS,PSYCHIC
Cave,SPECIES_SOLROCK,Solrock,NATIONAL_DEX_SOLROCK,ROCK/PSYCHIC
Cave,SPECIES_SPINARAK,Spinarak,NATIONAL_DEX_SPINARAK,BUG/POISON
Cave,SPECIES_SPIRITOMB,Spiritomb,NATIONAL_DEX_SPIRITOMB,GHOST/DARK
Cave,SPECIES_SPOINK,Spoink,NATIONAL_DEX_SPOINK,PSYCHIC
Cave,SPECIES_STARMIE,Starmie,NATIONAL_DEX_STARMIE,WATER/PSYCHIC
Cave,SPECIES_STEELIX,Steelix,NATIONAL_DEX_STEELIX,STEEL/GROUND
Cave,SPECIES_STONJOURNER,Stonjourner,NATIONAL_DEX_STONJOURNER,ROCK
Cave,SPECIES_STUNFISK,Stunfisk,NATIONAL_DEX_STUNFISK,GROUND/ELECTRIC
Cave,SPECIES_STUNKY,Stunky,NATIONAL_DEX_STUNKY,POISON/DARK
Cave,SPECIES_SUDOWOODO,Sudowoodo,NATIONAL_DEX_SUDOWOODO,ROCK
Cave,SPECIES_SWALOT,Swalot,NATIONAL_DEX_SWALOT,POISON
Cave,SPECIES_SWAMPERT,Swampert,NATIONAL_DEX_SWAMPERT,WATER/GROUND
Cave,SPECIES_SWINUB,Swinub,NATIONAL_DEX_SWINUB,ICE/GROUND
Cave,SPECIES_SWOOBAT,Swoobat,NATIONAL_DEX_SWOOBAT,PSYCHIC/FLYING
Cave,SPECIES_TATSUGIRI_CURLY,Tatsugiri,NATIONAL_DEX_TATSUGIRI,DRAGON/WATER
Cave,SPECIES_TENTACOOL,Tentacool,NATIONAL_DEX_TENTACOOL,WATER/POISON
Cave,SPECIES_TENTACRUEL,Tentacruel,NATIONAL_DEX_TENTACRUEL,WATER/POISON
Cave,SPECIES_THIEVUL,Thievul,NATIONAL_DEX_THIEVUL,DARK
Cave,SPECIES_TINKATINK,Tinkatink,NATIONAL_DEX_TINKATINK,FAIRY/STEEL
Cave,SPECIES_TINKATON,Tinkaton,NATIONAL_DEX_TINKATON,FAIRY/STEEL
Cave,SPECIES_TINKATUFF,Tinkatuff,NATIONAL_DEX_TINKATUFF,FAIRY/STEEL
Cave,SPECIES_TIRTOUGA,Tirtouga,NATIONAL_DEX_TIRTOUGA,WATER/ROCK
Cave,SPECIES_TOEDSCOOL,Toedscool,NATIONAL_DEX_TOEDSCOOL,GROUND/GRASS
Cave,SPECIES_TOEDSCRUEL,Toedscruel,NATIONAL_DEX_TOEDSCRUEL,GROUND/GRASS
Cave,SPECIES_TOGEDEMARU,Togedemaru,NATIONAL_DEX_TOGEDEMARU,ELECTRIC/STEEL
Cave,SPECIES_TORTERRA,Torterra,NATIONAL_DEX_TORTERRA,GRASS/GROUND
Cave,SPECIES_TOXAPEX,Toxapex,NATIONAL_DEX_TOXAPEX,POISON/WATER
Cave,SPECIES_TOXEL,Toxel,NATIONAL_DEX_TOXEL,ELECTRIC/POISON
Cave,SPECIES_TOXICROAK,Toxicroak,NATIONAL_DEX_TOXICROAK,POISON/FIGHTING
Cave,SPECIES_TOXTRICITY_AMPED,Toxtricity,NATIONAL_DEX_TOXTRICITY,ELECTRIC/POISON
Cave,SPECIES_TRAPINCH,Trapinch,NATIONAL_DEX_TRAPINCH,GROUND
Cave,SPECIES_TREVENANT,Trevenant,NATIONAL_DEX_TREVENANT,GHOST/GRASS
Cave,SPECIES_TRUBBISH,Trubbish,NATIONAL_DEX_TRUBBISH,POISON
Cave,SPECIES_TURTONATOR,Turtonator,NATIONAL_DEX_TURTONATOR,FIRE/DRAGON
Cave,SPECIES_TYRANITAR,Tyranitar,NATIONAL_DEX_TYRANITAR,ROCK/DARK
Cave,SPECIES_TYRANTRUM,Tyrantrum,NATIONAL_DEX_TYRANTRUM,ROCK/DRAGON
Cave,SPECIES_TYRUNT,Tyrunt,NATIONAL_DEX_TYRUNT,ROCK/DRAGON
Cave,SPECIES_UMBREON,Umbreon,NATIONAL_DEX_UMBREON,DARK
Cave,SPECIES_UNOWN,Unown,NATIONAL_DEX_UNOWN,PSYCHIC
Cave,SPECIES_URSALUNA,Ursaluna,NATIONAL_DEX_URSALUNA,GROUND/NORMAL
Cave,SPECIES_URSHIFU_SINGLE_STRIKE,Urshifu,NATIONAL_DEX_URSHIFU,FIGHTING/DARK
Cave,SPECIES_VAROOM,Varoom,NATIONAL_DEX_VAROOM,STEEL/POISON
Cave,SPECIES_VELUZA,Veluza,NATIONAL_DEX_VELUZA,WATER/PSYCHIC
Cave,SPECIES_VENIPEDE,Venipede,NATIONAL_DEX_VENIPEDE,BUG/POISON
Cave,SPECIES_VENOMOTH,Venomoth,NATIONAL_DEX_VENOMOTH,BUG/POISON
Cave,SPECIES_VENONAT,Venonat,NATIONAL_DEX_VENONAT,BUG/POISON
Cave,SPECIES_VENUSAUR,Venusaur,NATIONAL_DEX_VENUSAUR,GRASS/POISON
Cave,SPECIES_VIBRAVA,Vibrava,NATIONAL_DEX_VIBRAVA,GROUND/DRAGON
Cave,SPECIES_VICTREEBEL,Victreebel,NATIONAL_DEX_VICTREEBEL,GRASS/POISON
Cave,SPECIES_VILEPLUME,Vileplume,NATIONAL_DEX_VILEPLUME,GRASS/POISON
Cave,SPECIES_VULLABY,Vullaby,NATIONAL_DEX_VULLABY,DARK/FLYING
Cave,SPECIES_WEAVILE,Weavile,NATIONAL_DEX_WEAVILE,DARK/ICE
Cave,SPECIES_WEEDLE,Weedle,NATIONAL_DEX_WEEDLE,BUG/POISON
Cave,SPECIES_WEEPINBELL,Weepinbell,NATIONAL_DEX_WEEPINBELL,GRASS/POISON
Cave,SPECIES_WEEZING,Weezing,NATIONAL_DEX_WEEZING,POISON
Cave,SPECIES_WHIRLIPEDE,Whirlipede,NATIONAL_DEX_WHIRLIPEDE,BUG/POISON
Cave,SPECIES_WHISCASH,Whiscash,NATIONAL_DEX_WHISCASH,WATER/GROUND
Cave,SPECIES_WOBBUFFET,Wobbuffet,NATIONAL_DEX_WOBBUFFET,PSYCHIC
Cave,SPECIES_WOOBAT,Woobat,NATIONAL_DEX_WOOBAT,PSYCHIC/FLYING
Cave,SPECIES_WOOPER,Wooper,NATIONAL_DEX_WOOPER,WATER/GROUND
Cave,SPECIES_WYNAUT,Wynaut,NATIONAL_DEX_WYNAUT,PSYCHIC
Cave,SPECIES_WYRDEER,Wyrdeer,NATIONAL_DEX_WYRDEER,NORMAL/PSYCHIC
Cave,SPECIES_XATU,Xatu,NATIONAL_DEX_XATU,PSYCHIC/FLYING
Cave,SPECIES_YAMASK,Yamask,NATIONAL_DEX_YAMASK,GHOST
Cave,SPECIES_ZOROARK,Zoroark,NATIONAL_DEX_ZOROARK,DARK
Cave,SPECIES_ZORUA,Zorua,NATIONAL_DEX_ZORUA,DARK
Cave,SPECIES_ZUBAT,Zubat,NATIONAL_DEX_ZUBAT,POISON/FLYING
Cave,SPECIES_ZWEILOUS,Zweilous,NATIONAL_DEX_ZWEILOUS,DARK/DRAGON
Cave,SPECIES_ZYGARDE_50,Zygarde,NATIONAL_DEX_ZYGARDE,DRAGON/GROUND
Desert,SPECIES_AERODACTYL,Aerodactyl,NATIONAL_DEX_AERODACTYL,ROCK/FLYING
Desert,SPECIES_AGGRON,Aggron,NATIONAL_DEX_AGGRON,STEEL/ROCK
Desert,SPECIES_AMAURA,Amaura,NATIONAL_DEX_AMAURA,ROCK/ICE
Desert,SPECIES_ANORITH,Anorith,NATIONAL_DEX_ANORITH,ROCK/BUG
Desert,SPECIES_ARCANINE,Arcanine,NATIONAL_DEX_ARCANINE,FIRE
Desert,SPECIES_ARCHEN,Archen,NATIONAL_DEX_ARCHEN,ROCK/FLYING
Desert,SPECIES_ARCHEOPS,Archeops,NATIONAL_DEX_ARCHEOPS,ROCK/FLYING
Desert,SPECIES_ARMALDO,Armaldo,NATIONAL_DEX_ARMALDO,ROCK/BUG
Desert,SPECIES_ARMAROUGE,Armarouge,NATIONAL_DEX_ARMAROUGE,FIRE/PSYCHIC
Desert,SPECIES_ARON,Aron,NATIONAL_DEX_ARON,STEEL/ROCK
Desert,SPECIES_AURORUS,Aurorus,NATIONAL_DEX_AURORUS,ROCK/ICE
Desert,SPECIES_BALTOY,Baltoy,NATIONAL_DEX_BALTOY,GROUND/PSYCHIC
Desert,SPECIES_BARBARACLE,Barbaracle,NATIONAL_DEX_BARBARACLE,ROCK/WATER
Desert,SPECIES_BARBOACH,Barboach,NATIONAL_DEX_BARBOACH,WATER/GROUND
Desert,SPECIES_BASTIODON,Bastiodon,NATIONAL_DEX_BASTIODON,ROCK/STEEL
Desert,SPECIES_BINACLE,Binacle,NATIONAL_DEX_BINACLE,ROCK/WATER
Desert,SPECIES_BLAZIKEN,Blaziken,NATIONAL_DEX_BLAZIKEN,FIRE/FIGHTING
Desert,SPECIES_BOLDORE,Boldore,NATIONAL_DEX_BOLDORE,ROCK
Desert,SPECIES_BONSLY,Bonsly,NATIONAL_DEX_BONSLY,ROCK
Desert,SPECIES_BRAIXEN,Braixen,NATIONAL_DEX_BRAIXEN,FIRE
Desert,SPECIES_CAMERUPT,Camerupt,NATIONAL_DEX_CAMERUPT,FIRE/GROUND
Desert,SPECIES_CARBINK,Carbink,NATIONAL_DEX_CARBINK,ROCK/FAIRY
Desert,SPECIES_CARKOL,Carkol,NATIONAL_DEX_CARKOL,ROCK/FIRE
Desert,SPECIES_CARRACOSTA,Carracosta,NATIONAL_DEX_CARRACOSTA,WATER/ROCK
Desert,SPECIES_CENTISKORCH,Centiskorch,NATIONAL_DEX_CENTISKORCH,FIRE/BUG
Desert,SPECIES_CERULEDGE,Ceruledge,NATIONAL_DEX_CERULEDGE,FIRE/GHOST
Desert,SPECIES_CHANDELURE,Chandelure,NATIONAL_DEX_CHANDELURE,GHOST/FIRE
Desert,SPECIES_CHARCADET,Charcadet,NATIONAL_DEX_CHARCADET,FIRE
Desert,SPECIES_CHARIZARD,Charizard,NATIONAL_DEX_CHARIZARD,FIRE/FLYING
Desert,SPECIES_CHARMANDER,Charmander,NATIONAL_DEX_CHARMANDER,FIRE
Desert,SPECIES_CHARMELEON,Charmeleon,NATIONAL_DEX_CHARMELEON,FIRE
Desert,SPECIES_CHIMCHAR,Chimchar,NATIONAL_DEX_CHIMCHAR,FIRE
Desert,SPECIES_CINDERACE,Cinderace,NATIONAL_DEX_CINDERACE,FIRE
Desert,SPECIES_CLAYDOL,Claydol,NATIONAL_DEX_CLAYDOL,GROUND/PSYCHIC
Desert,SPECIES_CLODSIRE,Clodsire,NATIONAL_DEX_CLODSIRE,POISON/GROUND
Desert,SPECIES_COALOSSAL,Coalossal,NATIONAL_DEX_COALOSSAL,ROCK/FIRE
Desert,SPECIES_COMBUSKEN,Combusken,NATIONAL_DEX_COMBUSKEN,FIRE/FIGHTING
Desert,SPECIES_CORSOLA,Corsola,NATIONAL_DEX_CORSOLA,WATER/ROCK
Desert,SPECIES_CRADILY,Cradily,NATIONAL_DEX_CRADILY,ROCK/GRASS
Desert,SPECIES_CRANIDOS,Cranidos,NATIONAL_DEX_CRANIDOS,ROCK
Desert,SPECIES_CROCALOR,Crocalor,NATIONAL_DEX_CROCALOR,FIRE
Desert,SPECIES_CRUSTLE,Crustle,NATIONAL_DEX_CRUSTLE,BUG/ROCK
Desert,SPECIES_CUBONE,Cubone,NATIONAL_DEX_CUBONE,GROUND
Desert,SPECIES_CYNDAQUIL,Cyndaquil,NATIONAL_DEX_CYNDAQUIL,FIRE
Desert,SPECIES_DARMANITAN_STANDARD,Darmanitan,NATIONAL_DEX_DARMANITAN,FIRE
Desert,SPECIES_DARUMAKA,Darumaka,NATIONAL_DEX_DARUMAKA,FIRE
Desert,SPECIES_DELPHOX,Delphox,NATIONAL_DEX_DELPHOX,FIRE/PSYCHIC
Desert,SPECIES_DIGGERSBY,Diggersby,NATIONAL_DEX_DIGGERSBY,NORMAL/GROUND
Desert,SPECIES_DIGLETT,Diglett,NATIONAL_DEX_DIGLETT,GROUND
Desert,SPECIES_DONPHAN,Donphan,NATIONAL_DEX_DONPHAN,GROUND
Desert,SPECIES_DREDNAW,Drednaw,NATIONAL_DEX_DREDNAW,WATER/ROCK
Desert,SPECIES_DRILBUR,Drilbur,NATIONAL_DEX_DRILBUR,GROUND
Desert,SPECIES_DUGTRIO,Dugtrio,NATIONAL_DEX_DUGTRIO,GROUND
Desert,SPECIES_DWEBBLE,Dwebble,NATIONAL_DEX_DWEBBLE,BUG/ROCK
Desert,SPECIES_EMBOAR,Emboar,NATIONAL_DEX_EMBOAR,FIRE/FIGHTING
Desert,SPECIES_EXCADRILL,Excadrill,NATIONAL_DEX_EXCADRILL,GROUND/STEEL
Desert,SPECIES_FENNEKIN,Fennekin,NATIONAL_DEX_FENNEKIN,FIRE
Desert,SPECIES_FLAREON,Flareon,NATIONAL_DEX_FLAREON,FIRE
Desert,SPECIES_FLETCHINDER,Fletchinder,NATIONAL_DEX_FLETCHINDER,FIRE/FLYING
Desert,SPECIES_FLYGON,Flygon,NATIONAL_DEX_FLYGON,GROUND/DRAGON
Desert,SPECIES_FUECOCO,Fuecoco,NATIONAL_DEX_FUECOCO,FIRE
Desert,SPECIES_GABITE,Gabite,NATIONAL_DEX_GABITE,DRAGON/GROUND
Desert,SPECIES_GARCHOMP,Garchomp,NATIONAL_DEX_GARCHOMP,DRAGON/GROUND
Desert,SPECIES_GARGANACL,Garganacl,NATIONAL_DEX_GARGANACL,ROCK
Desert,SPECIES_GASTRODON_WEST,Gastrodon,NATIONAL_DEX_GASTRODON,WATER/GROUND
Desert,SPECIES_GEODUDE,Geodude,NATIONAL_DEX_GEODUDE,ROCK/GROUND
Desert,SPECIES_GIBLE,Gible,NATIONAL_DEX_GIBLE,DRAGON/GROUND
Desert,SPECIES_GIGALITH,Gigalith,NATIONAL_DEX_GIGALITH,ROCK
Desert,SPECIES_GLIGAR,Gligar,NATIONAL_DEX_GLIGAR,GROUND/FLYING
Desert,SPECIES_GLIMMET,Glimmet,NATIONAL_DEX_GLIMMET,ROCK/POISON
Desert,SPECIES_GLIMMORA,Glimmora,NATIONAL_DEX_GLIMMORA,ROCK/POISON
Desert,SPECIES_GLISCOR,Gliscor,NATIONAL_DEX_GLISCOR,GROUND/FLYING
Desert,SPECIES_GOLEM,Golem,NATIONAL_DEX_GOLEM,ROCK/GROUND
Desert,SPECIES_GOLETT,Golett,NATIONAL_DEX_GOLETT,GROUND/GHOST
Desert,SPECIES_GOLURK,Golurk,NATIONAL_DEX_GOLURK,GROUND/GHOST
Desert,SPECIES_GRAVELER,Graveler,NATIONAL_DEX_GRAVELER,ROCK/GROUND
Desert,SPECIES_GROWLITHE,Growlithe,NATIONAL_DEX_GROWLITHE,FIRE
Desert,SPECIES_HEATMOR,Heatmor,NATIONAL_DEX_HEATMOR,FIRE
Desert,SPECIES_HIPPOPOTAS,Hippopotas,NATIONAL_DEX_HIPPOPOTAS,GROUND
Desert,SPECIES_HIPPOWDON,Hippowdon,NATIONAL_DEX_HIPPOWDON,GROUND
Desert,SPECIES_HOUNDOOM,Houndoom,NATIONAL_DEX_HOUNDOOM,DARK/FIRE
Desert,SPECIES_HOUNDOUR,Houndour,NATIONAL_DEX_HOUNDOUR,DARK/FIRE
Desert,SPECIES_INCINEROAR,Incineroar,NATIONAL_DEX_INCINEROAR,FIRE/DARK
Desert,SPECIES_INFERNAPE,Infernape,NATIONAL_DEX_INFERNAPE,FIRE/FIGHTING
Desert,SPECIES_KABUTO,Kabuto,NATIONAL_DEX_KABUTO,ROCK/WATER
Desert,SPECIES_KABUTOPS,Kabutops,NATIONAL_DEX_KABUTOPS,ROCK/WATER
Desert,SPECIES_KLAWF,Klawf,NATIONAL_DEX_KLAWF,ROCK
Desert,SPECIES_KLEAVOR,Kleavor,NATIONAL_DEX_KLEAVOR,BUG/ROCK
Desert,SPECIES_KROKOROK,Krokorok,NATIONAL_DEX_KROKOROK,GROUND/DARK
Desert,SPECIES_KROOKODILE,Krookodile,NATIONAL_DEX_KROOKODILE,GROUND/DARK
Desert,SPECIES_LAIRON,Lairon,NATIONAL_DEX_LAIRON,STEEL/ROCK
Desert,SPECIES_LAMPENT,Lampent,NATIONAL_DEX_LAMPENT,GHOST/FIRE
Desert,SPECIES_LANDORUS_INCARNATE,Landorus,NATIONAL_DEX_LANDORUS,GROUND/FLYING
Desert,SPECIES_LARVESTA,Larvesta,NATIONAL_DEX_LARVESTA,BUG/FIRE
Desert,SPECIES_LARVITAR,Larvitar,NATIONAL_DEX_LARVITAR,ROCK/GROUND
Desert,SPECIES_LILEEP,Lileep,NATIONAL_DEX_LILEEP,ROCK/GRASS
Desert,SPECIES_LITLEO,Litleo,NATIONAL_DEX_LITLEO,FIRE/NORMAL
Desert,SPECIES_LITTEN,Litten,NATIONAL_DEX_LITTEN,FIRE
Desert,SPECIES_LITWICK,Litwick,NATIONAL_DEX_LITWICK,GHOST/FIRE
Desert,SPECIES_LUNATONE,Lunatone,NATIONAL_DEX_LUNATONE,ROCK/PSYCHIC
Desert,SPECIES_LYCANROC_MIDDAY,Lycanroc,NATIONAL_DEX_LYCANROC,ROCK
Desert,SPECIES_MAGBY,Magby,NATIONAL_DEX_MAGBY,FIRE
Desert,SPECIES_MAGCARGO,Magcargo,NATIONAL_DEX_MAGCARGO,FIRE/ROCK
Desert,SPECIES_MAGMAR,Magmar,NATIONAL_DEX_MAGMAR,FIRE
Desert,SPECIES_MAGMORTAR,Magmortar,NATIONAL_DEX_MAGMORTAR,FIRE
Desert,SPECIES_MAMOSWINE,Mamoswine,NATIONAL_DEX_MAMOSWINE,ICE/GROUND
Desert,SPECIES_MAROWAK,Marowak,NATIONAL_DEX_MAROWAK,GROUND
Desert,SPECIES_MARSHTOMP,Marshtomp,NATIONAL_DEX_MARSHTOMP,WATER/GROUND
Desert,SPECIES_MINIOR,Minior,NATIONAL_DEX_MINIOR,ROCK/FLYING
Desert,SPECIES_MONFERNO,Monferno,NATIONAL_DEX_MONFERNO,FIRE/FIGHTING
Desert,SPECIES_MUDBRAY,Mudbray,NATIONAL_DEX_MUDBRAY,GROUND
Desert,SPECIES_MUDSDALE,Mudsdale,NATIONAL_DEX_MUDSDALE,GROUND
Desert,SPECIES_NACLI,Nacli,NATIONAL_DEX_NACLI,ROCK
Desert,SPECIES_NACLSTACK,Naclstack,NATIONAL_DEX_NACLSTACK,ROCK
Desert,SPECIES_NIDOKING,Nidoking,NATIONAL_DEX_NIDOKING,POISON/GROUND
Desert,SPECIES_NIDOQUEEN,Nidoqueen,NATIONAL_DEX_NIDOQUEEN,POISON/GROUND
Desert,SPECIES_NINCADA,Nincada,NATIONAL_DEX_NINCADA,BUG/GROUND
Desert,SPECIES_NINETALES,Ninetales,NATIONAL_DEX_NINETALES,FIRE
Desert,SPECIES_NOSEPASS,Nosepass,NATIONAL_DEX_NOSEPASS,ROCK
Desert,SPECIES_NUMEL,Numel,NATIONAL_DEX_NUMEL,FIRE/GROUND
Desert,SPECIES_OMANYTE,Omanyte,NATIONAL_DEX_OMANYTE,ROCK/WATER
Desert,SPECIES_OMASTAR,Omastar,NATIONAL_DEX_OMASTAR,ROCK/WATER
Desert,SPECIES_ONIX,Onix,NATIONAL_DEX_ONIX,ROCK/GROUND
Desert,SPECIES_ORICORIO_BAILE,Oricorio,NATIONAL_DEX_ORICORIO,FIRE/FLYING
Desert,SPECIES_PALOSSAND,Palossand,NATIONAL_DEX_PALOSSAND,GHOST/GROUND
Desert,SPECIES_PALPITOAD,Palpitoad,NATIONAL_DEX_PALPITOAD,WATER/GROUND
Desert,SPECIES_PANSEAR,Pansear,NATIONAL_DEX_PANSEAR,FIRE
Desert,SPECIES_PHANPY,Phanpy,NATIONAL_DEX_PHANPY,GROUND
Desert,SPECIES_PIGNITE,Pignite,NATIONAL_DEX_PIGNITE,FIRE/FIGHTING
Desert,SPECIES_PILOSWINE,Piloswine,NATIONAL_DEX_PILOSWINE,ICE/GROUND
Desert,SPECIES_PONYTA,Ponyta,NATIONAL_DEX_PONYTA,FIRE
Desert,SPECIES_PROBOPASS,Probopass,NATIONAL_DEX_PROBOPASS,ROCK/STEEL
Desert,SPECIES_PUPITAR,Pupitar,NATIONAL_DEX_PUPITAR,ROCK/GROUND
Desert,SPECIES_PYROAR,Pyroar,NATIONAL_DEX_PYROAR,FIRE/NORMAL
Desert,SPECIES_QUAGSIRE,Quagsire,NATIONAL_DEX_QUAGSIRE,WATER/GROUND
Desert,SPECIES_QUILAVA,Quilava,NATIONAL_DEX_QUILAVA,FIRE
Desert,SPECIES_RABOOT,Raboot,NATIONAL_DEX_RABOOT,FIRE
Desert,SPECIES_RAMPARDOS,Rampardos,NATIONAL_DEX_RAMPARDOS,ROCK
Desert,SPECIES_RAPIDASH,Rapidash,NATIONAL_DEX_RAPIDASH,FIRE
Desert,SPECIES_RELICANTH,Relicanth,NATIONAL_DEX_RELICANTH,WATER/ROCK
Desert,SPECIES_RHYDON,Rhydon,NATIONAL_DEX_RHYDON,GROUND/ROCK
Desert,SPECIES_RHYHORN,Rhyhorn,NATIONAL_DEX_RHYHORN,GROUND/ROCK
Desert,SPECIES_RHYPERIOR,Rhyperior,NATIONAL_DEX_RHYPERIOR,GROUND/ROCK
Desert,SPECIES_ROCKRUFF,Rockruff,NATIONAL_DEX_ROCKRUFF,ROCK
Desert,SPECIES_ROGGENROLA,Roggenrola,NATIONAL_DEX_ROGGENROLA,ROCK
Desert,SPECIES_ROLYCOLY,Rolycoly,NATIONAL_DEX_ROLYCOLY,ROCK
Desert,SPECIES_ROTOM_HEAT,Rotom,NATIONAL_DEX_ROTOM,ELECTRIC/FIRE
Desert,SPECIES_RUNERIGUS,Runerigus,NATIONAL_DEX_RUNERIGUS,GROUND/GHOST
Desert,SPECIES_SALANDIT,Salandit,NATIONAL_DEX_SALANDIT,POISON/FIRE
Desert,SPECIES_SALAZZLE,Salazzle,NATIONAL_DEX_SALAZZLE,POISON/FIRE
Desert,SPECIES_SANDACONDA,Sandaconda,NATIONAL_DEX_SANDACONDA,GROUND
Desert,SPECIES_SANDILE,Sandile,NATIONAL_DEX_SANDILE,GROUND/DARK
Desert,SPECIES_SANDSHREW,Sandshrew,NATIONAL_DEX_SANDSHREW,GROUND
Desert,SPECIES_SANDSLASH,Sandslash,NATIONAL_DEX_SANDSLASH,GROUND
Desert,SPECIES_SANDYGAST,Sandygast,NATIONAL_DEX_SANDYGAST,GHOST/GROUND
Desert,SPECIES_SCORBUNNY,Scorbunny,NATIONAL_DEX_SCORBUNNY,FIRE
Desert,SPECIES_SCOVILLAIN,Scovillain,NATIONAL_DEX_SCOVILLAIN,GRASS/FIRE
Desert,SPECIES_SEISMITOAD,Seismitoad,NATIONAL_DEX_SEISMITOAD,WATER/GROUND
Desert,SPECIES_SHIELDON,Shieldon,NATIONAL_DEX_SHIELDON,ROCK/STEEL
Desert,SPECIES_SHUCKLE,Shuckle,NATIONAL_DEX_SHUCKLE,BUG/ROCK
Desert,SPECIES_SILICOBRA,Silicobra,NATIONAL_DEX_SILICOBRA,GROUND
Desert,SPECIES_SIMISEAR,Simisear,NATIONAL_DEX_SIMISEAR,FIRE
Desert,SPECIES_SIZZLIPEDE,Sizzlipede,NATIONAL_DEX_SIZZLIPEDE,FIRE/BUG
Desert,SPECIES_SKELEDIRGE,Skeledirge,NATIONAL_DEX_SKELEDIRGE,FIRE/GHOST
Desert,SPECIES_SLUGMA,Slugma,NATIONAL_DEX_SLUGMA,FIRE
Desert,SPECIES_SOLROCK,Solrock,NATIONAL_DEX_SOLROCK,ROCK/PSYCHIC
Desert,SPECIES_STEELIX,Steelix,NATIONAL_DEX_STEELIX,STEEL/GROUND
Desert,SPECIES_STONJOURNER,Stonjourner,NATIONAL_DEX_STONJOURNER,ROCK
Desert,SPECIES_STUNFISK,Stunfisk,NATIONAL_DEX_STUNFISK,GROUND/ELECTRIC
Desert,SPECIES_SUDOWOODO,Sudowoodo,NATIONAL_DEX_SUDOWOODO,ROCK
Desert,SPECIES_SWAMPERT,Swampert,NATIONAL_DEX_SWAMPERT,WATER/GROUND
Desert,SPECIES_SWINUB,Swinub,NATIONAL_DEX_SWINUB,ICE/GROUND
Desert,SPECIES_TALONFLAME,Talonflame,NATIONAL_DEX_TALONFLAME,FIRE/FLYING
Desert,SPECIES_TEPIG,Tepig,NATIONAL_DEX_TEPIG,FIRE
Desert,SPECIES_TIRTOUGA,Tirtouga,NATIONAL_DEX_TIRTOUGA,WATER/ROCK
Desert,SPECIES_TOEDSCOOL,Toedscool,NATIONAL_DEX_TOEDSCOOL,GROUND/GRASS
Desert,SPECIES_TOEDSCRUEL,Toedscruel,NATIONAL_DEX_TOEDSCRUEL,GROUND/GRASS
Desert,SPECIES_TORCHIC,Torchic,NATIONAL_DEX_TORCHIC,FIRE
Desert,SPECIES_TORKOAL,Torkoal,NATIONAL_DEX_TORKOAL,FIRE
Desert,SPECIES_TORRACAT,Torracat,NATIONAL_DEX_TORRACAT,FIRE
Desert,SPECIES_TORTERRA,Torterra,NATIONAL_DEX_TORTERRA,GRASS/GROUND
Desert,SPECIES_TRAPINCH,Trapinch,NATIONAL_DEX_TRAPINCH,GROUND
Desert,SPECIES_TURTONATOR,Turtonator,NATIONAL_DEX_TURTONATOR,FIRE/DRAGON
Desert,SPECIES_TYPHLOSION,Typhlosion,NATIONAL_DEX_TYPHLOSION,FIRE
Desert,SPECIES_TYRANITAR,Tyranitar,NATIONAL_DEX_TYRANITAR,ROCK/DARK
Desert,SPECIES_TYRANTRUM,Tyrantrum,NATIONAL_DEX_TYRANTRUM,ROCK/DRAGON
Desert,SPECIES_TYRUNT,Tyrunt,NATIONAL_DEX_TYRUNT,ROCK/DRAGON
Desert,SPECIES_URSALUNA,Ursaluna,NATIONAL_DEX_URSALUNA,GROUND/NORMAL
Desert,SPECIES_VIBRAVA,Vibrava,NATIONAL_DEX_VIBRAVA,GROUND/DRAGON
Desert,SPECIES_VOLCARONA,Volcarona,NATIONAL_DEX_VOLCARONA,BUG/FIRE
Desert,SPECIES_VULPIX,Vulpix,NATIONAL_DEX_VULPIX,FIRE
Desert,SPECIES_WHISCASH,Whiscash,NATIONAL_DEX_WHISCASH,WATER/GROUND
Desert,SPECIES_WOOPER,Wooper,NATIONAL_DEX_WOOPER,WATER/GROUND
Desert,SPECIES_ZYGARDE_50,Zygarde,NATIONAL_DEX_ZYGARDE,DRAGON/GROUND
Volcanic,SPECIES_ARCANINE,Arcanine,NATIONAL_DEX_ARCANINE,FIRE
Volcanic,SPECIES_ARMAROUGE,Armarouge,NATIONAL_DEX_ARMAROUGE,FIRE/PSYCHIC
Volcanic,SPECIES_BLAZIKEN,Blaziken,NATIONAL_DEX_BLAZIKEN,FIRE/FIGHTING
Volcanic,SPECIES_BRAIXEN,Braixen,NATIONAL_DEX_BRAIXEN,FIRE
Volcanic,SPECIES_CAMERUPT,Camerupt,NATIONAL_DEX_CAMERUPT,FIRE/GROUND
Volcanic,SPECIES_CARKOL,Carkol,NATIONAL_DEX_CARKOL,ROCK/FIRE
Volcanic,SPECIES_CENTISKORCH,Centiskorch,NATIONAL_DEX_CENTISKORCH,FIRE/BUG
Volcanic,SPECIES_CERULEDGE,Ceruledge,NATIONAL_DEX_CERULEDGE,FIRE/GHOST
Volcanic,SPECIES_CHANDELURE,Chandelure,NATIONAL_DEX_CHANDELURE,GHOST/FIRE
Volcanic,SPECIES_CHARCADET,Charcadet,NATIONAL_DEX_CHARCADET,FIRE
Volcanic,SPECIES_CHARIZARD,Charizard,NATIONAL_DEX_CHARIZARD,FIRE/FLYING
Volcanic,SPECIES_CHARMANDER,Charmander,NATIONAL_DEX_CHARMANDER,FIRE
Volcanic,SPECIES_CHARMELEON,Charmeleon,NATIONAL_DEX_CHARMELEON,FIRE
Volcanic,SPECIES_CHIMCHAR,Chimchar,NATIONAL_DEX_CHIMCHAR,FIRE
Volcanic,SPECIES_CINDERACE,Cinderace,NATIONAL_DEX_CINDERACE,FIRE
Volcanic,SPECIES_COALOSSAL,Coalossal,NATIONAL_DEX_COALOSSAL,ROCK/FIRE
Volcanic,SPECIES_COMBUSKEN,Combusken,NATIONAL_DEX_COMBUSKEN,FIRE/FIGHTING
Volcanic,SPECIES_CROCALOR,Crocalor,NATIONAL_DEX_CROCALOR,FIRE
Volcanic,SPECIES_CYNDAQUIL,Cyndaquil,NATIONAL_DEX_CYNDAQUIL,FIRE
Volcanic,SPECIES_DARMANITAN_STANDARD,Darmanitan,NATIONAL_DEX_DARMANITAN,FIRE
Volcanic,SPECIES_DARUMAKA,Darumaka,NATIONAL_DEX_DARUMAKA,FIRE
Volcanic,SPECIES_DELPHOX,Delphox,NATIONAL_DEX_DELPHOX,FIRE/PSYCHIC
Volcanic,SPECIES_EMBOAR,Emboar,NATIONAL_DEX_EMBOAR,FIRE/FIGHTING
Volcanic,SPECIES_FENNEKIN,Fennekin,NATIONAL_DEX_FENNEKIN,FIRE
Volcanic,SPECIES_FLAREON,Flareon,NATIONAL_DEX_FLAREON,FIRE
Volcanic,SPECIES_FLETCHINDER,Fletchinder,NATIONAL_DEX_FLETCHINDER,FIRE/FLYING
Volcanic,SPECIES_FUECOCO,Fuecoco,NATIONAL_DEX_FUECOCO,FIRE
Volcanic,SPECIES_GROWLITHE,Growlithe,NATIONAL_DEX_GROWLITHE,FIRE
Volcanic,SPECIES_HEATMOR,Heatmor,NATIONAL_DEX_HEATMOR,FIRE
Volcanic,SPECIES_HOUNDOOM,Houndoom,NATIONAL_DEX_HOUNDOOM,DARK/FIRE
Volcanic,SPECIES_HOUNDOUR,Houndour,NATIONAL_DEX_HOUNDOUR,DARK/FIRE
Volcanic,SPECIES_INCINEROAR,Incineroar,NATIONAL_DEX_INCINEROAR,FIRE/DARK
Volcanic,SPECIES_INFERNAPE,Infernape,NATIONAL_DEX_INFERNAPE,FIRE/FIGHTING
Volcanic,SPECIES_LAMPENT,Lampent,NATIONAL_DEX_LAMPENT,GHOST/FIRE
Volcanic,SPECIES_LARVESTA,Larvesta,NATIONAL_DEX_LARVESTA,BUG/FIRE
Volcanic,SPECIES_LITLEO,Litleo,NATIONAL_DEX_LITLEO,FIRE/NORMAL
Volcanic,SPECIES_LITTEN,Litten,NATIONAL_DEX_LITTEN,FIRE
Volcanic,SPECIES_LITWICK,Litwick,NATIONAL_DEX_LITWICK,GHOST/FIRE
Volcanic,SPECIES_MAGBY,Magby,NATIONAL_DEX_MAGBY,FIRE
Volcanic,SPECIES_MAGCARGO,Magcargo,NATIONAL_DEX_MAGCARGO,FIRE/ROCK
Volcanic,SPECIES_MAGMAR,Magmar,NATIONAL_DEX_MAGMAR,FIRE
Volcanic,SPECIES_MAGMORTAR,Magmortar,NATIONAL_DEX_MAGMORTAR,FIRE
Volcanic,SPECIES_MONFERNO,Monferno,NATIONAL_DEX_MONFERNO,FIRE/FIGHTING
Volcanic,SPECIES_NINETALES,Ninetales,NATIONAL_DEX_NINETALES,FIRE
Volcanic,SPECIES_NUMEL,Numel,NATIONAL_DEX_NUMEL,FIRE/GROUND
Volcanic,SPECIES_ORICORIO_BAILE,Oricorio,NATIONAL_DEX_ORICORIO,FIRE/FLYING
Volcanic,SPECIES_PANSEAR,Pansear,NATIONAL_DEX_PANSEAR,FIRE
Volcanic,SPECIES_PIGNITE,Pignite,NATIONAL_DEX_PIGNITE,FIRE/FIGHTING
Volcanic,SPECIES_PONYTA,Ponyta,NATIONAL_DEX_PONYTA,FIRE
Volcanic,SPECIES_PYROAR,Pyroar,NATIONAL_DEX_PYROAR,FIRE/NORMAL
Volcanic,SPECIES_QUILAVA,Quilava,NATIONAL_DEX_QUILAVA,FIRE
Volcanic,SPECIES_RABOOT,Raboot,NATIONAL_DEX_RABOOT,FIRE
Volcanic,SPECIES_RAPIDASH,Rapidash,NATIONAL_DEX_RAPIDASH,FIRE
Volcanic,SPECIES_ROTOM_HEAT,Rotom,NATIONAL_DEX_ROTOM,ELECTRIC/FIRE
Volcanic,SPECIES_SALANDIT,Salandit,NATIONAL_DEX_SALANDIT,POISON/FIRE
Volcanic,SPECIES_SALAZZLE,Salazzle,NATIONAL_DEX_SALAZZLE,POISON/FIRE
Volcanic,SPECIES_SCORBUNNY,Scorbunny,NATIONAL_DEX_SCORBUNNY,FIRE
Volcanic,SPECIES_SCOVILLAIN,Scovillain,NATIONAL_DEX_SCOVILLAIN,GRASS/FIRE
Volcanic,SPECIES_SIMISEAR,Simisear,NATIONAL_DEX_SIMISEAR,FIRE
Volcanic,SPECIES_SIZZLIPEDE,Sizzlipede,NATIONAL_DEX_SIZZLIPEDE,FIRE/BUG
Volcanic,SPECIES_SKELEDIRGE,Skeledirge,NATIONAL_DEX_SKELEDIRGE,FIRE/GHOST
Volcanic,SPECIES_SLUGMA,Slugma,NATIONAL_DEX_SLUGMA,FIRE
Volcanic,SPECIES_TALONFLAME,Talonflame,NATIONAL_DEX_TALONFLAME,FIRE/FLYING
Volcanic,SPECIES_TEPIG,Tepig,NATIONAL_DEX_TEPIG,FIRE
Volcanic,SPECIES_TORCHIC,Torchic,NATIONAL_DEX_TORCHIC,FIRE
Volcanic,SPECIES_TORKOAL,Torkoal,NATIONAL_DEX_TORKOAL,FIRE
Volcanic,SPECIES_TORRACAT,Torracat,NATIONAL_DEX_TORRACAT,FIRE
Volcanic,SPECIES_TURTONATOR,Turtonator,NATIONAL_DEX_TURTONATOR,FIRE/DRAGON
Volcanic,SPECIES_TYPHLOSION,Typhlosion,NATIONAL_DEX_TYPHLOSION,FIRE
Volcanic,SPECIES_VOLCARONA,Volcarona,NATIONAL_DEX_VOLCARONA,BUG/FIRE
Volcanic,SPECIES_VULPIX,Vulpix,NATIONAL_DEX_VULPIX,FIRE
Snow and Ice,SPECIES_ABOMASNOW,Abomasnow,NATIONAL_DEX_ABOMASNOW,GRASS/ICE
Snow and Ice,SPECIES_AMAURA,Amaura,NATIONAL_DEX_AMAURA,ROCK/ICE
Snow and Ice,SPECIES_ARCTIBAX,Arctibax,NATIONAL_DEX_ARCTIBAX,DRAGON/ICE
Snow and Ice,SPECIES_ARCTOVISH,Arctovish,NATIONAL_DEX_ARCTOVISH,WATER/ICE
Snow and Ice,SPECIES_ARCTOZOLT,Arctozolt,NATIONAL_DEX_ARCTOZOLT,ELECTRIC/ICE
Snow and Ice,SPECIES_AURORUS,Aurorus,NATIONAL_DEX_AURORUS,ROCK/ICE
Snow and Ice,SPECIES_AVALUGG,Avalugg,NATIONAL_DEX_AVALUGG,ICE
Snow and Ice,SPECIES_BAXCALIBUR,Baxcalibur,NATIONAL_DEX_BAXCALIBUR,DRAGON/ICE
Snow and Ice,SPECIES_BEARTIC,Beartic,NATIONAL_DEX_BEARTIC,ICE
Snow and Ice,SPECIES_BERGMITE,Bergmite,NATIONAL_DEX_BERGMITE,ICE
Snow and Ice,SPECIES_CETITAN,Cetitan,NATIONAL_DEX_CETITAN,ICE
Snow and Ice,SPECIES_CETODDLE,Cetoddle,NATIONAL_DEX_CETODDLE,ICE
Snow and Ice,SPECIES_CLOYSTER,Cloyster,NATIONAL_DEX_CLOYSTER,WATER/ICE
Snow and Ice,SPECIES_CRABOMINABLE,Crabominable,NATIONAL_DEX_CRABOMINABLE,FIGHTING/ICE
Snow and Ice,SPECIES_CRYOGONAL,Cryogonal,NATIONAL_DEX_CRYOGONAL,ICE
Snow and Ice,SPECIES_CUBCHOO,Cubchoo,NATIONAL_DEX_CUBCHOO,ICE
Snow and Ice,SPECIES_DELIBIRD,Delibird,NATIONAL_DEX_DELIBIRD,ICE/FLYING
Snow and Ice,SPECIES_DEWGONG,Dewgong,NATIONAL_DEX_DEWGONG,WATER/ICE
Snow and Ice,SPECIES_EISCUE_ICE,Eiscue,NATIONAL_DEX_EISCUE,ICE
Snow and Ice,SPECIES_FRIGIBAX,Frigibax,NATIONAL_DEX_FRIGIBAX,DRAGON/ICE
Snow and Ice,SPECIES_FROSLASS,Froslass,NATIONAL_DEX_FROSLASS,ICE/GHOST
Snow and Ice,SPECIES_FROSMOTH,Frosmoth,NATIONAL_DEX_FROSMOTH,ICE/BUG
Snow and Ice,SPECIES_GLACEON,Glaceon,NATIONAL_DEX_GLACEON,ICE
Snow and Ice,SPECIES_GLALIE,Glalie,NATIONAL_DEX_GLALIE,ICE
Snow and Ice,SPECIES_JYNX,Jynx,NATIONAL_DEX_JYNX,ICE/PSYCHIC
Snow and Ice,SPECIES_LAPRAS,Lapras,NATIONAL_DEX_LAPRAS,WATER/ICE
Snow and Ice,SPECIES_MAMOSWINE,Mamoswine,NATIONAL_DEX_MAMOSWINE,ICE/GROUND
Snow and Ice,SPECIES_MR_RIME,Mr. Rime,NATIONAL_DEX_MR_RIME,ICE/PSYCHIC
Snow and Ice,SPECIES_PILOSWINE,Piloswine,NATIONAL_DEX_PILOSWINE,ICE/GROUND
Snow and Ice,SPECIES_SEALEO,Sealeo,NATIONAL_DEX_SEALEO,ICE/WATER
Snow and Ice,SPECIES_SMOOCHUM,Smoochum,NATIONAL_DEX_SMOOCHUM,ICE/PSYCHIC
Snow and Ice,SPECIES_SNEASEL,Sneasel,NATIONAL_DEX_SNEASEL,DARK/ICE
Snow and Ice,SPECIES_SNOM,Snom,NATIONAL_DEX_SNOM,ICE/BUG
Snow and Ice,SPECIES_SNORUNT,Snorunt,NATIONAL_DEX_SNORUNT,ICE
Snow and Ice,SPECIES_SNOVER,Snover,NATIONAL_DEX_SNOVER,GRASS/ICE
Snow and Ice,SPECIES_SPHEAL,Spheal,NATIONAL_DEX_SPHEAL,ICE/WATER
Snow and Ice,SPECIES_SWINUB,Swinub,NATIONAL_DEX_SWINUB,ICE/GROUND
Snow and Ice,SPECIES_VANILLISH,Vanillish,NATIONAL_DEX_VANILLISH,ICE
Snow and Ice,SPECIES_VANILLITE,Vanillite,NATIONAL_DEX_VANILLITE,ICE
Snow and Ice,SPECIES_VANILLUXE,Vanilluxe,NATIONAL_DEX_VANILLUXE,ICE
Snow and Ice,SPECIES_WALREIN,Walrein,NATIONAL_DEX_WALREIN,ICE/WATER
Snow and Ice,SPECIES_WEAVILE,Weavile,NATIONAL_DEX_WEAVILE,DARK/ICE
Marsh and Swamp,SPECIES_ABOMASNOW,Abomasnow,NATIONAL_DEX_ABOMASNOW,GRASS/ICE
Marsh and Swamp,SPECIES_ABSOL,Absol,NATIONAL_DEX_ABSOL,DARK
Marsh and Swamp,SPECIES_ACCELGOR,Accelgor,NATIONAL_DEX_ACCELGOR,BUG
Marsh and Swamp,SPECIES_AEGISLASH_SHIELD,Aegislash,NATIONAL_DEX_AEGISLASH,STEEL/GHOST
Marsh and Swamp,SPECIES_ALOMOMOLA,Alomomola,NATIONAL_DEX_ALOMOMOLA,WATER
Marsh and Swamp,SPECIES_AMOONGUSS,Amoonguss,NATIONAL_DEX_AMOONGUSS,GRASS/POISON
Marsh and Swamp,SPECIES_ANNIHILAPE,Annihilape,NATIONAL_DEX_ANNIHILAPE,FIGHTING/GHOST
Marsh and Swamp,SPECIES_ANORITH,Anorith,NATIONAL_DEX_ANORITH,ROCK/BUG
Marsh and Swamp,SPECIES_APPLETUN,Appletun,NATIONAL_DEX_APPLETUN,GRASS/DRAGON
Marsh and Swamp,SPECIES_APPLIN,Applin,NATIONAL_DEX_APPLIN,GRASS/DRAGON
Marsh and Swamp,SPECIES_ARAQUANID,Araquanid,NATIONAL_DEX_ARAQUANID,WATER/BUG
Marsh and Swamp,SPECIES_ARBOK,Arbok,NATIONAL_DEX_ARBOK,POISON
Marsh and Swamp,SPECIES_ARBOLIVA,Arboliva,NATIONAL_DEX_ARBOLIVA,GRASS/NORMAL
Marsh and Swamp,SPECIES_ARCTOVISH,Arctovish,NATIONAL_DEX_ARCTOVISH,WATER/ICE
Marsh and Swamp,SPECIES_ARIADOS,Ariados,NATIONAL_DEX_ARIADOS,BUG/POISON
Marsh and Swamp,SPECIES_ARMALDO,Armaldo,NATIONAL_DEX_ARMALDO,ROCK/BUG
Marsh and Swamp,SPECIES_ARROKUDA,Arrokuda,NATIONAL_DEX_ARROKUDA,WATER
Marsh and Swamp,SPECIES_AZUMARILL,Azumarill,NATIONAL_DEX_AZUMARILL,WATER/FAIRY
Marsh and Swamp,SPECIES_BANETTE,Banette,NATIONAL_DEX_BANETTE,GHOST
Marsh and Swamp,SPECIES_BARBARACLE,Barbaracle,NATIONAL_DEX_BARBARACLE,ROCK/WATER
Marsh and Swamp,SPECIES_BARBOACH,Barboach,NATIONAL_DEX_BARBOACH,WATER/GROUND
Marsh and Swamp,SPECIES_BARRASKEWDA,Barraskewda,NATIONAL_DEX_BARRASKEWDA,WATER
Marsh and Swamp,SPECIES_BASCULEGION_M,Basculegion,NATIONAL_DEX_BASCULEGION,WATER/GHOST
Marsh and Swamp,SPECIES_BASCULIN_RED_STRIPED,Basculin,NATIONAL_DEX_BASCULIN,WATER
Marsh and Swamp,SPECIES_BAYLEEF,Bayleef,NATIONAL_DEX_BAYLEEF,GRASS
Marsh and Swamp,SPECIES_BEAUTIFLY,Beautifly,NATIONAL_DEX_BEAUTIFLY,BUG/FLYING
Marsh and Swamp,SPECIES_BEEDRILL,Beedrill,NATIONAL_DEX_BEEDRILL,BUG/POISON
Marsh and Swamp,SPECIES_BELLOSSOM,Bellossom,NATIONAL_DEX_BELLOSSOM,GRASS
Marsh and Swamp,SPECIES_BELLSPROUT,Bellsprout,NATIONAL_DEX_BELLSPROUT,GRASS/POISON
Marsh and Swamp,SPECIES_BIBAREL,Bibarel,NATIONAL_DEX_BIBAREL,NORMAL/WATER
Marsh and Swamp,SPECIES_BINACLE,Binacle,NATIONAL_DEX_BINACLE,ROCK/WATER
Marsh and Swamp,SPECIES_BISHARP,Bisharp,NATIONAL_DEX_BISHARP,DARK/STEEL
Marsh and Swamp,SPECIES_BLASTOISE,Blastoise,NATIONAL_DEX_BLASTOISE,WATER
Marsh and Swamp,SPECIES_BLIPBUG,Blipbug,NATIONAL_DEX_BLIPBUG,BUG
Marsh and Swamp,SPECIES_BOMBIRDIER,Bombirdier,NATIONAL_DEX_BOMBIRDIER,FLYING/DARK
Marsh and Swamp,SPECIES_BOUNSWEET,Bounsweet,NATIONAL_DEX_BOUNSWEET,GRASS
Marsh and Swamp,SPECIES_BRAMBLEGHAST,Brambleghast,NATIONAL_DEX_BRAMBLEGHAST,GRASS/GHOST
Marsh and Swamp,SPECIES_BRAMBLIN,Bramblin,NATIONAL_DEX_BRAMBLIN,GRASS/GHOST
Marsh and Swamp,SPECIES_BRELOOM,Breloom,NATIONAL_DEX_BRELOOM,GRASS/FIGHTING
Marsh and Swamp,SPECIES_BRIONNE,Brionne,NATIONAL_DEX_BRIONNE,WATER
Marsh and Swamp,SPECIES_BRUXISH,Bruxish,NATIONAL_DEX_BRUXISH,WATER/PSYCHIC
Marsh and Swamp,SPECIES_BUDEW,Budew,NATIONAL_DEX_BUDEW,GRASS/POISON
Marsh and Swamp,SPECIES_BUIZEL,Buizel,NATIONAL_DEX_BUIZEL,WATER
Marsh and Swamp,SPECIES_BULBASAUR,Bulbasaur,NATIONAL_DEX_BULBASAUR,GRASS/POISON
Marsh and Swamp,SPECIES_BURMY_PLANT,Burmy,NATIONAL_DEX_BURMY,BUG
Marsh and Swamp,SPECIES_BUTTERFREE,Butterfree,NATIONAL_DEX_BUTTERFREE,BUG/FLYING
Marsh and Swamp,SPECIES_CACNEA,Cacnea,NATIONAL_DEX_CACNEA,GRASS
Marsh and Swamp,SPECIES_CACTURNE,Cacturne,NATIONAL_DEX_CACTURNE,GRASS/DARK
Marsh and Swamp,SPECIES_CAPSAKID,Capsakid,NATIONAL_DEX_CAPSAKID,GRASS
Marsh and Swamp,SPECIES_CARNIVINE,Carnivine,NATIONAL_DEX_CARNIVINE,GRASS
Marsh and Swamp,SPECIES_CARRACOSTA,Carracosta,NATIONAL_DEX_CARRACOSTA,WATER/ROCK
Marsh and Swamp,SPECIES_CARVANHA,Carvanha,NATIONAL_DEX_CARVANHA,WATER/DARK
Marsh and Swamp,SPECIES_CASCOON,Cascoon,NATIONAL_DEX_CASCOON,BUG
Marsh and Swamp,SPECIES_CATERPIE,Caterpie,NATIONAL_DEX_CATERPIE,BUG
Marsh and Swamp,SPECIES_CENTISKORCH,Centiskorch,NATIONAL_DEX_CENTISKORCH,FIRE/BUG
Marsh and Swamp,SPECIES_CERULEDGE,Ceruledge,NATIONAL_DEX_CERULEDGE,FIRE/GHOST
Marsh and Swamp,SPECIES_CHANDELURE,Chandelure,NATIONAL_DEX_CHANDELURE,GHOST/FIRE
Marsh and Swamp,SPECIES_CHARJABUG,Charjabug,NATIONAL_DEX_CHARJABUG,BUG/ELECTRIC
Marsh and Swamp,SPECIES_CHERRIM_OVERCAST,Cherrim,NATIONAL_DEX_CHERRIM,GRASS
Marsh and Swamp,SPECIES_CHERUBI,Cherubi,NATIONAL_DEX_CHERUBI,GRASS
Marsh and Swamp,SPECIES_CHESNAUGHT,Chesnaught,NATIONAL_DEX_CHESNAUGHT,GRASS/FIGHTING
Marsh and Swamp,SPECIES_CHESPIN,Chespin,NATIONAL_DEX_CHESPIN,GRASS
Marsh and Swamp,SPECIES_CHEWTLE,Chewtle,NATIONAL_DEX_CHEWTLE,WATER
Marsh and Swamp,SPECIES_CHIKORITA,Chikorita,NATIONAL_DEX_CHIKORITA,GRASS
Marsh and Swamp,SPECIES_CHINCHOU,Chinchou,NATIONAL_DEX_CHINCHOU,WATER/ELECTRIC
Marsh and Swamp,SPECIES_CLAMPERL,Clamperl,NATIONAL_DEX_CLAMPERL,WATER
Marsh and Swamp,SPECIES_CLAUNCHER,Clauncher,NATIONAL_DEX_CLAUNCHER,WATER
Marsh and Swamp,SPECIES_CLAWITZER,Clawitzer,NATIONAL_DEX_CLAWITZER,WATER
Marsh and Swamp,SPECIES_CLODSIRE,Clodsire,NATIONAL_DEX_CLODSIRE,POISON/GROUND
Marsh and Swamp,SPECIES_CLOYSTER,Cloyster,NATIONAL_DEX_CLOYSTER,WATER/ICE
Marsh and Swamp,SPECIES_COFAGRIGUS,Cofagrigus,NATIONAL_DEX_COFAGRIGUS,GHOST
Marsh and Swamp,SPECIES_COMBEE,Combee,NATIONAL_DEX_COMBEE,BUG/FLYING
Marsh and Swamp,SPECIES_CORPHISH,Corphish,NATIONAL_DEX_CORPHISH,WATER
Marsh and Swamp,SPECIES_CORSOLA,Corsola,NATIONAL_DEX_CORSOLA,WATER/ROCK
Marsh and Swamp,SPECIES_COTTONEE,Cottonee,NATIONAL_DEX_COTTONEE,GRASS
Marsh and Swamp,SPECIES_CRADILY,Cradily,NATIONAL_DEX_CRADILY,ROCK/GRASS
Marsh and Swamp,SPECIES_CRAMORANT,Cramorant,NATIONAL_DEX_CRAMORANT,FLYING/WATER
Marsh and Swamp,SPECIES_CRAWDAUNT,Crawdaunt,NATIONAL_DEX_CRAWDAUNT,WATER/DARK
Marsh and Swamp,SPECIES_CROAGUNK,Croagunk,NATIONAL_DEX_CROAGUNK,POISON/FIGHTING
Marsh and Swamp,SPECIES_CROBAT,Crobat,NATIONAL_DEX_CROBAT,POISON/FLYING
Marsh and Swamp,SPECIES_CROCONAW,Croconaw,NATIONAL_DEX_CROCONAW,WATER
Marsh and Swamp,SPECIES_CRUSTLE,Crustle,NATIONAL_DEX_CRUSTLE,BUG/ROCK
Marsh and Swamp,SPECIES_CURSOLA,Cursola,NATIONAL_DEX_CURSOLA,GHOST
Marsh and Swamp,SPECIES_CUTIEFLY,Cutiefly,NATIONAL_DEX_CUTIEFLY,BUG/FAIRY
Marsh and Swamp,SPECIES_DARTRIX,Dartrix,NATIONAL_DEX_DARTRIX,GRASS/FLYING
Marsh and Swamp,SPECIES_DECIDUEYE,Decidueye,NATIONAL_DEX_DECIDUEYE,GRASS/GHOST
Marsh and Swamp,SPECIES_DEERLING_SPRING,Deerling,NATIONAL_DEX_DEERLING,NORMAL/GRASS
Marsh and Swamp,SPECIES_DEINO,Deino,NATIONAL_DEX_DEINO,DARK/DRAGON
Marsh and Swamp,SPECIES_DEWGONG,Dewgong,NATIONAL_DEX_DEWGONG,WATER/ICE
Marsh and Swamp,SPECIES_DEWOTT,Dewott,NATIONAL_DEX_DEWOTT,WATER
Marsh and Swamp,SPECIES_DEWPIDER,Dewpider,NATIONAL_DEX_DEWPIDER,WATER/BUG
Marsh and Swamp,SPECIES_DHELMISE,Dhelmise,NATIONAL_DEX_DHELMISE,GHOST/GRASS
Marsh and Swamp,SPECIES_DIPPLIN,Dipplin,NATIONAL_DEX_DIPPLIN,GRASS/DRAGON
Marsh and Swamp,SPECIES_DOLLIV,Dolliv,NATIONAL_DEX_DOLLIV,GRASS/NORMAL
Marsh and Swamp,SPECIES_DONDOZO,Dondozo,NATIONAL_DEX_DONDOZO,WATER
Marsh and Swamp,SPECIES_DOTTLER,Dottler,NATIONAL_DEX_DOTTLER,BUG/PSYCHIC
Marsh and Swamp,SPECIES_DOUBLADE,Doublade,NATIONAL_DEX_DOUBLADE,STEEL/GHOST
Marsh and Swamp,SPECIES_DRACOVISH,Dracovish,NATIONAL_DEX_DRACOVISH,WATER/DRAGON
Marsh and Swamp,SPECIES_DRAGALGE,Dragalge,NATIONAL_DEX_DRAGALGE,POISON/DRAGON
Marsh and Swamp,SPECIES_DRAGAPULT,Dragapult,NATIONAL_DEX_DRAGAPULT,DRAGON/GHOST
Marsh and Swamp,SPECIES_DRAKLOAK,Drakloak,NATIONAL_DEX_DRAKLOAK,DRAGON/GHOST
Marsh and Swamp,SPECIES_DRAPION,Drapion,NATIONAL_DEX_DRAPION,POISON/DARK
Marsh and Swamp,SPECIES_DREDNAW,Drednaw,NATIONAL_DEX_DREDNAW,WATER/ROCK
Marsh and Swamp,SPECIES_DREEPY,Dreepy,NATIONAL_DEX_DREEPY,DRAGON/GHOST
Marsh and Swamp,SPECIES_DRIFBLIM,Drifblim,NATIONAL_DEX_DRIFBLIM,GHOST/FLYING
Marsh and Swamp,SPECIES_DRIFLOON,Drifloon,NATIONAL_DEX_DRIFLOON,GHOST/FLYING
Marsh and Swamp,SPECIES_DRIZZILE,Drizzile,NATIONAL_DEX_DRIZZILE,WATER
Marsh and Swamp,SPECIES_DUCKLETT,Ducklett,NATIONAL_DEX_DUCKLETT,WATER/FLYING
Marsh and Swamp,SPECIES_DURANT,Durant,NATIONAL_DEX_DURANT,BUG/STEEL
Marsh and Swamp,SPECIES_DUSCLOPS,Dusclops,NATIONAL_DEX_DUSCLOPS,GHOST
Marsh and Swamp,SPECIES_DUSKNOIR,Dusknoir,NATIONAL_DEX_DUSKNOIR,GHOST
Marsh and Swamp,SPECIES_DUSKULL,Duskull,NATIONAL_DEX_DUSKULL,GHOST
Marsh and Swamp,SPECIES_DUSTOX,Dustox,NATIONAL_DEX_DUSTOX,BUG/POISON
Marsh and Swamp,SPECIES_DWEBBLE,Dwebble,NATIONAL_DEX_DWEBBLE,BUG/ROCK
Marsh and Swamp,SPECIES_EKANS,Ekans,NATIONAL_DEX_EKANS,POISON
Marsh and Swamp,SPECIES_ELDEGOSS,Eldegoss,NATIONAL_DEX_ELDEGOSS,GRASS
Marsh and Swamp,SPECIES_EMPOLEON,Empoleon,NATIONAL_DEX_EMPOLEON,WATER/STEEL
Marsh and Swamp,SPECIES_ESCAVALIER,Escavalier,NATIONAL_DEX_ESCAVALIER,BUG/STEEL
Marsh and Swamp,SPECIES_EXEGGCUTE,Exeggcute,NATIONAL_DEX_EXEGGCUTE,GRASS/PSYCHIC
Marsh and Swamp,SPECIES_EXEGGUTOR,Exeggutor,NATIONAL_DEX_EXEGGUTOR,GRASS/PSYCHIC
Marsh and Swamp,SPECIES_FEEBAS,Feebas,NATIONAL_DEX_FEEBAS,WATER
Marsh and Swamp,SPECIES_FERALIGATR,Feraligatr,NATIONAL_DEX_FERALIGATR,WATER
Marsh and Swamp,SPECIES_FERROSEED,Ferroseed,NATIONAL_DEX_FERROSEED,GRASS/STEEL
Marsh and Swamp,SPECIES_FERROTHORN,Ferrothorn,NATIONAL_DEX_FERROTHORN,GRASS/STEEL
Marsh and Swamp,SPECIES_FEZANDIPITI,Fezandipiti,NATIONAL_DEX_FEZANDIPITI,POISON/FAIRY
Marsh and Swamp,SPECIES_FINIZEN,Finizen,NATIONAL_DEX_FINIZEN,WATER
Marsh and Swamp,SPECIES_FINNEON,Finneon,NATIONAL_DEX_FINNEON,WATER
Marsh and Swamp,SPECIES_FLAPPLE,Flapple,NATIONAL_DEX_FLAPPLE,GRASS/DRAGON
Marsh and Swamp,SPECIES_FLOATZEL,Floatzel,NATIONAL_DEX_FLOATZEL,WATER
Marsh and Swamp,SPECIES_FLORAGATO,Floragato,NATIONAL_DEX_FLORAGATO,GRASS
Marsh and Swamp,SPECIES_FOMANTIS,Fomantis,NATIONAL_DEX_FOMANTIS,GRASS
Marsh and Swamp,SPECIES_FOONGUS,Foongus,NATIONAL_DEX_FOONGUS,GRASS/POISON
Marsh and Swamp,SPECIES_FORRETRESS,Forretress,NATIONAL_DEX_FORRETRESS,BUG/STEEL
Marsh and Swamp,SPECIES_FRILLISH,Frillish,NATIONAL_DEX_FRILLISH,WATER/GHOST
Marsh and Swamp,SPECIES_FROAKIE,Froakie,NATIONAL_DEX_FROAKIE,WATER
Marsh and Swamp,SPECIES_FROGADIER,Frogadier,NATIONAL_DEX_FROGADIER,WATER
Marsh and Swamp,SPECIES_FROSLASS,Froslass,NATIONAL_DEX_FROSLASS,ICE/GHOST
Marsh and Swamp,SPECIES_FROSMOTH,Frosmoth,NATIONAL_DEX_FROSMOTH,ICE/BUG
Marsh and Swamp,SPECIES_GALVANTULA,Galvantula,NATIONAL_DEX_GALVANTULA,BUG/ELECTRIC
Marsh and Swamp,SPECIES_GARBODOR,Garbodor,NATIONAL_DEX_GARBODOR,POISON
Marsh and Swamp,SPECIES_GASTLY,Gastly,NATIONAL_DEX_GASTLY,GHOST/POISON
Marsh and Swamp,SPECIES_GASTRODON_WEST,Gastrodon,NATIONAL_DEX_GASTRODON,WATER/GROUND
Marsh and Swamp,SPECIES_GENGAR,Gengar,NATIONAL_DEX_GENGAR,GHOST/POISON
Marsh and Swamp,SPECIES_GHOLDENGO,Gholdengo,NATIONAL_DEX_GHOLDENGO,STEEL/GHOST
Marsh and Swamp,SPECIES_GIMMIGHOUL_CHEST,Gimmighoul,NATIONAL_DEX_GIMMIGHOUL,GHOST
Marsh and Swamp,SPECIES_GIRATINA_ALTERED,Giratina,NATIONAL_DEX_GIRATINA,GHOST/DRAGON
Marsh and Swamp,SPECIES_GLIMMET,Glimmet,NATIONAL_DEX_GLIMMET,ROCK/POISON
Marsh and Swamp,SPECIES_GLIMMORA,Glimmora,NATIONAL_DEX_GLIMMORA,ROCK/POISON
Marsh and Swamp,SPECIES_GLOOM,Gloom,NATIONAL_DEX_GLOOM,GRASS/POISON
Marsh and Swamp,SPECIES_GOGOAT,Gogoat,NATIONAL_DEX_GOGOAT,GRASS
Marsh and Swamp,SPECIES_GOLBAT,Golbat,NATIONAL_DEX_GOLBAT,POISON/FLYING
Marsh and Swamp,SPECIES_GOLDEEN,Goldeen,NATIONAL_DEX_GOLDEEN,WATER
Marsh and Swamp,SPECIES_GOLDUCK,Golduck,NATIONAL_DEX_GOLDUCK,WATER
Marsh and Swamp,SPECIES_GOLETT,Golett,NATIONAL_DEX_GOLETT,GROUND/GHOST
Marsh and Swamp,SPECIES_GOLISOPOD,Golisopod,NATIONAL_DEX_GOLISOPOD,BUG/WATER
Marsh and Swamp,SPECIES_GOLURK,Golurk,NATIONAL_DEX_GOLURK,GROUND/GHOST
Marsh and Swamp,SPECIES_GOREBYSS,Gorebyss,NATIONAL_DEX_GOREBYSS,WATER
Marsh and Swamp,SPECIES_GOSSIFLEUR,Gossifleur,NATIONAL_DEX_GOSSIFLEUR,GRASS
Marsh and Swamp,SPECIES_GOURGEIST_AVERAGE,Gourgeist,NATIONAL_DEX_GOURGEIST,GHOST/GRASS
Marsh and Swamp,SPECIES_GRAFAIAI,Grafaiai,NATIONAL_DEX_GRAFAIAI,POISON/NORMAL
Marsh and Swamp,SPECIES_GREAVARD,Greavard,NATIONAL_DEX_GREAVARD,GHOST
Marsh and Swamp,SPECIES_GRENINJA,Greninja,NATIONAL_DEX_GRENINJA,WATER/DARK
Marsh and Swamp,SPECIES_GRIMER,Grimer,NATIONAL_DEX_GRIMER,POISON
Marsh and Swamp,SPECIES_GRIMMSNARL,Grimmsnarl,NATIONAL_DEX_GRIMMSNARL,DARK/FAIRY
Marsh and Swamp,SPECIES_GROOKEY,Grookey,NATIONAL_DEX_GROOKEY,GRASS
Marsh and Swamp,SPECIES_GROTLE,Grotle,NATIONAL_DEX_GROTLE,GRASS
Marsh and Swamp,SPECIES_GROVYLE,Grovyle,NATIONAL_DEX_GROVYLE,GRASS
Marsh and Swamp,SPECIES_GRUBBIN,Grubbin,NATIONAL_DEX_GRUBBIN,BUG
Marsh and Swamp,SPECIES_GULPIN,Gulpin,NATIONAL_DEX_GULPIN,POISON
Marsh and Swamp,SPECIES_GYARADOS,Gyarados,NATIONAL_DEX_GYARADOS,WATER/FLYING
Marsh and Swamp,SPECIES_HAUNTER,Haunter,NATIONAL_DEX_HAUNTER,GHOST/POISON
Marsh and Swamp,SPECIES_HERACROSS,Heracross,NATIONAL_DEX_HERACROSS,BUG/FIGHTING
Marsh and Swamp,SPECIES_HONCHKROW,Honchkrow,NATIONAL_DEX_HONCHKROW,DARK/FLYING
Marsh and Swamp,SPECIES_HONEDGE,Honedge,NATIONAL_DEX_HONEDGE,STEEL/GHOST
Marsh and Swamp,SPECIES_HOPPIP,Hoppip,NATIONAL_DEX_HOPPIP,GRASS/FLYING
Marsh and Swamp,SPECIES_HORSEA,Horsea,NATIONAL_DEX_HORSEA,WATER
Marsh and Swamp,SPECIES_HOUNDOOM,Houndoom,NATIONAL_DEX_HOUNDOOM,DARK/FIRE
Marsh and Swamp,SPECIES_HOUNDOUR,Houndour,NATIONAL_DEX_HOUNDOUR,DARK/FIRE
Marsh and Swamp,SPECIES_HOUNDSTONE,Houndstone,NATIONAL_DEX_HOUNDSTONE,GHOST
Marsh and Swamp,SPECIES_HUNTAIL,Huntail,NATIONAL_DEX_HUNTAIL,WATER
Marsh and Swamp,SPECIES_HYDRAPPLE,Hydrapple,NATIONAL_DEX_HYDRAPPLE,GRASS/DRAGON
Marsh and Swamp,SPECIES_HYDREIGON,Hydreigon,NATIONAL_DEX_HYDREIGON,DARK/DRAGON
Marsh and Swamp,SPECIES_ILLUMISE,Illumise,NATIONAL_DEX_ILLUMISE,BUG
Marsh and Swamp,SPECIES_IMPIDIMP,Impidimp,NATIONAL_DEX_IMPIDIMP,DARK/FAIRY
Marsh and Swamp,SPECIES_INCINEROAR,Incineroar,NATIONAL_DEX_INCINEROAR,FIRE/DARK
Marsh and Swamp,SPECIES_INKAY,Inkay,NATIONAL_DEX_INKAY,DARK/PSYCHIC
Marsh and Swamp,SPECIES_INTELEON,Inteleon,NATIONAL_DEX_INTELEON,WATER
Marsh and Swamp,SPECIES_IVYSAUR,Ivysaur,NATIONAL_DEX_IVYSAUR,GRASS/POISON
Marsh and Swamp,SPECIES_JELLICENT,Jellicent,NATIONAL_DEX_JELLICENT,WATER/GHOST
Marsh and Swamp,SPECIES_JOLTIK,Joltik,NATIONAL_DEX_JOLTIK,BUG/ELECTRIC
Marsh and Swamp,SPECIES_JUMPLUFF,Jumpluff,NATIONAL_DEX_JUMPLUFF,GRASS/FLYING
Marsh and Swamp,SPECIES_KABUTO,Kabuto,NATIONAL_DEX_KABUTO,ROCK/WATER
Marsh and Swamp,SPECIES_KABUTOPS,Kabutops,NATIONAL_DEX_KABUTOPS,ROCK/WATER
Marsh and Swamp,SPECIES_KAKUNA,Kakuna,NATIONAL_DEX_KAKUNA,BUG/POISON
Marsh and Swamp,SPECIES_KARRABLAST,Karrablast,NATIONAL_DEX_KARRABLAST,BUG
Marsh and Swamp,SPECIES_KINGAMBIT,Kingambit,NATIONAL_DEX_KINGAMBIT,DARK/STEEL
Marsh and Swamp,SPECIES_KINGDRA,Kingdra,NATIONAL_DEX_KINGDRA,WATER/DRAGON
Marsh and Swamp,SPECIES_KINGLER,Kingler,NATIONAL_DEX_KINGLER,WATER
Marsh and Swamp,SPECIES_KLEAVOR,Kleavor,NATIONAL_DEX_KLEAVOR,BUG/ROCK
Marsh and Swamp,SPECIES_KOFFING,Koffing,NATIONAL_DEX_KOFFING,POISON
Marsh and Swamp,SPECIES_KRABBY,Krabby,NATIONAL_DEX_KRABBY,WATER
Marsh and Swamp,SPECIES_KRICKETOT,Kricketot,NATIONAL_DEX_KRICKETOT,BUG
Marsh and Swamp,SPECIES_KRICKETUNE,Kricketune,NATIONAL_DEX_KRICKETUNE,BUG
Marsh and Swamp,SPECIES_KROKOROK,Krokorok,NATIONAL_DEX_KROKOROK,GROUND/DARK
Marsh and Swamp,SPECIES_KROOKODILE,Krookodile,NATIONAL_DEX_KROOKODILE,GROUND/DARK
Marsh and Swamp,SPECIES_LAMPENT,Lampent,NATIONAL_DEX_LAMPENT,GHOST/FIRE
Marsh and Swamp,SPECIES_LANTURN,Lanturn,NATIONAL_DEX_LANTURN,WATER/ELECTRIC
Marsh and Swamp,SPECIES_LAPRAS,Lapras,NATIONAL_DEX_LAPRAS,WATER/ICE
Marsh and Swamp,SPECIES_LARVESTA,Larvesta,NATIONAL_DEX_LARVESTA,BUG/FIRE
Marsh and Swamp,SPECIES_LEAFEON,Leafeon,NATIONAL_DEX_LEAFEON,GRASS
Marsh and Swamp,SPECIES_LEAVANNY,Leavanny,NATIONAL_DEX_LEAVANNY,BUG/GRASS
Marsh and Swamp,SPECIES_LEDIAN,Ledian,NATIONAL_DEX_LEDIAN,BUG/FLYING
Marsh and Swamp,SPECIES_LEDYBA,Ledyba,NATIONAL_DEX_LEDYBA,BUG/FLYING
Marsh and Swamp,SPECIES_LIEPARD,Liepard,NATIONAL_DEX_LIEPARD,DARK
Marsh and Swamp,SPECIES_LILEEP,Lileep,NATIONAL_DEX_LILEEP,ROCK/GRASS
Marsh and Swamp,SPECIES_LILLIGANT,Lilligant,NATIONAL_DEX_LILLIGANT,GRASS
Marsh and Swamp,SPECIES_LITWICK,Litwick,NATIONAL_DEX_LITWICK,GHOST/FIRE
Marsh and Swamp,SPECIES_LOKIX,Lokix,NATIONAL_DEX_LOKIX,BUG/DARK
Marsh and Swamp,SPECIES_LOMBRE,Lombre,NATIONAL_DEX_LOMBRE,WATER/GRASS
Marsh and Swamp,SPECIES_LOTAD,Lotad,NATIONAL_DEX_LOTAD,WATER/GRASS
Marsh and Swamp,SPECIES_LUDICOLO,Ludicolo,NATIONAL_DEX_LUDICOLO,WATER/GRASS
Marsh and Swamp,SPECIES_LUMINEON,Lumineon,NATIONAL_DEX_LUMINEON,WATER
Marsh and Swamp,SPECIES_LURANTIS,Lurantis,NATIONAL_DEX_LURANTIS,GRASS
Marsh and Swamp,SPECIES_LUVDISC,Luvdisc,NATIONAL_DEX_LUVDISC,WATER
Marsh and Swamp,SPECIES_MABOSSTIFF,Mabosstiff,NATIONAL_DEX_MABOSSTIFF,DARK
Marsh and Swamp,SPECIES_MAGIKARP,Magikarp,NATIONAL_DEX_MAGIKARP,WATER
Marsh and Swamp,SPECIES_MALAMAR,Malamar,NATIONAL_DEX_MALAMAR,DARK/PSYCHIC
Marsh and Swamp,SPECIES_MANDIBUZZ,Mandibuzz,NATIONAL_DEX_MANDIBUZZ,DARK/FLYING
Marsh and Swamp,SPECIES_MANTINE,Mantine,NATIONAL_DEX_MANTINE,WATER/FLYING
Marsh and Swamp,SPECIES_MANTYKE,Mantyke,NATIONAL_DEX_MANTYKE,WATER/FLYING
Marsh and Swamp,SPECIES_MARACTUS,Maractus,NATIONAL_DEX_MARACTUS,GRASS
Marsh and Swamp,SPECIES_MAREANIE,Mareanie,NATIONAL_DEX_MAREANIE,POISON/WATER
Marsh and Swamp,SPECIES_MARILL,Marill,NATIONAL_DEX_MARILL,WATER/FAIRY
Marsh and Swamp,SPECIES_MARSHTOMP,Marshtomp,NATIONAL_DEX_MARSHTOMP,WATER/GROUND
Marsh and Swamp,SPECIES_MASCHIFF,Maschiff,NATIONAL_DEX_MASCHIFF,DARK
Marsh and Swamp,SPECIES_MASQUERAIN,Masquerain,NATIONAL_DEX_MASQUERAIN,BUG/FLYING
Marsh and Swamp,SPECIES_MEGANIUM,Meganium,NATIONAL_DEX_MEGANIUM,GRASS
Marsh and Swamp,SPECIES_MEOWSCARADA,Meowscarada,NATIONAL_DEX_MEOWSCARADA,GRASS/DARK
Marsh and Swamp,SPECIES_METAPOD,Metapod,NATIONAL_DEX_METAPOD,BUG
Marsh and Swamp,SPECIES_MIGHTYENA,Mightyena,NATIONAL_DEX_MIGHTYENA,DARK
Marsh and Swamp,SPECIES_MILOTIC,Milotic,NATIONAL_DEX_MILOTIC,WATER
Marsh and Swamp,SPECIES_MIMIKYU_DISGUISED,Mimikyu,NATIONAL_DEX_MIMIKYU,GHOST/FAIRY
Marsh and Swamp,SPECIES_MISDREAVUS,Misdreavus,NATIONAL_DEX_MISDREAVUS,GHOST
Marsh and Swamp,SPECIES_MISMAGIUS,Mismagius,NATIONAL_DEX_MISMAGIUS,GHOST
Marsh and Swamp,SPECIES_MORELULL,Morelull,NATIONAL_DEX_MORELULL,GRASS/FAIRY
Marsh and Swamp,SPECIES_MORGREM,Morgrem,NATIONAL_DEX_MORGREM,DARK/FAIRY
Marsh and Swamp,SPECIES_MORPEKO_FULL_BELLY,Morpeko,NATIONAL_DEX_MORPEKO,ELECTRIC/DARK
Marsh and Swamp,SPECIES_MOTHIM,Mothim,NATIONAL_DEX_MOTHIM,BUG/FLYING
Marsh and Swamp,SPECIES_MUDKIP,Mudkip,NATIONAL_DEX_MUDKIP,WATER
Marsh and Swamp,SPECIES_MUK,Muk,NATIONAL_DEX_MUK,POISON
Marsh and Swamp,SPECIES_MUNKIDORI,Munkidori,NATIONAL_DEX_MUNKIDORI,POISON/PSYCHIC
Marsh and Swamp,SPECIES_MURKROW,Murkrow,NATIONAL_DEX_MURKROW,DARK/FLYING
Marsh and Swamp,SPECIES_NICKIT,Nickit,NATIONAL_DEX_NICKIT,DARK
Marsh and Swamp,SPECIES_NIDOKING,Nidoking,NATIONAL_DEX_NIDOKING,POISON/GROUND
Marsh and Swamp,SPECIES_NIDOQUEEN,Nidoqueen,NATIONAL_DEX_NIDOQUEEN,POISON/GROUND
Marsh and Swamp,SPECIES_NIDORAN_F,Nidoran♀,NATIONAL_DEX_NIDORAN_F,POISON
Marsh and Swamp,SPECIES_NIDORAN_M,Nidoran♂,NATIONAL_DEX_NIDORAN_M,POISON
Marsh and Swamp,SPECIES_NIDORINA,Nidorina,NATIONAL_DEX_NIDORINA,POISON
Marsh and Swamp,SPECIES_NIDORINO,Nidorino,NATIONAL_DEX_NIDORINO,POISON
Marsh and Swamp,SPECIES_NINCADA,Nincada,NATIONAL_DEX_NINCADA,BUG/GROUND
Marsh and Swamp,SPECIES_NINJASK,Ninjask,NATIONAL_DEX_NINJASK,BUG/FLYING
Marsh and Swamp,SPECIES_NUZLEAF,Nuzleaf,NATIONAL_DEX_NUZLEAF,GRASS/DARK
Marsh and Swamp,SPECIES_NYMBLE,Nymble,NATIONAL_DEX_NYMBLE,BUG
Marsh and Swamp,SPECIES_OBSTAGOON,Obstagoon,NATIONAL_DEX_OBSTAGOON,DARK/NORMAL
Marsh and Swamp,SPECIES_OCTILLERY,Octillery,NATIONAL_DEX_OCTILLERY,WATER
Marsh and Swamp,SPECIES_ODDISH,Oddish,NATIONAL_DEX_ODDISH,GRASS/POISON
Marsh and Swamp,SPECIES_OKIDOGI,Okidogi,NATIONAL_DEX_OKIDOGI,POISON/FIGHTING
Marsh and Swamp,SPECIES_OMANYTE,Omanyte,NATIONAL_DEX_OMANYTE,ROCK/WATER
Marsh and Swamp,SPECIES_OMASTAR,Omastar,NATIONAL_DEX_OMASTAR,ROCK/WATER
Marsh and Swamp,SPECIES_ORBEETLE,Orbeetle,NATIONAL_DEX_ORBEETLE,BUG/PSYCHIC
Marsh and Swamp,SPECIES_OSHAWOTT,Oshawott,NATIONAL_DEX_OSHAWOTT,WATER
Marsh and Swamp,SPECIES_OVERQWIL,Overqwil,NATIONAL_DEX_OVERQWIL,DARK/POISON
Marsh and Swamp,SPECIES_PALAFIN_ZERO,Palafin,NATIONAL_DEX_PALAFIN,WATER
Marsh and Swamp,SPECIES_PALOSSAND,Palossand,NATIONAL_DEX_PALOSSAND,GHOST/GROUND
Marsh and Swamp,SPECIES_PALPITOAD,Palpitoad,NATIONAL_DEX_PALPITOAD,WATER/GROUND
Marsh and Swamp,SPECIES_PANGORO,Pangoro,NATIONAL_DEX_PANGORO,FIGHTING/DARK
Marsh and Swamp,SPECIES_PANPOUR,Panpour,NATIONAL_DEX_PANPOUR,WATER
Marsh and Swamp,SPECIES_PANSAGE,Pansage,NATIONAL_DEX_PANSAGE,GRASS
Marsh and Swamp,SPECIES_PARAS,Paras,NATIONAL_DEX_PARAS,BUG/GRASS
Marsh and Swamp,SPECIES_PARASECT,Parasect,NATIONAL_DEX_PARASECT,BUG/GRASS
Marsh and Swamp,SPECIES_PAWNIARD,Pawniard,NATIONAL_DEX_PAWNIARD,DARK/STEEL
Marsh and Swamp,SPECIES_PELIPPER,Pelipper,NATIONAL_DEX_PELIPPER,WATER/FLYING
Marsh and Swamp,SPECIES_PETILIL,Petilil,NATIONAL_DEX_PETILIL,GRASS
Marsh and Swamp,SPECIES_PHANTUMP,Phantump,NATIONAL_DEX_PHANTUMP,GHOST/GRASS
Marsh and Swamp,SPECIES_PINECO,Pineco,NATIONAL_DEX_PINECO,BUG
Marsh and Swamp,SPECIES_PINSIR,Pinsir,NATIONAL_DEX_PINSIR,BUG
Marsh and Swamp,SPECIES_PIPLUP,Piplup,NATIONAL_DEX_PIPLUP,WATER
Marsh and Swamp,SPECIES_POLITOED,Politoed,NATIONAL_DEX_POLITOED,WATER
Marsh and Swamp,SPECIES_POLIWAG,Poliwag,NATIONAL_DEX_POLIWAG,WATER
Marsh and Swamp,SPECIES_POLIWHIRL,Poliwhirl,NATIONAL_DEX_POLIWHIRL,WATER
Marsh and Swamp,SPECIES_POLIWRATH,Poliwrath,NATIONAL_DEX_POLIWRATH,WATER/FIGHTING
Marsh and Swamp,SPECIES_POLTCHAGEIST_COUNTERFEIT,Poltchageist,NATIONAL_DEX_POLTCHAGEIST,GRASS/GHOST
Marsh and Swamp,SPECIES_POLTEAGEIST_PHONY,Polteageist,NATIONAL_DEX_POLTEAGEIST,GHOST
Marsh and Swamp,SPECIES_POOCHYENA,Poochyena,NATIONAL_DEX_POOCHYENA,DARK
Marsh and Swamp,SPECIES_POPPLIO,Popplio,NATIONAL_DEX_POPPLIO,WATER
Marsh and Swamp,SPECIES_PRIMARINA,Primarina,NATIONAL_DEX_PRIMARINA,WATER/FAIRY
Marsh and Swamp,SPECIES_PRINPLUP,Prinplup,NATIONAL_DEX_PRINPLUP,WATER
Marsh and Swamp,SPECIES_PSYDUCK,Psyduck,NATIONAL_DEX_PSYDUCK,WATER
Marsh and Swamp,SPECIES_PUMPKABOO_AVERAGE,Pumpkaboo,NATIONAL_DEX_PUMPKABOO,GHOST/GRASS
Marsh and Swamp,SPECIES_PURRLOIN,Purrloin,NATIONAL_DEX_PURRLOIN,DARK
Marsh and Swamp,SPECIES_PYUKUMUKU,Pyukumuku,NATIONAL_DEX_PYUKUMUKU,WATER
Marsh and Swamp,SPECIES_QUAGSIRE,Quagsire,NATIONAL_DEX_QUAGSIRE,WATER/GROUND
Marsh and Swamp,SPECIES_QUAQUAVAL,Quaquaval,NATIONAL_DEX_QUAQUAVAL,WATER/FIGHTING
Marsh and Swamp,SPECIES_QUAXLY,Quaxly,NATIONAL_DEX_QUAXLY,WATER
Marsh and Swamp,SPECIES_QUAXWELL,Quaxwell,NATIONAL_DEX_QUAXWELL,WATER
Marsh and Swamp,SPECIES_QUILLADIN,Quilladin,NATIONAL_DEX_QUILLADIN,GRASS
Marsh and Swamp,SPECIES_QWILFISH,Qwilfish,NATIONAL_DEX_QWILFISH,WATER/POISON
Marsh and Swamp,SPECIES_RABSCA,Rabsca,NATIONAL_DEX_RABSCA,BUG/PSYCHIC
Marsh and Swamp,SPECIES_RELICANTH,Relicanth,NATIONAL_DEX_RELICANTH,WATER/ROCK
Marsh and Swamp,SPECIES_RELLOR,Rellor,NATIONAL_DEX_RELLOR,BUG
Marsh and Swamp,SPECIES_REMORAID,Remoraid,NATIONAL_DEX_REMORAID,WATER
Marsh and Swamp,SPECIES_REVAVROOM,Revavroom,NATIONAL_DEX_REVAVROOM,STEEL/POISON
Marsh and Swamp,SPECIES_RIBOMBEE,Ribombee,NATIONAL_DEX_RIBOMBEE,BUG/FAIRY
Marsh and Swamp,SPECIES_RILLABOOM,Rillaboom,NATIONAL_DEX_RILLABOOM,GRASS
Marsh and Swamp,SPECIES_ROSELIA,Roselia,NATIONAL_DEX_ROSELIA,GRASS/POISON
Marsh and Swamp,SPECIES_ROSERADE,Roserade,NATIONAL_DEX_ROSERADE,GRASS/POISON
Marsh and Swamp,SPECIES_ROWLET,Rowlet,NATIONAL_DEX_ROWLET,GRASS/FLYING
Marsh and Swamp,SPECIES_RUNERIGUS,Runerigus,NATIONAL_DEX_RUNERIGUS,GROUND/GHOST
Marsh and Swamp,SPECIES_SABLEYE,Sableye,NATIONAL_DEX_SABLEYE,DARK/GHOST
Marsh and Swamp,SPECIES_SALANDIT,Salandit,NATIONAL_DEX_SALANDIT,POISON/FIRE
Marsh and Swamp,SPECIES_SALAZZLE,Salazzle,NATIONAL_DEX_SALAZZLE,POISON/FIRE
Marsh and Swamp,SPECIES_SAMUROTT,Samurott,NATIONAL_DEX_SAMUROTT,WATER
Marsh and Swamp,SPECIES_SANDILE,Sandile,NATIONAL_DEX_SANDILE,GROUND/DARK
Marsh and Swamp,SPECIES_SANDYGAST,Sandygast,NATIONAL_DEX_SANDYGAST,GHOST/GROUND
Marsh and Swamp,SPECIES_SAWSBUCK_SPRING,Sawsbuck,NATIONAL_DEX_SAWSBUCK,NORMAL/GRASS
Marsh and Swamp,SPECIES_SCATTERBUG,Scatterbug,NATIONAL_DEX_SCATTERBUG,BUG
Marsh and Swamp,SPECIES_SCEPTILE,Sceptile,NATIONAL_DEX_SCEPTILE,GRASS
Marsh and Swamp,SPECIES_SCIZOR,Scizor,NATIONAL_DEX_SCIZOR,BUG/STEEL
Marsh and Swamp,SPECIES_SCOLIPEDE,Scolipede,NATIONAL_DEX_SCOLIPEDE,BUG/POISON
Marsh and Swamp,SPECIES_SCOVILLAIN,Scovillain,NATIONAL_DEX_SCOVILLAIN,GRASS/FIRE
Marsh and Swamp,SPECIES_SCRAFTY,Scrafty,NATIONAL_DEX_SCRAFTY,DARK/FIGHTING
Marsh and Swamp,SPECIES_SCRAGGY,Scraggy,NATIONAL_DEX_SCRAGGY,DARK/FIGHTING
Marsh and Swamp,SPECIES_SCYTHER,Scyther,NATIONAL_DEX_SCYTHER,BUG/FLYING
Marsh and Swamp,SPECIES_SEADRA,Seadra,NATIONAL_DEX_SEADRA,WATER
Marsh and Swamp,SPECIES_SEAKING,Seaking,NATIONAL_DEX_SEAKING,WATER
Marsh and Swamp,SPECIES_SEALEO,Sealeo,NATIONAL_DEX_SEALEO,ICE/WATER
Marsh and Swamp,SPECIES_SEEDOT,Seedot,NATIONAL_DEX_SEEDOT,GRASS
Marsh and Swamp,SPECIES_SEEL,Seel,NATIONAL_DEX_SEEL,WATER
Marsh and Swamp,SPECIES_SEISMITOAD,Seismitoad,NATIONAL_DEX_SEISMITOAD,WATER/GROUND
Marsh and Swamp,SPECIES_SERPERIOR,Serperior,NATIONAL_DEX_SERPERIOR,GRASS
Marsh and Swamp,SPECIES_SERVINE,Servine,NATIONAL_DEX_SERVINE,GRASS
Marsh and Swamp,SPECIES_SEVIPER,Seviper,NATIONAL_DEX_SEVIPER,POISON
Marsh and Swamp,SPECIES_SEWADDLE,Sewaddle,NATIONAL_DEX_SEWADDLE,BUG/GRASS
Marsh and Swamp,SPECIES_SHARPEDO,Sharpedo,NATIONAL_DEX_SHARPEDO,WATER/DARK
Marsh and Swamp,SPECIES_SHEDINJA,Shedinja,NATIONAL_DEX_SHEDINJA,BUG/GHOST
Marsh and Swamp,SPECIES_SHELLDER,Shellder,NATIONAL_DEX_SHELLDER,WATER
Marsh and Swamp,SPECIES_SHELLOS_WEST,Shellos,NATIONAL_DEX_SHELLOS,WATER
Marsh and Swamp,SPECIES_SHELMET,Shelmet,NATIONAL_DEX_SHELMET,BUG
Marsh and Swamp,SPECIES_SHIFTRY,Shiftry,NATIONAL_DEX_SHIFTRY,GRASS/DARK
Marsh and Swamp,SPECIES_SHIINOTIC,Shiinotic,NATIONAL_DEX_SHIINOTIC,GRASS/FAIRY
Marsh and Swamp,SPECIES_SHROODLE,Shroodle,NATIONAL_DEX_SHROODLE,POISON/NORMAL
Marsh and Swamp,SPECIES_SHROOMISH,Shroomish,NATIONAL_DEX_SHROOMISH,GRASS
Marsh and Swamp,SPECIES_SHUCKLE,Shuckle,NATIONAL_DEX_SHUCKLE,BUG/ROCK
Marsh and Swamp,SPECIES_SHUPPET,Shuppet,NATIONAL_DEX_SHUPPET,GHOST
Marsh and Swamp,SPECIES_SILCOON,Silcoon,NATIONAL_DEX_SILCOON,BUG
Marsh and Swamp,SPECIES_SIMIPOUR,Simipour,NATIONAL_DEX_SIMIPOUR,WATER
Marsh and Swamp,SPECIES_SIMISAGE,Simisage,NATIONAL_DEX_SIMISAGE,GRASS
Marsh and Swamp,SPECIES_SINISTCHA_UNREMARKABLE,Sinistcha,NATIONAL_DEX_SINISTCHA,GRASS/GHOST
Marsh and Swamp,SPECIES_SINISTEA_PHONY,Sinistea,NATIONAL_DEX_SINISTEA,GHOST
Marsh and Swamp,SPECIES_SIZZLIPEDE,Sizzlipede,NATIONAL_DEX_SIZZLIPEDE,FIRE/BUG
Marsh and Swamp,SPECIES_SKELEDIRGE,Skeledirge,NATIONAL_DEX_SKELEDIRGE,FIRE/GHOST
Marsh and Swamp,SPECIES_SKIDDO,Skiddo,NATIONAL_DEX_SKIDDO,GRASS
Marsh and Swamp,SPECIES_SKIPLOOM,Skiploom,NATIONAL_DEX_SKIPLOOM,GRASS/FLYING
Marsh and Swamp,SPECIES_SKORUPI,Skorupi,NATIONAL_DEX_SKORUPI,POISON/BUG
Marsh and Swamp,SPECIES_SKRELP,Skrelp,NATIONAL_DEX_SKRELP,POISON/WATER
Marsh and Swamp,SPECIES_SKUNTANK,Skuntank,NATIONAL_DEX_SKUNTANK,POISON/DARK
Marsh and Swamp,SPECIES_SLOWBRO,Slowbro,NATIONAL_DEX_SLOWBRO,WATER/PSYCHIC
Marsh and Swamp,SPECIES_SLOWKING,Slowking,NATIONAL_DEX_SLOWKING,WATER/PSYCHIC
Marsh and Swamp,SPECIES_SLOWPOKE,Slowpoke,NATIONAL_DEX_SLOWPOKE,WATER/PSYCHIC
Marsh and Swamp,SPECIES_SMOLIV,Smoliv,NATIONAL_DEX_SMOLIV,GRASS/NORMAL
Marsh and Swamp,SPECIES_SNEASEL,Sneasel,NATIONAL_DEX_SNEASEL,DARK/ICE
Marsh and Swamp,SPECIES_SNEASLER,Sneasler,NATIONAL_DEX_SNEASLER,FIGHTING/POISON
Marsh and Swamp,SPECIES_SNIVY,Snivy,NATIONAL_DEX_SNIVY,GRASS
Marsh and Swamp,SPECIES_SNOM,Snom,NATIONAL_DEX_SNOM,ICE/BUG
Marsh and Swamp,SPECIES_SNOVER,Snover,NATIONAL_DEX_SNOVER,GRASS/ICE
Marsh and Swamp,SPECIES_SOBBLE,Sobble,NATIONAL_DEX_SOBBLE,WATER
Marsh and Swamp,SPECIES_SPEWPA,Spewpa,NATIONAL_DEX_SPEWPA,BUG
Marsh and Swamp,SPECIES_SPHEAL,Spheal,NATIONAL_DEX_SPHEAL,ICE/WATER
Marsh and Swamp,SPECIES_SPIDOPS,Spidops,NATIONAL_DEX_SPIDOPS,BUG
Marsh and Swamp,SPECIES_SPINARAK,Spinarak,NATIONAL_DEX_SPINARAK,BUG/POISON
Marsh and Swamp,SPECIES_SPIRITOMB,Spiritomb,NATIONAL_DEX_SPIRITOMB,GHOST/DARK
Marsh and Swamp,SPECIES_SPRIGATITO,Sprigatito,NATIONAL_DEX_SPRIGATITO,GRASS
Marsh and Swamp,SPECIES_SQUIRTLE,Squirtle,NATIONAL_DEX_SQUIRTLE,WATER
Marsh and Swamp,SPECIES_STARMIE,Starmie,NATIONAL_DEX_STARMIE,WATER/PSYCHIC
Marsh and Swamp,SPECIES_STARYU,Staryu,NATIONAL_DEX_STARYU,WATER
Marsh and Swamp,SPECIES_STEENEE,Steenee,NATIONAL_DEX_STEENEE,GRASS
Marsh and Swamp,SPECIES_STUNKY,Stunky,NATIONAL_DEX_STUNKY,POISON/DARK
Marsh and Swamp,SPECIES_SUNFLORA,Sunflora,NATIONAL_DEX_SUNFLORA,GRASS
Marsh and Swamp,SPECIES_SUNKERN,Sunkern,NATIONAL_DEX_SUNKERN,GRASS
Marsh and Swamp,SPECIES_SURSKIT,Surskit,NATIONAL_DEX_SURSKIT,BUG/WATER
Marsh and Swamp,SPECIES_SWADLOON,Swadloon,NATIONAL_DEX_SWADLOON,BUG/GRASS
Marsh and Swamp,SPECIES_SWALOT,Swalot,NATIONAL_DEX_SWALOT,POISON
Marsh and Swamp,SPECIES_SWAMPERT,Swampert,NATIONAL_DEX_SWAMPERT,WATER/GROUND
Marsh and Swamp,SPECIES_SWANNA,Swanna,NATIONAL_DEX_SWANNA,WATER/FLYING
Marsh and Swamp,SPECIES_TANGELA,Tangela,NATIONAL_DEX_TANGELA,GRASS
Marsh and Swamp,SPECIES_TANGROWTH,Tangrowth,NATIONAL_DEX_TANGROWTH,GRASS
Marsh and Swamp,SPECIES_TAROUNTULA,Tarountula,NATIONAL_DEX_TAROUNTULA,BUG
Marsh and Swamp,SPECIES_TATSUGIRI_CURLY,Tatsugiri,NATIONAL_DEX_TATSUGIRI,DRAGON/WATER
Marsh and Swamp,SPECIES_TENTACOOL,Tentacool,NATIONAL_DEX_TENTACOOL,WATER/POISON
Marsh and Swamp,SPECIES_TENTACRUEL,Tentacruel,NATIONAL_DEX_TENTACRUEL,WATER/POISON
Marsh and Swamp,SPECIES_THIEVUL,Thievul,NATIONAL_DEX_THIEVUL,DARK
Marsh and Swamp,SPECIES_THWACKEY,Thwackey,NATIONAL_DEX_THWACKEY,GRASS
Marsh and Swamp,SPECIES_TIRTOUGA,Tirtouga,NATIONAL_DEX_TIRTOUGA,WATER/ROCK
Marsh and Swamp,SPECIES_TOEDSCOOL,Toedscool,NATIONAL_DEX_TOEDSCOOL,GROUND/GRASS
Marsh and Swamp,SPECIES_TOEDSCRUEL,Toedscruel,NATIONAL_DEX_TOEDSCRUEL,GROUND/GRASS
Marsh and Swamp,SPECIES_TORTERRA,Torterra,NATIONAL_DEX_TORTERRA,GRASS/GROUND
Marsh and Swamp,SPECIES_TOTODILE,Totodile,NATIONAL_DEX_TOTODILE,WATER
Marsh and Swamp,SPECIES_TOXAPEX,Toxapex,NATIONAL_DEX_TOXAPEX,POISON/WATER
Marsh and Swamp,SPECIES_TOXEL,Toxel,NATIONAL_DEX_TOXEL,ELECTRIC/POISON
Marsh and Swamp,SPECIES_TOXICROAK,Toxicroak,NATIONAL_DEX_TOXICROAK,POISON/FIGHTING
Marsh and Swamp,SPECIES_TOXTRICITY_AMPED,Toxtricity,NATIONAL_DEX_TOXTRICITY,ELECTRIC/POISON
Marsh and Swamp,SPECIES_TREECKO,Treecko,NATIONAL_DEX_TREECKO,GRASS
Marsh and Swamp,SPECIES_TREVENANT,Trevenant,NATIONAL_DEX_TREVENANT,GHOST/GRASS
Marsh and Swamp,SPECIES_TROPIUS,Tropius,NATIONAL_DEX_TROPIUS,GRASS/FLYING
Marsh and Swamp,SPECIES_TRUBBISH,Trubbish,NATIONAL_DEX_TRUBBISH,POISON
Marsh and Swamp,SPECIES_TSAREENA,Tsareena,NATIONAL_DEX_TSAREENA,GRASS
Marsh and Swamp,SPECIES_TURTWIG,Turtwig,NATIONAL_DEX_TURTWIG,GRASS
Marsh and Swamp,SPECIES_TYMPOLE,Tympole,NATIONAL_DEX_TYMPOLE,WATER
Marsh and Swamp,SPECIES_TYRANITAR,Tyranitar,NATIONAL_DEX_TYRANITAR,ROCK/DARK
Marsh and Swamp,SPECIES_UMBREON,Umbreon,NATIONAL_DEX_UMBREON,DARK
Marsh and Swamp,SPECIES_URSHIFU_SINGLE_STRIKE,Urshifu,NATIONAL_DEX_URSHIFU,FIGHTING/DARK
Marsh and Swamp,SPECIES_VAPOREON,Vaporeon,NATIONAL_DEX_VAPOREON,WATER
Marsh and Swamp,SPECIES_VAROOM,Varoom,NATIONAL_DEX_VAROOM,STEEL/POISON
Marsh and Swamp,SPECIES_VELUZA,Veluza,NATIONAL_DEX_VELUZA,WATER/PSYCHIC
Marsh and Swamp,SPECIES_VENIPEDE,Venipede,NATIONAL_DEX_VENIPEDE,BUG/POISON
Marsh and Swamp,SPECIES_VENOMOTH,Venomoth,NATIONAL_DEX_VENOMOTH,BUG/POISON
Marsh and Swamp,SPECIES_VENONAT,Venonat,NATIONAL_DEX_VENONAT,BUG/POISON
Marsh and Swamp,SPECIES_VENUSAUR,Venusaur,NATIONAL_DEX_VENUSAUR,GRASS/POISON
Marsh and Swamp,SPECIES_VESPIQUEN,Vespiquen,NATIONAL_DEX_VESPIQUEN,BUG/FLYING
Marsh and Swamp,SPECIES_VICTREEBEL,Victreebel,NATIONAL_DEX_VICTREEBEL,GRASS/POISON
Marsh and Swamp,SPECIES_VIKAVOLT,Vikavolt,NATIONAL_DEX_VIKAVOLT,BUG/ELECTRIC
Marsh and Swamp,SPECIES_VILEPLUME,Vileplume,NATIONAL_DEX_VILEPLUME,GRASS/POISON
Marsh and Swamp,SPECIES_VIVILLON,Vivillon,NATIONAL_DEX_VIVILLON,BUG/FLYING
Marsh and Swamp,SPECIES_VOLBEAT,Volbeat,NATIONAL_DEX_VOLBEAT,BUG
Marsh and Swamp,SPECIES_VOLCARONA,Volcarona,NATIONAL_DEX_VOLCARONA,BUG/FIRE
Marsh and Swamp,SPECIES_VULLABY,Vullaby,NATIONAL_DEX_VULLABY,DARK/FLYING
Marsh and Swamp,SPECIES_WAILMER,Wailmer,NATIONAL_DEX_WAILMER,WATER
Marsh and Swamp,SPECIES_WAILORD,Wailord,NATIONAL_DEX_WAILORD,WATER
Marsh and Swamp,SPECIES_WALREIN,Walrein,NATIONAL_DEX_WALREIN,ICE/WATER
Marsh and Swamp,SPECIES_WARTORTLE,Wartortle,NATIONAL_DEX_WARTORTLE,WATER
Marsh and Swamp,SPECIES_WEAVILE,Weavile,NATIONAL_DEX_WEAVILE,DARK/ICE
Marsh and Swamp,SPECIES_WEEDLE,Weedle,NATIONAL_DEX_WEEDLE,BUG/POISON
Marsh and Swamp,SPECIES_WEEPINBELL,Weepinbell,NATIONAL_DEX_WEEPINBELL,GRASS/POISON
Marsh and Swamp,SPECIES_WEEZING,Weezing,NATIONAL_DEX_WEEZING,POISON
Marsh and Swamp,SPECIES_WHIMSICOTT,Whimsicott,NATIONAL_DEX_WHIMSICOTT,GRASS
Marsh and Swamp,SPECIES_WHIRLIPEDE,Whirlipede,NATIONAL_DEX_WHIRLIPEDE,BUG/POISON
Marsh and Swamp,SPECIES_WHISCASH,Whiscash,NATIONAL_DEX_WHISCASH,WATER/GROUND
Marsh and Swamp,SPECIES_WIGLETT,Wiglett,NATIONAL_DEX_WIGLETT,WATER
Marsh and Swamp,SPECIES_WIMPOD,Wimpod,NATIONAL_DEX_WIMPOD,BUG/WATER
Marsh and Swamp,SPECIES_WINGULL,Wingull,NATIONAL_DEX_WINGULL,WATER/FLYING
Marsh and Swamp,SPECIES_WISHIWASHI_SOLO,Wishiwashi,NATIONAL_DEX_WISHIWASHI,WATER
Marsh and Swamp,SPECIES_WOOPER,Wooper,NATIONAL_DEX_WOOPER,WATER/GROUND
Marsh and Swamp,SPECIES_WORMADAM_PLANT,Wormadam,NATIONAL_DEX_WORMADAM,BUG/GRASS
Marsh and Swamp,SPECIES_WUGTRIO,Wugtrio,NATIONAL_DEX_WUGTRIO,WATER
Marsh and Swamp,SPECIES_WURMPLE,Wurmple,NATIONAL_DEX_WURMPLE,BUG
Marsh and Swamp,SPECIES_YAMASK,Yamask,NATIONAL_DEX_YAMASK,GHOST
Marsh and Swamp,SPECIES_YANMA,Yanma,NATIONAL_DEX_YANMA,BUG/FLYING
Marsh and Swamp,SPECIES_YANMEGA,Yanmega,NATIONAL_DEX_YANMEGA,BUG/FLYING
Marsh and Swamp,SPECIES_ZOROARK,Zoroark,NATIONAL_DEX_ZOROARK,DARK
Marsh and Swamp,SPECIES_ZORUA,Zorua,NATIONAL_DEX_ZORUA,DARK
Marsh and Swamp,SPECIES_ZUBAT,Zubat,NATIONAL_DEX_ZUBAT,POISON/FLYING
Marsh and Swamp,SPECIES_ZWEILOUS,Zweilous,NATIONAL_DEX_ZWEILOUS,DARK/DRAGON
Freshwater,SPECIES_AERODACTYL,Aerodactyl,NATIONAL_DEX_AERODACTYL,ROCK/FLYING
Freshwater,SPECIES_ALOMOMOLA,Alomomola,NATIONAL_DEX_ALOMOMOLA,WATER
Freshwater,SPECIES_ALTARIA,Altaria,NATIONAL_DEX_ALTARIA,DRAGON/FLYING
Freshwater,SPECIES_ARAQUANID,Araquanid,NATIONAL_DEX_ARAQUANID,WATER/BUG
Freshwater,SPECIES_ARCHEN,Archen,NATIONAL_DEX_ARCHEN,ROCK/FLYING
Freshwater,SPECIES_ARCHEOPS,Archeops,NATIONAL_DEX_ARCHEOPS,ROCK/FLYING
Freshwater,SPECIES_ARCTOVISH,Arctovish,NATIONAL_DEX_ARCTOVISH,WATER/ICE
Freshwater,SPECIES_ARROKUDA,Arrokuda,NATIONAL_DEX_ARROKUDA,WATER
Freshwater,SPECIES_AZUMARILL,Azumarill,NATIONAL_DEX_AZUMARILL,WATER/FAIRY
Freshwater,SPECIES_BARBARACLE,Barbaracle,NATIONAL_DEX_BARBARACLE,ROCK/WATER
Freshwater,SPECIES_BARBOACH,Barboach,NATIONAL_DEX_BARBOACH,WATER/GROUND
Freshwater,SPECIES_BARRASKEWDA,Barraskewda,NATIONAL_DEX_BARRASKEWDA,WATER
Freshwater,SPECIES_BASCULEGION_M,Basculegion,NATIONAL_DEX_BASCULEGION,WATER/GHOST
Freshwater,SPECIES_BASCULIN_RED_STRIPED,Basculin,NATIONAL_DEX_BASCULIN,WATER
Freshwater,SPECIES_BEAUTIFLY,Beautifly,NATIONAL_DEX_BEAUTIFLY,BUG/FLYING
Freshwater,SPECIES_BIBAREL,Bibarel,NATIONAL_DEX_BIBAREL,NORMAL/WATER
Freshwater,SPECIES_BINACLE,Binacle,NATIONAL_DEX_BINACLE,ROCK/WATER
Freshwater,SPECIES_BLASTOISE,Blastoise,NATIONAL_DEX_BLASTOISE,WATER
Freshwater,SPECIES_BOMBIRDIER,Bombirdier,NATIONAL_DEX_BOMBIRDIER,FLYING/DARK
Freshwater,SPECIES_BRAVIARY,Braviary,NATIONAL_DEX_BRAVIARY,NORMAL/FLYING
Freshwater,SPECIES_BRIONNE,Brionne,NATIONAL_DEX_BRIONNE,WATER
Freshwater,SPECIES_BRUXISH,Bruxish,NATIONAL_DEX_BRUXISH,WATER/PSYCHIC
Freshwater,SPECIES_BUIZEL,Buizel,NATIONAL_DEX_BUIZEL,WATER
Freshwater,SPECIES_BUTTERFREE,Butterfree,NATIONAL_DEX_BUTTERFREE,BUG/FLYING
Freshwater,SPECIES_CARRACOSTA,Carracosta,NATIONAL_DEX_CARRACOSTA,WATER/ROCK
Freshwater,SPECIES_CARVANHA,Carvanha,NATIONAL_DEX_CARVANHA,WATER/DARK
Freshwater,SPECIES_CHARIZARD,Charizard,NATIONAL_DEX_CHARIZARD,FIRE/FLYING
Freshwater,SPECIES_CHATOT,Chatot,NATIONAL_DEX_CHATOT,NORMAL/FLYING
Freshwater,SPECIES_CHEWTLE,Chewtle,NATIONAL_DEX_CHEWTLE,WATER
Freshwater,SPECIES_CHINCHOU,Chinchou,NATIONAL_DEX_CHINCHOU,WATER/ELECTRIC
Freshwater,SPECIES_CLAMPERL,Clamperl,NATIONAL_DEX_CLAMPERL,WATER
Freshwater,SPECIES_CLAUNCHER,Clauncher,NATIONAL_DEX_CLAUNCHER,WATER
Freshwater,SPECIES_CLAWITZER,Clawitzer,NATIONAL_DEX_CLAWITZER,WATER
Freshwater,SPECIES_CLEFABLE_MEGA,Clefable,NATIONAL_DEX_CLEFABLE,FAIRY/FLYING
Freshwater,SPECIES_CLOYSTER,Cloyster,NATIONAL_DEX_CLOYSTER,WATER/ICE
Freshwater,SPECIES_COMBEE,Combee,NATIONAL_DEX_COMBEE,BUG/FLYING
Freshwater,SPECIES_CORPHISH,Corphish,NATIONAL_DEX_CORPHISH,WATER
Freshwater,SPECIES_CORSOLA,Corsola,NATIONAL_DEX_CORSOLA,WATER/ROCK
Freshwater,SPECIES_CORVIKNIGHT,Corviknight,NATIONAL_DEX_CORVIKNIGHT,FLYING/STEEL
Freshwater,SPECIES_CORVISQUIRE,Corvisquire,NATIONAL_DEX_CORVISQUIRE,FLYING
Freshwater,SPECIES_CRAMORANT,Cramorant,NATIONAL_DEX_CRAMORANT,FLYING/WATER
Freshwater,SPECIES_CRAWDAUNT,Crawdaunt,NATIONAL_DEX_CRAWDAUNT,WATER/DARK
Freshwater,SPECIES_CROBAT,Crobat,NATIONAL_DEX_CROBAT,POISON/FLYING
Freshwater,SPECIES_CROCONAW,Croconaw,NATIONAL_DEX_CROCONAW,WATER
Freshwater,SPECIES_DARTRIX,Dartrix,NATIONAL_DEX_DARTRIX,GRASS/FLYING
Freshwater,SPECIES_DELIBIRD,Delibird,NATIONAL_DEX_DELIBIRD,ICE/FLYING
Freshwater,SPECIES_DEWGONG,Dewgong,NATIONAL_DEX_DEWGONG,WATER/ICE
Freshwater,SPECIES_DEWOTT,Dewott,NATIONAL_DEX_DEWOTT,WATER
Freshwater,SPECIES_DEWPIDER,Dewpider,NATIONAL_DEX_DEWPIDER,WATER/BUG
Freshwater,SPECIES_DODRIO,Dodrio,NATIONAL_DEX_DODRIO,NORMAL/FLYING
Freshwater,SPECIES_DODUO,Doduo,NATIONAL_DEX_DODUO,NORMAL/FLYING
Freshwater,SPECIES_DONDOZO,Dondozo,NATIONAL_DEX_DONDOZO,WATER
Freshwater,SPECIES_DRACOVISH,Dracovish,NATIONAL_DEX_DRACOVISH,WATER/DRAGON
Freshwater,SPECIES_DRAGONITE,Dragonite,NATIONAL_DEX_DRAGONITE,DRAGON/FLYING
Freshwater,SPECIES_DREDNAW,Drednaw,NATIONAL_DEX_DREDNAW,WATER/ROCK
Freshwater,SPECIES_DRIFBLIM,Drifblim,NATIONAL_DEX_DRIFBLIM,GHOST/FLYING
Freshwater,SPECIES_DRIFLOON,Drifloon,NATIONAL_DEX_DRIFLOON,GHOST/FLYING
Freshwater,SPECIES_DRIZZILE,Drizzile,NATIONAL_DEX_DRIZZILE,WATER
Freshwater,SPECIES_DUCKLETT,Ducklett,NATIONAL_DEX_DUCKLETT,WATER/FLYING
Freshwater,SPECIES_EMOLGA,Emolga,NATIONAL_DEX_EMOLGA,ELECTRIC/FLYING
Freshwater,SPECIES_EMPOLEON,Empoleon,NATIONAL_DEX_EMPOLEON,WATER/STEEL
Freshwater,SPECIES_ENAMORUS_INCARNATE,Enamorus,NATIONAL_DEX_ENAMORUS,FAIRY/FLYING
Freshwater,SPECIES_FARFETCHD,Farfetch'd,NATIONAL_DEX_FARFETCHD,NORMAL/FLYING
Freshwater,SPECIES_FEAROW,Fearow,NATIONAL_DEX_FEAROW,NORMAL/FLYING
Freshwater,SPECIES_FEEBAS,Feebas,NATIONAL_DEX_FEEBAS,WATER
Freshwater,SPECIES_FERALIGATR,Feraligatr,NATIONAL_DEX_FERALIGATR,WATER
Freshwater,SPECIES_FINIZEN,Finizen,NATIONAL_DEX_FINIZEN,WATER
Freshwater,SPECIES_FINNEON,Finneon,NATIONAL_DEX_FINNEON,WATER
Freshwater,SPECIES_FLAMIGO,Flamigo,NATIONAL_DEX_FLAMIGO,FLYING/FIGHTING
Freshwater,SPECIES_FLETCHINDER,Fletchinder,NATIONAL_DEX_FLETCHINDER,FIRE/FLYING
Freshwater,SPECIES_FLETCHLING,Fletchling,NATIONAL_DEX_FLETCHLING,NORMAL/FLYING
Freshwater,SPECIES_FLOATZEL,Floatzel,NATIONAL_DEX_FLOATZEL,WATER
Freshwater,SPECIES_FRILLISH,Frillish,NATIONAL_DEX_FRILLISH,WATER/GHOST
Freshwater,SPECIES_FROAKIE,Froakie,NATIONAL_DEX_FROAKIE,WATER
Freshwater,SPECIES_FROGADIER,Frogadier,NATIONAL_DEX_FROGADIER,WATER
Freshwater,SPECIES_GASTRODON_WEST,Gastrodon,NATIONAL_DEX_GASTRODON,WATER/GROUND
Freshwater,SPECIES_GLIGAR,Gligar,NATIONAL_DEX_GLIGAR,GROUND/FLYING
Freshwater,SPECIES_GLISCOR,Gliscor,NATIONAL_DEX_GLISCOR,GROUND/FLYING
Freshwater,SPECIES_GOLBAT,Golbat,NATIONAL_DEX_GOLBAT,POISON/FLYING
Freshwater,SPECIES_GOLDEEN,Goldeen,NATIONAL_DEX_GOLDEEN,WATER
Freshwater,SPECIES_GOLDUCK,Golduck,NATIONAL_DEX_GOLDUCK,WATER
Freshwater,SPECIES_GOLISOPOD,Golisopod,NATIONAL_DEX_GOLISOPOD,BUG/WATER
Freshwater,SPECIES_GOREBYSS,Gorebyss,NATIONAL_DEX_GOREBYSS,WATER
Freshwater,SPECIES_GRENINJA,Greninja,NATIONAL_DEX_GRENINJA,WATER/DARK
Freshwater,SPECIES_GYARADOS,Gyarados,NATIONAL_DEX_GYARADOS,WATER/FLYING
Freshwater,SPECIES_HAWLUCHA,Hawlucha,NATIONAL_DEX_HAWLUCHA,FIGHTING/FLYING
Freshwater,SPECIES_HONCHKROW,Honchkrow,NATIONAL_DEX_HONCHKROW,DARK/FLYING
Freshwater,SPECIES_HOOTHOOT,Hoothoot,NATIONAL_DEX_HOOTHOOT,NORMAL/FLYING
Freshwater,SPECIES_HOPPIP,Hoppip,NATIONAL_DEX_HOPPIP,GRASS/FLYING
Freshwater,SPECIES_HORSEA,Horsea,NATIONAL_DEX_HORSEA,WATER
Freshwater,SPECIES_HUNTAIL,Huntail,NATIONAL_DEX_HUNTAIL,WATER
Freshwater,SPECIES_INTELEON,Inteleon,NATIONAL_DEX_INTELEON,WATER
Freshwater,SPECIES_JELLICENT,Jellicent,NATIONAL_DEX_JELLICENT,WATER/GHOST
Freshwater,SPECIES_JUMPLUFF,Jumpluff,NATIONAL_DEX_JUMPLUFF,GRASS/FLYING
Freshwater,SPECIES_KABUTO,Kabuto,NATIONAL_DEX_KABUTO,ROCK/WATER
Freshwater,SPECIES_KABUTOPS,Kabutops,NATIONAL_DEX_KABUTOPS,ROCK/WATER
Freshwater,SPECIES_KILOWATTREL,Kilowattrel,NATIONAL_DEX_KILOWATTREL,ELECTRIC/FLYING
Freshwater,SPECIES_KINGDRA,Kingdra,NATIONAL_DEX_KINGDRA,WATER/DRAGON
Freshwater,SPECIES_KINGLER,Kingler,NATIONAL_DEX_KINGLER,WATER
Freshwater,SPECIES_KRABBY,Krabby,NATIONAL_DEX_KRABBY,WATER
Freshwater,SPECIES_LANDORUS_INCARNATE,Landorus,NATIONAL_DEX_LANDORUS,GROUND/FLYING
Freshwater,SPECIES_LANTURN,Lanturn,NATIONAL_DEX_LANTURN,WATER/ELECTRIC
Freshwater,SPECIES_LAPRAS,Lapras,NATIONAL_DEX_LAPRAS,WATER/ICE
Freshwater,SPECIES_LEDIAN,Ledian,NATIONAL_DEX_LEDIAN,BUG/FLYING
Freshwater,SPECIES_LEDYBA,Ledyba,NATIONAL_DEX_LEDYBA,BUG/FLYING
Freshwater,SPECIES_LOMBRE,Lombre,NATIONAL_DEX_LOMBRE,WATER/GRASS
Freshwater,SPECIES_LOTAD,Lotad,NATIONAL_DEX_LOTAD,WATER/GRASS
Freshwater,SPECIES_LUDICOLO,Ludicolo,NATIONAL_DEX_LUDICOLO,WATER/GRASS
Freshwater,SPECIES_LUMINEON,Lumineon,NATIONAL_DEX_LUMINEON,WATER
Freshwater,SPECIES_LUVDISC,Luvdisc,NATIONAL_DEX_LUVDISC,WATER
Freshwater,SPECIES_MAGIKARP,Magikarp,NATIONAL_DEX_MAGIKARP,WATER
Freshwater,SPECIES_MANDIBUZZ,Mandibuzz,NATIONAL_DEX_MANDIBUZZ,DARK/FLYING
Freshwater,SPECIES_MANTINE,Mantine,NATIONAL_DEX_MANTINE,WATER/FLYING
Freshwater,SPECIES_MANTYKE,Mantyke,NATIONAL_DEX_MANTYKE,WATER/FLYING
Freshwater,SPECIES_MAREANIE,Mareanie,NATIONAL_DEX_MAREANIE,POISON/WATER
Freshwater,SPECIES_MARILL,Marill,NATIONAL_DEX_MARILL,WATER/FAIRY
Freshwater,SPECIES_MARSHTOMP,Marshtomp,NATIONAL_DEX_MARSHTOMP,WATER/GROUND
Freshwater,SPECIES_MASQUERAIN,Masquerain,NATIONAL_DEX_MASQUERAIN,BUG/FLYING
Freshwater,SPECIES_MILOTIC,Milotic,NATIONAL_DEX_MILOTIC,WATER
Freshwater,SPECIES_MINIOR,Minior,NATIONAL_DEX_MINIOR,ROCK/FLYING
Freshwater,SPECIES_MOTHIM,Mothim,NATIONAL_DEX_MOTHIM,BUG/FLYING
Freshwater,SPECIES_MUDKIP,Mudkip,NATIONAL_DEX_MUDKIP,WATER
Freshwater,SPECIES_MURKROW,Murkrow,NATIONAL_DEX_MURKROW,DARK/FLYING
Freshwater,SPECIES_NATU,Natu,NATIONAL_DEX_NATU,PSYCHIC/FLYING
Freshwater,SPECIES_NINJASK,Ninjask,NATIONAL_DEX_NINJASK,BUG/FLYING
Freshwater,SPECIES_NOCTOWL,Noctowl,NATIONAL_DEX_NOCTOWL,NORMAL/FLYING
Freshwater,SPECIES_NOIBAT,Noibat,NATIONAL_DEX_NOIBAT,FLYING/DRAGON
Freshwater,SPECIES_NOIVERN,Noivern,NATIONAL_DEX_NOIVERN,FLYING/DRAGON
Freshwater,SPECIES_OCTILLERY,Octillery,NATIONAL_DEX_OCTILLERY,WATER
Freshwater,SPECIES_OMANYTE,Omanyte,NATIONAL_DEX_OMANYTE,ROCK/WATER
Freshwater,SPECIES_OMASTAR,Omastar,NATIONAL_DEX_OMASTAR,ROCK/WATER
Freshwater,SPECIES_ORICORIO_BAILE,Oricorio,NATIONAL_DEX_ORICORIO,FIRE/FLYING
Freshwater,SPECIES_OSHAWOTT,Oshawott,NATIONAL_DEX_OSHAWOTT,WATER
Freshwater,SPECIES_PALAFIN_ZERO,Palafin,NATIONAL_DEX_PALAFIN,WATER
Freshwater,SPECIES_PALPITOAD,Palpitoad,NATIONAL_DEX_PALPITOAD,WATER/GROUND
Freshwater,SPECIES_PANPOUR,Panpour,NATIONAL_DEX_PANPOUR,WATER
Freshwater,SPECIES_PELIPPER,Pelipper,NATIONAL_DEX_PELIPPER,WATER/FLYING
Freshwater,SPECIES_PIDGEOT,Pidgeot,NATIONAL_DEX_PIDGEOT,NORMAL/FLYING
Freshwater,SPECIES_PIDGEOTTO,Pidgeotto,NATIONAL_DEX_PIDGEOTTO,NORMAL/FLYING
Freshwater,SPECIES_PIDGEY,Pidgey,NATIONAL_DEX_PIDGEY,NORMAL/FLYING
Freshwater,SPECIES_PIDOVE,Pidove,NATIONAL_DEX_PIDOVE,NORMAL/FLYING
Freshwater,SPECIES_PIKIPEK,Pikipek,NATIONAL_DEX_PIKIPEK,NORMAL/FLYING
Freshwater,SPECIES_PIPLUP,Piplup,NATIONAL_DEX_PIPLUP,WATER
Freshwater,SPECIES_POLITOED,Politoed,NATIONAL_DEX_POLITOED,WATER
Freshwater,SPECIES_POLIWAG,Poliwag,NATIONAL_DEX_POLIWAG,WATER
Freshwater,SPECIES_POLIWHIRL,Poliwhirl,NATIONAL_DEX_POLIWHIRL,WATER
Freshwater,SPECIES_POLIWRATH,Poliwrath,NATIONAL_DEX_POLIWRATH,WATER/FIGHTING
Freshwater,SPECIES_POPPLIO,Popplio,NATIONAL_DEX_POPPLIO,WATER
Freshwater,SPECIES_PRIMARINA,Primarina,NATIONAL_DEX_PRIMARINA,WATER/FAIRY
Freshwater,SPECIES_PRINPLUP,Prinplup,NATIONAL_DEX_PRINPLUP,WATER
Freshwater,SPECIES_PSYDUCK,Psyduck,NATIONAL_DEX_PSYDUCK,WATER
Freshwater,SPECIES_PYUKUMUKU,Pyukumuku,NATIONAL_DEX_PYUKUMUKU,WATER
Freshwater,SPECIES_QUAGSIRE,Quagsire,NATIONAL_DEX_QUAGSIRE,WATER/GROUND
Freshwater,SPECIES_QUAQUAVAL,Quaquaval,NATIONAL_DEX_QUAQUAVAL,WATER/FIGHTING
Freshwater,SPECIES_QUAXLY,Quaxly,NATIONAL_DEX_QUAXLY,WATER
Freshwater,SPECIES_QUAXWELL,Quaxwell,NATIONAL_DEX_QUAXWELL,WATER
Freshwater,SPECIES_QWILFISH,Qwilfish,NATIONAL_DEX_QWILFISH,WATER/POISON
Freshwater,SPECIES_RELICANTH,Relicanth,NATIONAL_DEX_RELICANTH,WATER/ROCK
Freshwater,SPECIES_REMORAID,Remoraid,NATIONAL_DEX_REMORAID,WATER
Freshwater,SPECIES_ROOKIDEE,Rookidee,NATIONAL_DEX_ROOKIDEE,FLYING
Freshwater,SPECIES_ROWLET,Rowlet,NATIONAL_DEX_ROWLET,GRASS/FLYING
Freshwater,SPECIES_RUFFLET,Rufflet,NATIONAL_DEX_RUFFLET,NORMAL/FLYING
Freshwater,SPECIES_SALAMENCE,Salamence,NATIONAL_DEX_SALAMENCE,DRAGON/FLYING
Freshwater,SPECIES_SAMUROTT,Samurott,NATIONAL_DEX_SAMUROTT,WATER
Freshwater,SPECIES_SCYTHER,Scyther,NATIONAL_DEX_SCYTHER,BUG/FLYING
Freshwater,SPECIES_SEADRA,Seadra,NATIONAL_DEX_SEADRA,WATER
Freshwater,SPECIES_SEAKING,Seaking,NATIONAL_DEX_SEAKING,WATER
Freshwater,SPECIES_SEALEO,Sealeo,NATIONAL_DEX_SEALEO,ICE/WATER
Freshwater,SPECIES_SEEL,Seel,NATIONAL_DEX_SEEL,WATER
Freshwater,SPECIES_SEISMITOAD,Seismitoad,NATIONAL_DEX_SEISMITOAD,WATER/GROUND
Freshwater,SPECIES_SHARPEDO,Sharpedo,NATIONAL_DEX_SHARPEDO,WATER/DARK
Freshwater,SPECIES_SHELLDER,Shellder,NATIONAL_DEX_SHELLDER,WATER
Freshwater,SPECIES_SHELLOS_WEST,Shellos,NATIONAL_DEX_SHELLOS,WATER
Freshwater,SPECIES_SIGILYPH,Sigilyph,NATIONAL_DEX_SIGILYPH,PSYCHIC/FLYING
Freshwater,SPECIES_SIMIPOUR,Simipour,NATIONAL_DEX_SIMIPOUR,WATER
Freshwater,SPECIES_SKARMORY,Skarmory,NATIONAL_DEX_SKARMORY,STEEL/FLYING
Freshwater,SPECIES_SKIPLOOM,Skiploom,NATIONAL_DEX_SKIPLOOM,GRASS/FLYING
Freshwater,SPECIES_SKRELP,Skrelp,NATIONAL_DEX_SKRELP,POISON/WATER
Freshwater,SPECIES_SLOWBRO,Slowbro,NATIONAL_DEX_SLOWBRO,WATER/PSYCHIC
Freshwater,SPECIES_SLOWKING,Slowking,NATIONAL_DEX_SLOWKING,WATER/PSYCHIC
Freshwater,SPECIES_SLOWPOKE,Slowpoke,NATIONAL_DEX_SLOWPOKE,WATER/PSYCHIC
Freshwater,SPECIES_SOBBLE,Sobble,NATIONAL_DEX_SOBBLE,WATER
Freshwater,SPECIES_SPEAROW,Spearow,NATIONAL_DEX_SPEAROW,NORMAL/FLYING
Freshwater,SPECIES_SPHEAL,Spheal,NATIONAL_DEX_SPHEAL,ICE/WATER
Freshwater,SPECIES_SQUAWKABILLY_GREEN,Squawkabilly,NATIONAL_DEX_SQUAWKABILLY,NORMAL/FLYING
Freshwater,SPECIES_SQUIRTLE,Squirtle,NATIONAL_DEX_SQUIRTLE,WATER
Freshwater,SPECIES_STARAPTOR,Staraptor,NATIONAL_DEX_STARAPTOR,NORMAL/FLYING
Freshwater,SPECIES_STARAVIA,Staravia,NATIONAL_DEX_STARAVIA,NORMAL/FLYING
Freshwater,SPECIES_STARLY,Starly,NATIONAL_DEX_STARLY,NORMAL/FLYING
Freshwater,SPECIES_STARMIE,Starmie,NATIONAL_DEX_STARMIE,WATER/PSYCHIC
Freshwater,SPECIES_STARYU,Staryu,NATIONAL_DEX_STARYU,WATER
Freshwater,SPECIES_SURSKIT,Surskit,NATIONAL_DEX_SURSKIT,BUG/WATER
Freshwater,SPECIES_SWABLU,Swablu,NATIONAL_DEX_SWABLU,NORMAL/FLYING
Freshwater,SPECIES_SWAMPERT,Swampert,NATIONAL_DEX_SWAMPERT,WATER/GROUND
Freshwater,SPECIES_SWANNA,Swanna,NATIONAL_DEX_SWANNA,WATER/FLYING
Freshwater,SPECIES_SWELLOW,Swellow,NATIONAL_DEX_SWELLOW,NORMAL/FLYING
Freshwater,SPECIES_SWOOBAT,Swoobat,NATIONAL_DEX_SWOOBAT,PSYCHIC/FLYING
Freshwater,SPECIES_TAILLOW,Taillow,NATIONAL_DEX_TAILLOW,NORMAL/FLYING
Freshwater,SPECIES_TALONFLAME,Talonflame,NATIONAL_DEX_TALONFLAME,FIRE/FLYING
Freshwater,SPECIES_TATSUGIRI_CURLY,Tatsugiri,NATIONAL_DEX_TATSUGIRI,DRAGON/WATER
Freshwater,SPECIES_TENTACOOL,Tentacool,NATIONAL_DEX_TENTACOOL,WATER/POISON
Freshwater,SPECIES_TENTACRUEL,Tentacruel,NATIONAL_DEX_TENTACRUEL,WATER/POISON
Freshwater,SPECIES_THUNDURUS_INCARNATE,Thundurus,NATIONAL_DEX_THUNDURUS,ELECTRIC/FLYING
Freshwater,SPECIES_TIRTOUGA,Tirtouga,NATIONAL_DEX_TIRTOUGA,WATER/ROCK
Freshwater,SPECIES_TOGEKISS,Togekiss,NATIONAL_DEX_TOGEKISS,FLYING
Freshwater,SPECIES_TOGETIC,Togetic,NATIONAL_DEX_TOGETIC,FLYING
Freshwater,SPECIES_TORNADUS_INCARNATE,Tornadus,NATIONAL_DEX_TORNADUS,FLYING
Freshwater,SPECIES_TOTODILE,Totodile,NATIONAL_DEX_TOTODILE,WATER
Freshwater,SPECIES_TOUCANNON,Toucannon,NATIONAL_DEX_TOUCANNON,NORMAL/FLYING
Freshwater,SPECIES_TOXAPEX,Toxapex,NATIONAL_DEX_TOXAPEX,POISON/WATER
Freshwater,SPECIES_TRANQUILL,Tranquill,NATIONAL_DEX_TRANQUILL,NORMAL/FLYING
Freshwater,SPECIES_TROPIUS,Tropius,NATIONAL_DEX_TROPIUS,GRASS/FLYING
Freshwater,SPECIES_TRUMBEAK,Trumbeak,NATIONAL_DEX_TRUMBEAK,NORMAL/FLYING
Freshwater,SPECIES_TYMPOLE,Tympole,NATIONAL_DEX_TYMPOLE,WATER
Freshwater,SPECIES_UNFEZANT,Unfezant,NATIONAL_DEX_UNFEZANT,NORMAL/FLYING
Freshwater,SPECIES_VAPOREON,Vaporeon,NATIONAL_DEX_VAPOREON,WATER
Freshwater,SPECIES_VELUZA,Veluza,NATIONAL_DEX_VELUZA,WATER/PSYCHIC
Freshwater,SPECIES_VESPIQUEN,Vespiquen,NATIONAL_DEX_VESPIQUEN,BUG/FLYING
Freshwater,SPECIES_VIVILLON,Vivillon,NATIONAL_DEX_VIVILLON,BUG/FLYING
Freshwater,SPECIES_VULLABY,Vullaby,NATIONAL_DEX_VULLABY,DARK/FLYING
Freshwater,SPECIES_WAILMER,Wailmer,NATIONAL_DEX_WAILMER,WATER
Freshwater,SPECIES_WAILORD,Wailord,NATIONAL_DEX_WAILORD,WATER
Freshwater,SPECIES_WALREIN,Walrein,NATIONAL_DEX_WALREIN,ICE/WATER
Freshwater,SPECIES_WARTORTLE,Wartortle,NATIONAL_DEX_WARTORTLE,WATER
Freshwater,SPECIES_WATTREL,Wattrel,NATIONAL_DEX_WATTREL,ELECTRIC/FLYING
Freshwater,SPECIES_WHISCASH,Whiscash,NATIONAL_DEX_WHISCASH,WATER/GROUND
Freshwater,SPECIES_WIGLETT,Wiglett,NATIONAL_DEX_WIGLETT,WATER
Freshwater,SPECIES_WIMPOD,Wimpod,NATIONAL_DEX_WIMPOD,BUG/WATER
Freshwater,SPECIES_WINGULL,Wingull,NATIONAL_DEX_WINGULL,WATER/FLYING
Freshwater,SPECIES_WISHIWASHI_SOLO,Wishiwashi,NATIONAL_DEX_WISHIWASHI,WATER
Freshwater,SPECIES_WOOBAT,Woobat,NATIONAL_DEX_WOOBAT,PSYCHIC/FLYING
Freshwater,SPECIES_WOOPER,Wooper,NATIONAL_DEX_WOOPER,WATER/GROUND
Freshwater,SPECIES_WUGTRIO,Wugtrio,NATIONAL_DEX_WUGTRIO,WATER
Freshwater,SPECIES_XATU,Xatu,NATIONAL_DEX_XATU,PSYCHIC/FLYING
Freshwater,SPECIES_YANMA,Yanma,NATIONAL_DEX_YANMA,BUG/FLYING
Freshwater,SPECIES_YANMEGA,Yanmega,NATIONAL_DEX_YANMEGA,BUG/FLYING
Freshwater,SPECIES_ZUBAT,Zubat,NATIONAL_DEX_ZUBAT,POISON/FLYING
Ocean,SPECIES_AERODACTYL,Aerodactyl,NATIONAL_DEX_AERODACTYL,ROCK/FLYING
Ocean,SPECIES_ALOMOMOLA,Alomomola,NATIONAL_DEX_ALOMOMOLA,WATER
Ocean,SPECIES_ALTARIA,Altaria,NATIONAL_DEX_ALTARIA,DRAGON/FLYING
Ocean,SPECIES_APPLETUN,Appletun,NATIONAL_DEX_APPLETUN,GRASS/DRAGON
Ocean,SPECIES_APPLIN,Applin,NATIONAL_DEX_APPLIN,GRASS/DRAGON
Ocean,SPECIES_ARAQUANID,Araquanid,NATIONAL_DEX_ARAQUANID,WATER/BUG
Ocean,SPECIES_ARCHALUDON,Archaludon,NATIONAL_DEX_ARCHALUDON,STEEL/DRAGON
Ocean,SPECIES_ARCHEN,Archen,NATIONAL_DEX_ARCHEN,ROCK/FLYING
Ocean,SPECIES_ARCHEOPS,Archeops,NATIONAL_DEX_ARCHEOPS,ROCK/FLYING
Ocean,SPECIES_ARCTIBAX,Arctibax,NATIONAL_DEX_ARCTIBAX,DRAGON/ICE
Ocean,SPECIES_ARCTOVISH,Arctovish,NATIONAL_DEX_ARCTOVISH,WATER/ICE
Ocean,SPECIES_ARROKUDA,Arrokuda,NATIONAL_DEX_ARROKUDA,WATER
Ocean,SPECIES_AXEW,Axew,NATIONAL_DEX_AXEW,DRAGON
Ocean,SPECIES_AZUMARILL,Azumarill,NATIONAL_DEX_AZUMARILL,WATER/FAIRY
Ocean,SPECIES_BAGON,Bagon,NATIONAL_DEX_BAGON,DRAGON
Ocean,SPECIES_BARBARACLE,Barbaracle,NATIONAL_DEX_BARBARACLE,ROCK/WATER
Ocean,SPECIES_BARBOACH,Barboach,NATIONAL_DEX_BARBOACH,WATER/GROUND
Ocean,SPECIES_BARRASKEWDA,Barraskewda,NATIONAL_DEX_BARRASKEWDA,WATER
Ocean,SPECIES_BASCULEGION_M,Basculegion,NATIONAL_DEX_BASCULEGION,WATER/GHOST
Ocean,SPECIES_BASCULIN_RED_STRIPED,Basculin,NATIONAL_DEX_BASCULIN,WATER
Ocean,SPECIES_BAXCALIBUR,Baxcalibur,NATIONAL_DEX_BAXCALIBUR,DRAGON/ICE
Ocean,SPECIES_BEAUTIFLY,Beautifly,NATIONAL_DEX_BEAUTIFLY,BUG/FLYING
Ocean,SPECIES_BIBAREL,Bibarel,NATIONAL_DEX_BIBAREL,NORMAL/WATER
Ocean,SPECIES_BINACLE,Binacle,NATIONAL_DEX_BINACLE,ROCK/WATER
Ocean,SPECIES_BLASTOISE,Blastoise,NATIONAL_DEX_BLASTOISE,WATER
Ocean,SPECIES_BOMBIRDIER,Bombirdier,NATIONAL_DEX_BOMBIRDIER,FLYING/DARK
Ocean,SPECIES_BRAVIARY,Braviary,NATIONAL_DEX_BRAVIARY,NORMAL/FLYING
Ocean,SPECIES_BRIONNE,Brionne,NATIONAL_DEX_BRIONNE,WATER
Ocean,SPECIES_BRUXISH,Bruxish,NATIONAL_DEX_BRUXISH,WATER/PSYCHIC
Ocean,SPECIES_BUIZEL,Buizel,NATIONAL_DEX_BUIZEL,WATER
Ocean,SPECIES_BUTTERFREE,Butterfree,NATIONAL_DEX_BUTTERFREE,BUG/FLYING
Ocean,SPECIES_CARRACOSTA,Carracosta,NATIONAL_DEX_CARRACOSTA,WATER/ROCK
Ocean,SPECIES_CARVANHA,Carvanha,NATIONAL_DEX_CARVANHA,WATER/DARK
Ocean,SPECIES_CHARIZARD,Charizard,NATIONAL_DEX_CHARIZARD,FIRE/FLYING
Ocean,SPECIES_CHATOT,Chatot,NATIONAL_DEX_CHATOT,NORMAL/FLYING
Ocean,SPECIES_CHEWTLE,Chewtle,NATIONAL_DEX_CHEWTLE,WATER
Ocean,SPECIES_CHINCHOU,Chinchou,NATIONAL_DEX_CHINCHOU,WATER/ELECTRIC
Ocean,SPECIES_CLAMPERL,Clamperl,NATIONAL_DEX_CLAMPERL,WATER
Ocean,SPECIES_CLAUNCHER,Clauncher,NATIONAL_DEX_CLAUNCHER,WATER
Ocean,SPECIES_CLAWITZER,Clawitzer,NATIONAL_DEX_CLAWITZER,WATER
Ocean,SPECIES_CLEFABLE_MEGA,Clefable,NATIONAL_DEX_CLEFABLE,FAIRY/FLYING
Ocean,SPECIES_CLOYSTER,Cloyster,NATIONAL_DEX_CLOYSTER,WATER/ICE
Ocean,SPECIES_COMBEE,Combee,NATIONAL_DEX_COMBEE,BUG/FLYING
Ocean,SPECIES_CORPHISH,Corphish,NATIONAL_DEX_CORPHISH,WATER
Ocean,SPECIES_CORSOLA,Corsola,NATIONAL_DEX_CORSOLA,WATER/ROCK
Ocean,SPECIES_CORVIKNIGHT,Corviknight,NATIONAL_DEX_CORVIKNIGHT,FLYING/STEEL
Ocean,SPECIES_CORVISQUIRE,Corvisquire,NATIONAL_DEX_CORVISQUIRE,FLYING
Ocean,SPECIES_CRAMORANT,Cramorant,NATIONAL_DEX_CRAMORANT,FLYING/WATER
Ocean,SPECIES_CRAWDAUNT,Crawdaunt,NATIONAL_DEX_CRAWDAUNT,WATER/DARK
Ocean,SPECIES_CROBAT,Crobat,NATIONAL_DEX_CROBAT,POISON/FLYING
Ocean,SPECIES_CROCONAW,Croconaw,NATIONAL_DEX_CROCONAW,WATER
Ocean,SPECIES_CYCLIZAR,Cyclizar,NATIONAL_DEX_CYCLIZAR,DRAGON/NORMAL
Ocean,SPECIES_DARTRIX,Dartrix,NATIONAL_DEX_DARTRIX,GRASS/FLYING
Ocean,SPECIES_DEINO,Deino,NATIONAL_DEX_DEINO,DARK/DRAGON
Ocean,SPECIES_DELIBIRD,Delibird,NATIONAL_DEX_DELIBIRD,ICE/FLYING
Ocean,SPECIES_DEWGONG,Dewgong,NATIONAL_DEX_DEWGONG,WATER/ICE
Ocean,SPECIES_DEWOTT,Dewott,NATIONAL_DEX_DEWOTT,WATER
Ocean,SPECIES_DEWPIDER,Dewpider,NATIONAL_DEX_DEWPIDER,WATER/BUG
Ocean,SPECIES_DIPPLIN,Dipplin,NATIONAL_DEX_DIPPLIN,GRASS/DRAGON
Ocean,SPECIES_DODRIO,Dodrio,NATIONAL_DEX_DODRIO,NORMAL/FLYING
Ocean,SPECIES_DODUO,Doduo,NATIONAL_DEX_DODUO,NORMAL/FLYING
Ocean,SPECIES_DONDOZO,Dondozo,NATIONAL_DEX_DONDOZO,WATER
Ocean,SPECIES_DRACOVISH,Dracovish,NATIONAL_DEX_DRACOVISH,WATER/DRAGON
Ocean,SPECIES_DRACOZOLT,Dracozolt,NATIONAL_DEX_DRACOZOLT,ELECTRIC/DRAGON
Ocean,SPECIES_DRAGALGE,Dragalge,NATIONAL_DEX_DRAGALGE,POISON/DRAGON
Ocean,SPECIES_DRAGAPULT,Dragapult,NATIONAL_DEX_DRAGAPULT,DRAGON/GHOST
Ocean,SPECIES_DRAGONAIR,Dragonair,NATIONAL_DEX_DRAGONAIR,DRAGON
Ocean,SPECIES_DRAGONITE,Dragonite,NATIONAL_DEX_DRAGONITE,DRAGON/FLYING
Ocean,SPECIES_DRAKLOAK,Drakloak,NATIONAL_DEX_DRAKLOAK,DRAGON/GHOST
Ocean,SPECIES_DRAMPA,Drampa,NATIONAL_DEX_DRAMPA,NORMAL/DRAGON
Ocean,SPECIES_DRATINI,Dratini,NATIONAL_DEX_DRATINI,DRAGON
Ocean,SPECIES_DREDNAW,Drednaw,NATIONAL_DEX_DREDNAW,WATER/ROCK
Ocean,SPECIES_DREEPY,Dreepy,NATIONAL_DEX_DREEPY,DRAGON/GHOST
Ocean,SPECIES_DRIFBLIM,Drifblim,NATIONAL_DEX_DRIFBLIM,GHOST/FLYING
Ocean,SPECIES_DRIFLOON,Drifloon,NATIONAL_DEX_DRIFLOON,GHOST/FLYING
Ocean,SPECIES_DRIZZILE,Drizzile,NATIONAL_DEX_DRIZZILE,WATER
Ocean,SPECIES_DRUDDIGON,Druddigon,NATIONAL_DEX_DRUDDIGON,DRAGON
Ocean,SPECIES_DUCKLETT,Ducklett,NATIONAL_DEX_DUCKLETT,WATER/FLYING
Ocean,SPECIES_DURALUDON,Duraludon,NATIONAL_DEX_DURALUDON,STEEL/DRAGON
Ocean,SPECIES_EMOLGA,Emolga,NATIONAL_DEX_EMOLGA,ELECTRIC/FLYING
Ocean,SPECIES_EMPOLEON,Empoleon,NATIONAL_DEX_EMPOLEON,WATER/STEEL
Ocean,SPECIES_ENAMORUS_INCARNATE,Enamorus,NATIONAL_DEX_ENAMORUS,FAIRY/FLYING
Ocean,SPECIES_FARFETCHD,Farfetch'd,NATIONAL_DEX_FARFETCHD,NORMAL/FLYING
Ocean,SPECIES_FEAROW,Fearow,NATIONAL_DEX_FEAROW,NORMAL/FLYING
Ocean,SPECIES_FEEBAS,Feebas,NATIONAL_DEX_FEEBAS,WATER
Ocean,SPECIES_FERALIGATR,Feraligatr,NATIONAL_DEX_FERALIGATR,WATER
Ocean,SPECIES_FINIZEN,Finizen,NATIONAL_DEX_FINIZEN,WATER
Ocean,SPECIES_FINNEON,Finneon,NATIONAL_DEX_FINNEON,WATER
Ocean,SPECIES_FLAMIGO,Flamigo,NATIONAL_DEX_FLAMIGO,FLYING/FIGHTING
Ocean,SPECIES_FLAPPLE,Flapple,NATIONAL_DEX_FLAPPLE,GRASS/DRAGON
Ocean,SPECIES_FLETCHINDER,Fletchinder,NATIONAL_DEX_FLETCHINDER,FIRE/FLYING
Ocean,SPECIES_FLETCHLING,Fletchling,NATIONAL_DEX_FLETCHLING,NORMAL/FLYING
Ocean,SPECIES_FLOATZEL,Floatzel,NATIONAL_DEX_FLOATZEL,WATER
Ocean,SPECIES_FLYGON,Flygon,NATIONAL_DEX_FLYGON,GROUND/DRAGON
Ocean,SPECIES_FRAXURE,Fraxure,NATIONAL_DEX_FRAXURE,DRAGON
Ocean,SPECIES_FRIGIBAX,Frigibax,NATIONAL_DEX_FRIGIBAX,DRAGON/ICE
Ocean,SPECIES_FRILLISH,Frillish,NATIONAL_DEX_FRILLISH,WATER/GHOST
Ocean,SPECIES_FROAKIE,Froakie,NATIONAL_DEX_FROAKIE,WATER
Ocean,SPECIES_FROGADIER,Frogadier,NATIONAL_DEX_FROGADIER,WATER
Ocean,SPECIES_GABITE,Gabite,NATIONAL_DEX_GABITE,DRAGON/GROUND
Ocean,SPECIES_GARCHOMP,Garchomp,NATIONAL_DEX_GARCHOMP,DRAGON/GROUND
Ocean,SPECIES_GASTRODON_WEST,Gastrodon,NATIONAL_DEX_GASTRODON,WATER/GROUND
Ocean,SPECIES_GIBLE,Gible,NATIONAL_DEX_GIBLE,DRAGON/GROUND
Ocean,SPECIES_GIRATINA_ALTERED,Giratina,NATIONAL_DEX_GIRATINA,GHOST/DRAGON
Ocean,SPECIES_GLIGAR,Gligar,NATIONAL_DEX_GLIGAR,GROUND/FLYING
Ocean,SPECIES_GLISCOR,Gliscor,NATIONAL_DEX_GLISCOR,GROUND/FLYING
Ocean,SPECIES_GOLBAT,Golbat,NATIONAL_DEX_GOLBAT,POISON/FLYING
Ocean,SPECIES_GOLDEEN,Goldeen,NATIONAL_DEX_GOLDEEN,WATER
Ocean,SPECIES_GOLDUCK,Golduck,NATIONAL_DEX_GOLDUCK,WATER
Ocean,SPECIES_GOLISOPOD,Golisopod,NATIONAL_DEX_GOLISOPOD,BUG/WATER
Ocean,SPECIES_GOODRA,Goodra,NATIONAL_DEX_GOODRA,DRAGON
Ocean,SPECIES_GOOMY,Goomy,NATIONAL_DEX_GOOMY,DRAGON
Ocean,SPECIES_GOREBYSS,Gorebyss,NATIONAL_DEX_GOREBYSS,WATER
Ocean,SPECIES_GRENINJA,Greninja,NATIONAL_DEX_GRENINJA,WATER/DARK
Ocean,SPECIES_GYARADOS,Gyarados,NATIONAL_DEX_GYARADOS,WATER/FLYING
Ocean,SPECIES_HAKAMO_O,Hakamo-o,NATIONAL_DEX_HAKAMO_O,DRAGON/FIGHTING
Ocean,SPECIES_HAWLUCHA,Hawlucha,NATIONAL_DEX_HAWLUCHA,FIGHTING/FLYING
Ocean,SPECIES_HAXORUS,Haxorus,NATIONAL_DEX_HAXORUS,DRAGON
Ocean,SPECIES_HONCHKROW,Honchkrow,NATIONAL_DEX_HONCHKROW,DARK/FLYING
Ocean,SPECIES_HOOTHOOT,Hoothoot,NATIONAL_DEX_HOOTHOOT,NORMAL/FLYING
Ocean,SPECIES_HOPPIP,Hoppip,NATIONAL_DEX_HOPPIP,GRASS/FLYING
Ocean,SPECIES_HORSEA,Horsea,NATIONAL_DEX_HORSEA,WATER
Ocean,SPECIES_HUNTAIL,Huntail,NATIONAL_DEX_HUNTAIL,WATER
Ocean,SPECIES_HYDRAPPLE,Hydrapple,NATIONAL_DEX_HYDRAPPLE,GRASS/DRAGON
Ocean,SPECIES_HYDREIGON,Hydreigon,NATIONAL_DEX_HYDREIGON,DARK/DRAGON
Ocean,SPECIES_INTELEON,Inteleon,NATIONAL_DEX_INTELEON,WATER
Ocean,SPECIES_JANGMO_O,Jangmo-o,NATIONAL_DEX_JANGMO_O,DRAGON
Ocean,SPECIES_JELLICENT,Jellicent,NATIONAL_DEX_JELLICENT,WATER/GHOST
Ocean,SPECIES_JUMPLUFF,Jumpluff,NATIONAL_DEX_JUMPLUFF,GRASS/FLYING
Ocean,SPECIES_KABUTO,Kabuto,NATIONAL_DEX_KABUTO,ROCK/WATER
Ocean,SPECIES_KABUTOPS,Kabutops,NATIONAL_DEX_KABUTOPS,ROCK/WATER
Ocean,SPECIES_KILOWATTREL,Kilowattrel,NATIONAL_DEX_KILOWATTREL,ELECTRIC/FLYING
Ocean,SPECIES_KINGDRA,Kingdra,NATIONAL_DEX_KINGDRA,WATER/DRAGON
Ocean,SPECIES_KINGLER,Kingler,NATIONAL_DEX_KINGLER,WATER
Ocean,SPECIES_KOMMO_O,Kommo-o,NATIONAL_DEX_KOMMO_O,DRAGON/FIGHTING
Ocean,SPECIES_KRABBY,Krabby,NATIONAL_DEX_KRABBY,WATER
Ocean,SPECIES_LANDORUS_INCARNATE,Landorus,NATIONAL_DEX_LANDORUS,GROUND/FLYING
Ocean,SPECIES_LANTURN,Lanturn,NATIONAL_DEX_LANTURN,WATER/ELECTRIC
Ocean,SPECIES_LAPRAS,Lapras,NATIONAL_DEX_LAPRAS,WATER/ICE
Ocean,SPECIES_LEDIAN,Ledian,NATIONAL_DEX_LEDIAN,BUG/FLYING
Ocean,SPECIES_LEDYBA,Ledyba,NATIONAL_DEX_LEDYBA,BUG/FLYING
Ocean,SPECIES_LOMBRE,Lombre,NATIONAL_DEX_LOMBRE,WATER/GRASS
Ocean,SPECIES_LOTAD,Lotad,NATIONAL_DEX_LOTAD,WATER/GRASS
Ocean,SPECIES_LUDICOLO,Ludicolo,NATIONAL_DEX_LUDICOLO,WATER/GRASS
Ocean,SPECIES_LUMINEON,Lumineon,NATIONAL_DEX_LUMINEON,WATER
Ocean,SPECIES_LUVDISC,Luvdisc,NATIONAL_DEX_LUVDISC,WATER
Ocean,SPECIES_MAGIKARP,Magikarp,NATIONAL_DEX_MAGIKARP,WATER
Ocean,SPECIES_MANDIBUZZ,Mandibuzz,NATIONAL_DEX_MANDIBUZZ,DARK/FLYING
Ocean,SPECIES_MANTINE,Mantine,NATIONAL_DEX_MANTINE,WATER/FLYING
Ocean,SPECIES_MANTYKE,Mantyke,NATIONAL_DEX_MANTYKE,WATER/FLYING
Ocean,SPECIES_MAREANIE,Mareanie,NATIONAL_DEX_MAREANIE,POISON/WATER
Ocean,SPECIES_MARILL,Marill,NATIONAL_DEX_MARILL,WATER/FAIRY
Ocean,SPECIES_MARSHTOMP,Marshtomp,NATIONAL_DEX_MARSHTOMP,WATER/GROUND
Ocean,SPECIES_MASQUERAIN,Masquerain,NATIONAL_DEX_MASQUERAIN,BUG/FLYING
Ocean,SPECIES_MILOTIC,Milotic,NATIONAL_DEX_MILOTIC,WATER
Ocean,SPECIES_MINIOR,Minior,NATIONAL_DEX_MINIOR,ROCK/FLYING
Ocean,SPECIES_MOTHIM,Mothim,NATIONAL_DEX_MOTHIM,BUG/FLYING
Ocean,SPECIES_MUDKIP,Mudkip,NATIONAL_DEX_MUDKIP,WATER
Ocean,SPECIES_MURKROW,Murkrow,NATIONAL_DEX_MURKROW,DARK/FLYING
Ocean,SPECIES_NATU,Natu,NATIONAL_DEX_NATU,PSYCHIC/FLYING
Ocean,SPECIES_NINJASK,Ninjask,NATIONAL_DEX_NINJASK,BUG/FLYING
Ocean,SPECIES_NOCTOWL,Noctowl,NATIONAL_DEX_NOCTOWL,NORMAL/FLYING
Ocean,SPECIES_NOIBAT,Noibat,NATIONAL_DEX_NOIBAT,FLYING/DRAGON
Ocean,SPECIES_NOIVERN,Noivern,NATIONAL_DEX_NOIVERN,FLYING/DRAGON
Ocean,SPECIES_OCTILLERY,Octillery,NATIONAL_DEX_OCTILLERY,WATER
Ocean,SPECIES_OMANYTE,Omanyte,NATIONAL_DEX_OMANYTE,ROCK/WATER
Ocean,SPECIES_OMASTAR,Omastar,NATIONAL_DEX_OMASTAR,ROCK/WATER
Ocean,SPECIES_ORICORIO_BAILE,Oricorio,NATIONAL_DEX_ORICORIO,FIRE/FLYING
Ocean,SPECIES_OSHAWOTT,Oshawott,NATIONAL_DEX_OSHAWOTT,WATER
Ocean,SPECIES_PALAFIN_ZERO,Palafin,NATIONAL_DEX_PALAFIN,WATER
Ocean,SPECIES_PALPITOAD,Palpitoad,NATIONAL_DEX_PALPITOAD,WATER/GROUND
Ocean,SPECIES_PANPOUR,Panpour,NATIONAL_DEX_PANPOUR,WATER
Ocean,SPECIES_PELIPPER,Pelipper,NATIONAL_DEX_PELIPPER,WATER/FLYING
Ocean,SPECIES_PIDGEOT,Pidgeot,NATIONAL_DEX_PIDGEOT,NORMAL/FLYING
Ocean,SPECIES_PIDGEOTTO,Pidgeotto,NATIONAL_DEX_PIDGEOTTO,NORMAL/FLYING
Ocean,SPECIES_PIDGEY,Pidgey,NATIONAL_DEX_PIDGEY,NORMAL/FLYING
Ocean,SPECIES_PIDOVE,Pidove,NATIONAL_DEX_PIDOVE,NORMAL/FLYING
Ocean,SPECIES_PIKIPEK,Pikipek,NATIONAL_DEX_PIKIPEK,NORMAL/FLYING
Ocean,SPECIES_PIPLUP,Piplup,NATIONAL_DEX_PIPLUP,WATER
Ocean,SPECIES_POLITOED,Politoed,NATIONAL_DEX_POLITOED,WATER
Ocean,SPECIES_POLIWAG,Poliwag,NATIONAL_DEX_POLIWAG,WATER
Ocean,SPECIES_POLIWHIRL,Poliwhirl,NATIONAL_DEX_POLIWHIRL,WATER
Ocean,SPECIES_POLIWRATH,Poliwrath,NATIONAL_DEX_POLIWRATH,WATER/FIGHTING
Ocean,SPECIES_POPPLIO,Popplio,NATIONAL_DEX_POPPLIO,WATER
Ocean,SPECIES_PRIMARINA,Primarina,NATIONAL_DEX_PRIMARINA,WATER/FAIRY
Ocean,SPECIES_PRINPLUP,Prinplup,NATIONAL_DEX_PRINPLUP,WATER
Ocean,SPECIES_PSYDUCK,Psyduck,NATIONAL_DEX_PSYDUCK,WATER
Ocean,SPECIES_PYUKUMUKU,Pyukumuku,NATIONAL_DEX_PYUKUMUKU,WATER
Ocean,SPECIES_QUAGSIRE,Quagsire,NATIONAL_DEX_QUAGSIRE,WATER/GROUND
Ocean,SPECIES_QUAQUAVAL,Quaquaval,NATIONAL_DEX_QUAQUAVAL,WATER/FIGHTING
Ocean,SPECIES_QUAXLY,Quaxly,NATIONAL_DEX_QUAXLY,WATER
Ocean,SPECIES_QUAXWELL,Quaxwell,NATIONAL_DEX_QUAXWELL,WATER
Ocean,SPECIES_QWILFISH,Qwilfish,NATIONAL_DEX_QWILFISH,WATER/POISON
Ocean,SPECIES_RELICANTH,Relicanth,NATIONAL_DEX_RELICANTH,WATER/ROCK
Ocean,SPECIES_REMORAID,Remoraid,NATIONAL_DEX_REMORAID,WATER
Ocean,SPECIES_ROOKIDEE,Rookidee,NATIONAL_DEX_ROOKIDEE,FLYING
Ocean,SPECIES_ROWLET,Rowlet,NATIONAL_DEX_ROWLET,GRASS/FLYING
Ocean,SPECIES_RUFFLET,Rufflet,NATIONAL_DEX_RUFFLET,NORMAL/FLYING
Ocean,SPECIES_SALAMENCE,Salamence,NATIONAL_DEX_SALAMENCE,DRAGON/FLYING
Ocean,SPECIES_SAMUROTT,Samurott,NATIONAL_DEX_SAMUROTT,WATER
Ocean,SPECIES_SCYTHER,Scyther,NATIONAL_DEX_SCYTHER,BUG/FLYING
Ocean,SPECIES_SEADRA,Seadra,NATIONAL_DEX_SEADRA,WATER
Ocean,SPECIES_SEAKING,Seaking,NATIONAL_DEX_SEAKING,WATER
Ocean,SPECIES_SEALEO,Sealeo,NATIONAL_DEX_SEALEO,ICE/WATER
Ocean,SPECIES_SEEL,Seel,NATIONAL_DEX_SEEL,WATER
Ocean,SPECIES_SEISMITOAD,Seismitoad,NATIONAL_DEX_SEISMITOAD,WATER/GROUND
Ocean,SPECIES_SHARPEDO,Sharpedo,NATIONAL_DEX_SHARPEDO,WATER/DARK
Ocean,SPECIES_SHELGON,Shelgon,NATIONAL_DEX_SHELGON,DRAGON
Ocean,SPECIES_SHELLDER,Shellder,NATIONAL_DEX_SHELLDER,WATER
Ocean,SPECIES_SHELLOS_WEST,Shellos,NATIONAL_DEX_SHELLOS,WATER
Ocean,SPECIES_SIGILYPH,Sigilyph,NATIONAL_DEX_SIGILYPH,PSYCHIC/FLYING
Ocean,SPECIES_SIMIPOUR,Simipour,NATIONAL_DEX_SIMIPOUR,WATER
Ocean,SPECIES_SKARMORY,Skarmory,NATIONAL_DEX_SKARMORY,STEEL/FLYING
Ocean,SPECIES_SKIPLOOM,Skiploom,NATIONAL_DEX_SKIPLOOM,GRASS/FLYING
Ocean,SPECIES_SKRELP,Skrelp,NATIONAL_DEX_SKRELP,POISON/WATER
Ocean,SPECIES_SLIGGOO,Sliggoo,NATIONAL_DEX_SLIGGOO,DRAGON
Ocean,SPECIES_SLOWBRO,Slowbro,NATIONAL_DEX_SLOWBRO,WATER/PSYCHIC
Ocean,SPECIES_SLOWKING,Slowking,NATIONAL_DEX_SLOWKING,WATER/PSYCHIC
Ocean,SPECIES_SLOWPOKE,Slowpoke,NATIONAL_DEX_SLOWPOKE,WATER/PSYCHIC
Ocean,SPECIES_SOBBLE,Sobble,NATIONAL_DEX_SOBBLE,WATER
Ocean,SPECIES_SPEAROW,Spearow,NATIONAL_DEX_SPEAROW,NORMAL/FLYING
Ocean,SPECIES_SPHEAL,Spheal,NATIONAL_DEX_SPHEAL,ICE/WATER
Ocean,SPECIES_SQUAWKABILLY_GREEN,Squawkabilly,NATIONAL_DEX_SQUAWKABILLY,NORMAL/FLYING
Ocean,SPECIES_SQUIRTLE,Squirtle,NATIONAL_DEX_SQUIRTLE,WATER
Ocean,SPECIES_STARAPTOR,Staraptor,NATIONAL_DEX_STARAPTOR,NORMAL/FLYING
Ocean,SPECIES_STARAVIA,Staravia,NATIONAL_DEX_STARAVIA,NORMAL/FLYING
Ocean,SPECIES_STARLY,Starly,NATIONAL_DEX_STARLY,NORMAL/FLYING
Ocean,SPECIES_STARMIE,Starmie,NATIONAL_DEX_STARMIE,WATER/PSYCHIC
Ocean,SPECIES_STARYU,Staryu,NATIONAL_DEX_STARYU,WATER
Ocean,SPECIES_SURSKIT,Surskit,NATIONAL_DEX_SURSKIT,BUG/WATER
Ocean,SPECIES_SWABLU,Swablu,NATIONAL_DEX_SWABLU,NORMAL/FLYING
Ocean,SPECIES_SWAMPERT,Swampert,NATIONAL_DEX_SWAMPERT,WATER/GROUND
Ocean,SPECIES_SWANNA,Swanna,NATIONAL_DEX_SWANNA,WATER/FLYING
Ocean,SPECIES_SWELLOW,Swellow,NATIONAL_DEX_SWELLOW,NORMAL/FLYING
Ocean,SPECIES_SWOOBAT,Swoobat,NATIONAL_DEX_SWOOBAT,PSYCHIC/FLYING
Ocean,SPECIES_TAILLOW,Taillow,NATIONAL_DEX_TAILLOW,NORMAL/FLYING
Ocean,SPECIES_TALONFLAME,Talonflame,NATIONAL_DEX_TALONFLAME,FIRE/FLYING
Ocean,SPECIES_TATSUGIRI_CURLY,Tatsugiri,NATIONAL_DEX_TATSUGIRI,DRAGON/WATER
Ocean,SPECIES_TENTACOOL,Tentacool,NATIONAL_DEX_TENTACOOL,WATER/POISON
Ocean,SPECIES_TENTACRUEL,Tentacruel,NATIONAL_DEX_TENTACRUEL,WATER/POISON
Ocean,SPECIES_THUNDURUS_INCARNATE,Thundurus,NATIONAL_DEX_THUNDURUS,ELECTRIC/FLYING
Ocean,SPECIES_TIRTOUGA,Tirtouga,NATIONAL_DEX_TIRTOUGA,WATER/ROCK
Ocean,SPECIES_TOGEKISS,Togekiss,NATIONAL_DEX_TOGEKISS,FLYING
Ocean,SPECIES_TOGETIC,Togetic,NATIONAL_DEX_TOGETIC,FLYING
Ocean,SPECIES_TORNADUS_INCARNATE,Tornadus,NATIONAL_DEX_TORNADUS,FLYING
Ocean,SPECIES_TOTODILE,Totodile,NATIONAL_DEX_TOTODILE,WATER
Ocean,SPECIES_TOUCANNON,Toucannon,NATIONAL_DEX_TOUCANNON,NORMAL/FLYING
Ocean,SPECIES_TOXAPEX,Toxapex,NATIONAL_DEX_TOXAPEX,POISON/WATER
Ocean,SPECIES_TRANQUILL,Tranquill,NATIONAL_DEX_TRANQUILL,NORMAL/FLYING
Ocean,SPECIES_TROPIUS,Tropius,NATIONAL_DEX_TROPIUS,GRASS/FLYING
Ocean,SPECIES_TRUMBEAK,Trumbeak,NATIONAL_DEX_TRUMBEAK,NORMAL/FLYING
Ocean,SPECIES_TURTONATOR,Turtonator,NATIONAL_DEX_TURTONATOR,FIRE/DRAGON
Ocean,SPECIES_TYMPOLE,Tympole,NATIONAL_DEX_TYMPOLE,WATER
Ocean,SPECIES_TYRANTRUM,Tyrantrum,NATIONAL_DEX_TYRANTRUM,ROCK/DRAGON
Ocean,SPECIES_TYRUNT,Tyrunt,NATIONAL_DEX_TYRUNT,ROCK/DRAGON
Ocean,SPECIES_UNFEZANT,Unfezant,NATIONAL_DEX_UNFEZANT,NORMAL/FLYING
Ocean,SPECIES_VAPOREON,Vaporeon,NATIONAL_DEX_VAPOREON,WATER
Ocean,SPECIES_VELUZA,Veluza,NATIONAL_DEX_VELUZA,WATER/PSYCHIC
Ocean,SPECIES_VESPIQUEN,Vespiquen,NATIONAL_DEX_VESPIQUEN,BUG/FLYING
Ocean,SPECIES_VIBRAVA,Vibrava,NATIONAL_DEX_VIBRAVA,GROUND/DRAGON
Ocean,SPECIES_VIVILLON,Vivillon,NATIONAL_DEX_VIVILLON,BUG/FLYING
Ocean,SPECIES_VULLABY,Vullaby,NATIONAL_DEX_VULLABY,DARK/FLYING
Ocean,SPECIES_WAILMER,Wailmer,NATIONAL_DEX_WAILMER,WATER
Ocean,SPECIES_WAILORD,Wailord,NATIONAL_DEX_WAILORD,WATER
Ocean,SPECIES_WALREIN,Walrein,NATIONAL_DEX_WALREIN,ICE/WATER
Ocean,SPECIES_WARTORTLE,Wartortle,NATIONAL_DEX_WARTORTLE,WATER
Ocean,SPECIES_WATTREL,Wattrel,NATIONAL_DEX_WATTREL,ELECTRIC/FLYING
Ocean,SPECIES_WHISCASH,Whiscash,NATIONAL_DEX_WHISCASH,WATER/GROUND
Ocean,SPECIES_WIGLETT,Wiglett,NATIONAL_DEX_WIGLETT,WATER
Ocean,SPECIES_WIMPOD,Wimpod,NATIONAL_DEX_WIMPOD,BUG/WATER
Ocean,SPECIES_WINGULL,Wingull,NATIONAL_DEX_WINGULL,WATER/FLYING
Ocean,SPECIES_WISHIWASHI_SOLO,Wishiwashi,NATIONAL_DEX_WISHIWASHI,WATER
Ocean,SPECIES_WOOBAT,Woobat,NATIONAL_DEX_WOOBAT,PSYCHIC/FLYING
Ocean,SPECIES_WOOPER,Wooper,NATIONAL_DEX_WOOPER,WATER/GROUND
Ocean,SPECIES_WUGTRIO,Wugtrio,NATIONAL_DEX_WUGTRIO,WATER
Ocean,SPECIES_XATU,Xatu,NATIONAL_DEX_XATU,PSYCHIC/FLYING
Ocean,SPECIES_YANMA,Yanma,NATIONAL_DEX_YANMA,BUG/FLYING
Ocean,SPECIES_YANMEGA,Yanmega,NATIONAL_DEX_YANMEGA,BUG/FLYING
Ocean,SPECIES_ZUBAT,Zubat,NATIONAL_DEX_ZUBAT,POISON/FLYING
Ocean,SPECIES_ZWEILOUS,Zweilous,NATIONAL_DEX_ZWEILOUS,DARK/DRAGON
Ocean,SPECIES_ZYGARDE_50,Zygarde,NATIONAL_DEX_ZYGARDE,DRAGON/GROUND
Beach and Coast,SPECIES_AERODACTYL,Aerodactyl,NATIONAL_DEX_AERODACTYL,ROCK/FLYING
Beach and Coast,SPECIES_AGGRON,Aggron,NATIONAL_DEX_AGGRON,STEEL/ROCK
Beach and Coast,SPECIES_ALOMOMOLA,Alomomola,NATIONAL_DEX_ALOMOMOLA,WATER
Beach and Coast,SPECIES_ALTARIA,Altaria,NATIONAL_DEX_ALTARIA,DRAGON/FLYING
Beach and Coast,SPECIES_AMAURA,Amaura,NATIONAL_DEX_AMAURA,ROCK/ICE
Beach and Coast,SPECIES_ANORITH,Anorith,NATIONAL_DEX_ANORITH,ROCK/BUG
Beach and Coast,SPECIES_ARAQUANID,Araquanid,NATIONAL_DEX_ARAQUANID,WATER/BUG
Beach and Coast,SPECIES_ARCHEN,Archen,NATIONAL_DEX_ARCHEN,ROCK/FLYING
Beach and Coast,SPECIES_ARCHEOPS,Archeops,NATIONAL_DEX_ARCHEOPS,ROCK/FLYING
Beach and Coast,SPECIES_ARCTOVISH,Arctovish,NATIONAL_DEX_ARCTOVISH,WATER/ICE
Beach and Coast,SPECIES_ARMALDO,Armaldo,NATIONAL_DEX_ARMALDO,ROCK/BUG
Beach and Coast,SPECIES_ARON,Aron,NATIONAL_DEX_ARON,STEEL/ROCK
Beach and Coast,SPECIES_ARROKUDA,Arrokuda,NATIONAL_DEX_ARROKUDA,WATER
Beach and Coast,SPECIES_AURORUS,Aurorus,NATIONAL_DEX_AURORUS,ROCK/ICE
Beach and Coast,SPECIES_AZUMARILL,Azumarill,NATIONAL_DEX_AZUMARILL,WATER/FAIRY
Beach and Coast,SPECIES_BARBARACLE,Barbaracle,NATIONAL_DEX_BARBARACLE,ROCK/WATER
Beach and Coast,SPECIES_BARBOACH,Barboach,NATIONAL_DEX_BARBOACH,WATER/GROUND
Beach and Coast,SPECIES_BARRASKEWDA,Barraskewda,NATIONAL_DEX_BARRASKEWDA,WATER
Beach and Coast,SPECIES_BASCULEGION_M,Basculegion,NATIONAL_DEX_BASCULEGION,WATER/GHOST
Beach and Coast,SPECIES_BASCULIN_RED_STRIPED,Basculin,NATIONAL_DEX_BASCULIN,WATER
Beach and Coast,SPECIES_BASTIODON,Bastiodon,NATIONAL_DEX_BASTIODON,ROCK/STEEL
Beach and Coast,SPECIES_BEAUTIFLY,Beautifly,NATIONAL_DEX_BEAUTIFLY,BUG/FLYING
Beach and Coast,SPECIES_BIBAREL,Bibarel,NATIONAL_DEX_BIBAREL,NORMAL/WATER
Beach and Coast,SPECIES_BINACLE,Binacle,NATIONAL_DEX_BINACLE,ROCK/WATER
Beach and Coast,SPECIES_BLASTOISE,Blastoise,NATIONAL_DEX_BLASTOISE,WATER
Beach and Coast,SPECIES_BOLDORE,Boldore,NATIONAL_DEX_BOLDORE,ROCK
Beach and Coast,SPECIES_BOMBIRDIER,Bombirdier,NATIONAL_DEX_BOMBIRDIER,FLYING/DARK
Beach and Coast,SPECIES_BONSLY,Bonsly,NATIONAL_DEX_BONSLY,ROCK
Beach and Coast,SPECIES_BRAVIARY,Braviary,NATIONAL_DEX_BRAVIARY,NORMAL/FLYING
Beach and Coast,SPECIES_BRIONNE,Brionne,NATIONAL_DEX_BRIONNE,WATER
Beach and Coast,SPECIES_BRUXISH,Bruxish,NATIONAL_DEX_BRUXISH,WATER/PSYCHIC
Beach and Coast,SPECIES_BUIZEL,Buizel,NATIONAL_DEX_BUIZEL,WATER
Beach and Coast,SPECIES_BUTTERFREE,Butterfree,NATIONAL_DEX_BUTTERFREE,BUG/FLYING
Beach and Coast,SPECIES_CARBINK,Carbink,NATIONAL_DEX_CARBINK,ROCK/FAIRY
Beach and Coast,SPECIES_CARKOL,Carkol,NATIONAL_DEX_CARKOL,ROCK/FIRE
Beach and Coast,SPECIES_CARRACOSTA,Carracosta,NATIONAL_DEX_CARRACOSTA,WATER/ROCK
Beach and Coast,SPECIES_CARVANHA,Carvanha,NATIONAL_DEX_CARVANHA,WATER/DARK
Beach and Coast,SPECIES_CHARIZARD,Charizard,NATIONAL_DEX_CHARIZARD,FIRE/FLYING
Beach and Coast,SPECIES_CHATOT,Chatot,NATIONAL_DEX_CHATOT,NORMAL/FLYING
Beach and Coast,SPECIES_CHEWTLE,Chewtle,NATIONAL_DEX_CHEWTLE,WATER
Beach and Coast,SPECIES_CHINCHOU,Chinchou,NATIONAL_DEX_CHINCHOU,WATER/ELECTRIC
Beach and Coast,SPECIES_CLAMPERL,Clamperl,NATIONAL_DEX_CLAMPERL,WATER
Beach and Coast,SPECIES_CLAUNCHER,Clauncher,NATIONAL_DEX_CLAUNCHER,WATER
Beach and Coast,SPECIES_CLAWITZER,Clawitzer,NATIONAL_DEX_CLAWITZER,WATER
Beach and Coast,SPECIES_CLEFABLE_MEGA,Clefable,NATIONAL_DEX_CLEFABLE,FAIRY/FLYING
Beach and Coast,SPECIES_CLOYSTER,Cloyster,NATIONAL_DEX_CLOYSTER,WATER/ICE
Beach and Coast,SPECIES_COALOSSAL,Coalossal,NATIONAL_DEX_COALOSSAL,ROCK/FIRE
Beach and Coast,SPECIES_COMBEE,Combee,NATIONAL_DEX_COMBEE,BUG/FLYING
Beach and Coast,SPECIES_CORPHISH,Corphish,NATIONAL_DEX_CORPHISH,WATER
Beach and Coast,SPECIES_CORSOLA,Corsola,NATIONAL_DEX_CORSOLA,WATER/ROCK
Beach and Coast,SPECIES_CORVIKNIGHT,Corviknight,NATIONAL_DEX_CORVIKNIGHT,FLYING/STEEL
Beach and Coast,SPECIES_CORVISQUIRE,Corvisquire,NATIONAL_DEX_CORVISQUIRE,FLYING
Beach and Coast,SPECIES_CRADILY,Cradily,NATIONAL_DEX_CRADILY,ROCK/GRASS
Beach and Coast,SPECIES_CRAMORANT,Cramorant,NATIONAL_DEX_CRAMORANT,FLYING/WATER
Beach and Coast,SPECIES_CRANIDOS,Cranidos,NATIONAL_DEX_CRANIDOS,ROCK
Beach and Coast,SPECIES_CRAWDAUNT,Crawdaunt,NATIONAL_DEX_CRAWDAUNT,WATER/DARK
Beach and Coast,SPECIES_CROBAT,Crobat,NATIONAL_DEX_CROBAT,POISON/FLYING
Beach and Coast,SPECIES_CROCONAW,Croconaw,NATIONAL_DEX_CROCONAW,WATER
Beach and Coast,SPECIES_CRUSTLE,Crustle,NATIONAL_DEX_CRUSTLE,BUG/ROCK
Beach and Coast,SPECIES_DARTRIX,Dartrix,NATIONAL_DEX_DARTRIX,GRASS/FLYING
Beach and Coast,SPECIES_DELIBIRD,Delibird,NATIONAL_DEX_DELIBIRD,ICE/FLYING
Beach and Coast,SPECIES_DEWGONG,Dewgong,NATIONAL_DEX_DEWGONG,WATER/ICE
Beach and Coast,SPECIES_DEWOTT,Dewott,NATIONAL_DEX_DEWOTT,WATER
Beach and Coast,SPECIES_DEWPIDER,Dewpider,NATIONAL_DEX_DEWPIDER,WATER/BUG
Beach and Coast,SPECIES_DODRIO,Dodrio,NATIONAL_DEX_DODRIO,NORMAL/FLYING
Beach and Coast,SPECIES_DODUO,Doduo,NATIONAL_DEX_DODUO,NORMAL/FLYING
Beach and Coast,SPECIES_DONDOZO,Dondozo,NATIONAL_DEX_DONDOZO,WATER
Beach and Coast,SPECIES_DRACOVISH,Dracovish,NATIONAL_DEX_DRACOVISH,WATER/DRAGON
Beach and Coast,SPECIES_DRAGONITE,Dragonite,NATIONAL_DEX_DRAGONITE,DRAGON/FLYING
Beach and Coast,SPECIES_DREDNAW,Drednaw,NATIONAL_DEX_DREDNAW,WATER/ROCK
Beach and Coast,SPECIES_DRIFBLIM,Drifblim,NATIONAL_DEX_DRIFBLIM,GHOST/FLYING
Beach and Coast,SPECIES_DRIFLOON,Drifloon,NATIONAL_DEX_DRIFLOON,GHOST/FLYING
Beach and Coast,SPECIES_DRIZZILE,Drizzile,NATIONAL_DEX_DRIZZILE,WATER
Beach and Coast,SPECIES_DUCKLETT,Ducklett,NATIONAL_DEX_DUCKLETT,WATER/FLYING
Beach and Coast,SPECIES_DWEBBLE,Dwebble,NATIONAL_DEX_DWEBBLE,BUG/ROCK
Beach and Coast,SPECIES_EMOLGA,Emolga,NATIONAL_DEX_EMOLGA,ELECTRIC/FLYING
Beach and Coast,SPECIES_EMPOLEON,Empoleon,NATIONAL_DEX_EMPOLEON,WATER/STEEL
Beach and Coast,SPECIES_ENAMORUS_INCARNATE,Enamorus,NATIONAL_DEX_ENAMORUS,FAIRY/FLYING
Beach and Coast,SPECIES_FARFETCHD,Farfetch'd,NATIONAL_DEX_FARFETCHD,NORMAL/FLYING
Beach and Coast,SPECIES_FEAROW,Fearow,NATIONAL_DEX_FEAROW,NORMAL/FLYING
Beach and Coast,SPECIES_FEEBAS,Feebas,NATIONAL_DEX_FEEBAS,WATER
Beach and Coast,SPECIES_FERALIGATR,Feraligatr,NATIONAL_DEX_FERALIGATR,WATER
Beach and Coast,SPECIES_FINIZEN,Finizen,NATIONAL_DEX_FINIZEN,WATER
Beach and Coast,SPECIES_FINNEON,Finneon,NATIONAL_DEX_FINNEON,WATER
Beach and Coast,SPECIES_FLAMIGO,Flamigo,NATIONAL_DEX_FLAMIGO,FLYING/FIGHTING
Beach and Coast,SPECIES_FLETCHINDER,Fletchinder,NATIONAL_DEX_FLETCHINDER,FIRE/FLYING
Beach and Coast,SPECIES_FLETCHLING,Fletchling,NATIONAL_DEX_FLETCHLING,NORMAL/FLYING
Beach and Coast,SPECIES_FLOATZEL,Floatzel,NATIONAL_DEX_FLOATZEL,WATER
Beach and Coast,SPECIES_FRILLISH,Frillish,NATIONAL_DEX_FRILLISH,WATER/GHOST
Beach and Coast,SPECIES_FROAKIE,Froakie,NATIONAL_DEX_FROAKIE,WATER
Beach and Coast,SPECIES_FROGADIER,Frogadier,NATIONAL_DEX_FROGADIER,WATER
Beach and Coast,SPECIES_GARGANACL,Garganacl,NATIONAL_DEX_GARGANACL,ROCK
Beach and Coast,SPECIES_GASTRODON_WEST,Gastrodon,NATIONAL_DEX_GASTRODON,WATER/GROUND
Beach and Coast,SPECIES_GEODUDE,Geodude,NATIONAL_DEX_GEODUDE,ROCK/GROUND
Beach and Coast,SPECIES_GIGALITH,Gigalith,NATIONAL_DEX_GIGALITH,ROCK
Beach and Coast,SPECIES_GLIGAR,Gligar,NATIONAL_DEX_GLIGAR,GROUND/FLYING
Beach and Coast,SPECIES_GLIMMET,Glimmet,NATIONAL_DEX_GLIMMET,ROCK/POISON
Beach and Coast,SPECIES_GLIMMORA,Glimmora,NATIONAL_DEX_GLIMMORA,ROCK/POISON
Beach and Coast,SPECIES_GLISCOR,Gliscor,NATIONAL_DEX_GLISCOR,GROUND/FLYING
Beach and Coast,SPECIES_GOLBAT,Golbat,NATIONAL_DEX_GOLBAT,POISON/FLYING
Beach and Coast,SPECIES_GOLDEEN,Goldeen,NATIONAL_DEX_GOLDEEN,WATER
Beach and Coast,SPECIES_GOLDUCK,Golduck,NATIONAL_DEX_GOLDUCK,WATER
Beach and Coast,SPECIES_GOLEM,Golem,NATIONAL_DEX_GOLEM,ROCK/GROUND
Beach and Coast,SPECIES_GOLISOPOD,Golisopod,NATIONAL_DEX_GOLISOPOD,BUG/WATER
Beach and Coast,SPECIES_GOREBYSS,Gorebyss,NATIONAL_DEX_GOREBYSS,WATER
Beach and Coast,SPECIES_GRAVELER,Graveler,NATIONAL_DEX_GRAVELER,ROCK/GROUND
Beach and Coast,SPECIES_GRENINJA,Greninja,NATIONAL_DEX_GRENINJA,WATER/DARK
Beach and Coast,SPECIES_GYARADOS,Gyarados,NATIONAL_DEX_GYARADOS,WATER/FLYING
Beach and Coast,SPECIES_HAWLUCHA,Hawlucha,NATIONAL_DEX_HAWLUCHA,FIGHTING/FLYING
Beach and Coast,SPECIES_HONCHKROW,Honchkrow,NATIONAL_DEX_HONCHKROW,DARK/FLYING
Beach and Coast,SPECIES_HOOTHOOT,Hoothoot,NATIONAL_DEX_HOOTHOOT,NORMAL/FLYING
Beach and Coast,SPECIES_HOPPIP,Hoppip,NATIONAL_DEX_HOPPIP,GRASS/FLYING
Beach and Coast,SPECIES_HORSEA,Horsea,NATIONAL_DEX_HORSEA,WATER
Beach and Coast,SPECIES_HUNTAIL,Huntail,NATIONAL_DEX_HUNTAIL,WATER
Beach and Coast,SPECIES_INTELEON,Inteleon,NATIONAL_DEX_INTELEON,WATER
Beach and Coast,SPECIES_JELLICENT,Jellicent,NATIONAL_DEX_JELLICENT,WATER/GHOST
Beach and Coast,SPECIES_JUMPLUFF,Jumpluff,NATIONAL_DEX_JUMPLUFF,GRASS/FLYING
Beach and Coast,SPECIES_KABUTO,Kabuto,NATIONAL_DEX_KABUTO,ROCK/WATER
Beach and Coast,SPECIES_KABUTOPS,Kabutops,NATIONAL_DEX_KABUTOPS,ROCK/WATER
Beach and Coast,SPECIES_KILOWATTREL,Kilowattrel,NATIONAL_DEX_KILOWATTREL,ELECTRIC/FLYING
Beach and Coast,SPECIES_KINGDRA,Kingdra,NATIONAL_DEX_KINGDRA,WATER/DRAGON
Beach and Coast,SPECIES_KINGLER,Kingler,NATIONAL_DEX_KINGLER,WATER
Beach and Coast,SPECIES_KLAWF,Klawf,NATIONAL_DEX_KLAWF,ROCK
Beach and Coast,SPECIES_KLEAVOR,Kleavor,NATIONAL_DEX_KLEAVOR,BUG/ROCK
Beach and Coast,SPECIES_KRABBY,Krabby,NATIONAL_DEX_KRABBY,WATER
Beach and Coast,SPECIES_LAIRON,Lairon,NATIONAL_DEX_LAIRON,STEEL/ROCK
Beach and Coast,SPECIES_LANDORUS_INCARNATE,Landorus,NATIONAL_DEX_LANDORUS,GROUND/FLYING
Beach and Coast,SPECIES_LANTURN,Lanturn,NATIONAL_DEX_LANTURN,WATER/ELECTRIC
Beach and Coast,SPECIES_LAPRAS,Lapras,NATIONAL_DEX_LAPRAS,WATER/ICE
Beach and Coast,SPECIES_LARVITAR,Larvitar,NATIONAL_DEX_LARVITAR,ROCK/GROUND
Beach and Coast,SPECIES_LEDIAN,Ledian,NATIONAL_DEX_LEDIAN,BUG/FLYING
Beach and Coast,SPECIES_LEDYBA,Ledyba,NATIONAL_DEX_LEDYBA,BUG/FLYING
Beach and Coast,SPECIES_LILEEP,Lileep,NATIONAL_DEX_LILEEP,ROCK/GRASS
Beach and Coast,SPECIES_LOMBRE,Lombre,NATIONAL_DEX_LOMBRE,WATER/GRASS
Beach and Coast,SPECIES_LOTAD,Lotad,NATIONAL_DEX_LOTAD,WATER/GRASS
Beach and Coast,SPECIES_LUDICOLO,Ludicolo,NATIONAL_DEX_LUDICOLO,WATER/GRASS
Beach and Coast,SPECIES_LUMINEON,Lumineon,NATIONAL_DEX_LUMINEON,WATER
Beach and Coast,SPECIES_LUNATONE,Lunatone,NATIONAL_DEX_LUNATONE,ROCK/PSYCHIC
Beach and Coast,SPECIES_LUVDISC,Luvdisc,NATIONAL_DEX_LUVDISC,WATER
Beach and Coast,SPECIES_LYCANROC_MIDDAY,Lycanroc,NATIONAL_DEX_LYCANROC,ROCK
Beach and Coast,SPECIES_MAGCARGO,Magcargo,NATIONAL_DEX_MAGCARGO,FIRE/ROCK
Beach and Coast,SPECIES_MAGIKARP,Magikarp,NATIONAL_DEX_MAGIKARP,WATER
Beach and Coast,SPECIES_MANDIBUZZ,Mandibuzz,NATIONAL_DEX_MANDIBUZZ,DARK/FLYING
Beach and Coast,SPECIES_MANTINE,Mantine,NATIONAL_DEX_MANTINE,WATER/FLYING
Beach and Coast,SPECIES_MANTYKE,Mantyke,NATIONAL_DEX_MANTYKE,WATER/FLYING
Beach and Coast,SPECIES_MAREANIE,Mareanie,NATIONAL_DEX_MAREANIE,POISON/WATER
Beach and Coast,SPECIES_MARILL,Marill,NATIONAL_DEX_MARILL,WATER/FAIRY
Beach and Coast,SPECIES_MARSHTOMP,Marshtomp,NATIONAL_DEX_MARSHTOMP,WATER/GROUND
Beach and Coast,SPECIES_MASQUERAIN,Masquerain,NATIONAL_DEX_MASQUERAIN,BUG/FLYING
Beach and Coast,SPECIES_MILOTIC,Milotic,NATIONAL_DEX_MILOTIC,WATER
Beach and Coast,SPECIES_MINIOR,Minior,NATIONAL_DEX_MINIOR,ROCK/FLYING
Beach and Coast,SPECIES_MOTHIM,Mothim,NATIONAL_DEX_MOTHIM,BUG/FLYING
Beach and Coast,SPECIES_MUDKIP,Mudkip,NATIONAL_DEX_MUDKIP,WATER
Beach and Coast,SPECIES_MURKROW,Murkrow,NATIONAL_DEX_MURKROW,DARK/FLYING
Beach and Coast,SPECIES_NACLI,Nacli,NATIONAL_DEX_NACLI,ROCK
Beach and Coast,SPECIES_NACLSTACK,Naclstack,NATIONAL_DEX_NACLSTACK,ROCK
Beach and Coast,SPECIES_NATU,Natu,NATIONAL_DEX_NATU,PSYCHIC/FLYING
Beach and Coast,SPECIES_NINJASK,Ninjask,NATIONAL_DEX_NINJASK,BUG/FLYING
Beach and Coast,SPECIES_NOCTOWL,Noctowl,NATIONAL_DEX_NOCTOWL,NORMAL/FLYING
Beach and Coast,SPECIES_NOIBAT,Noibat,NATIONAL_DEX_NOIBAT,FLYING/DRAGON
Beach and Coast,SPECIES_NOIVERN,Noivern,NATIONAL_DEX_NOIVERN,FLYING/DRAGON
Beach and Coast,SPECIES_NOSEPASS,Nosepass,NATIONAL_DEX_NOSEPASS,ROCK
Beach and Coast,SPECIES_OCTILLERY,Octillery,NATIONAL_DEX_OCTILLERY,WATER
Beach and Coast,SPECIES_OMANYTE,Omanyte,NATIONAL_DEX_OMANYTE,ROCK/WATER
Beach and Coast,SPECIES_OMASTAR,Omastar,NATIONAL_DEX_OMASTAR,ROCK/WATER
Beach and Coast,SPECIES_ONIX,Onix,NATIONAL_DEX_ONIX,ROCK/GROUND
Beach and Coast,SPECIES_ORICORIO_BAILE,Oricorio,NATIONAL_DEX_ORICORIO,FIRE/FLYING
Beach and Coast,SPECIES_OSHAWOTT,Oshawott,NATIONAL_DEX_OSHAWOTT,WATER
Beach and Coast,SPECIES_PALAFIN_ZERO,Palafin,NATIONAL_DEX_PALAFIN,WATER
Beach and Coast,SPECIES_PALPITOAD,Palpitoad,NATIONAL_DEX_PALPITOAD,WATER/GROUND
Beach and Coast,SPECIES_PANPOUR,Panpour,NATIONAL_DEX_PANPOUR,WATER
Beach and Coast,SPECIES_PELIPPER,Pelipper,NATIONAL_DEX_PELIPPER,WATER/FLYING
Beach and Coast,SPECIES_PIDGEOT,Pidgeot,NATIONAL_DEX_PIDGEOT,NORMAL/FLYING
Beach and Coast,SPECIES_PIDGEOTTO,Pidgeotto,NATIONAL_DEX_PIDGEOTTO,NORMAL/FLYING
Beach and Coast,SPECIES_PIDGEY,Pidgey,NATIONAL_DEX_PIDGEY,NORMAL/FLYING
Beach and Coast,SPECIES_PIDOVE,Pidove,NATIONAL_DEX_PIDOVE,NORMAL/FLYING
Beach and Coast,SPECIES_PIKIPEK,Pikipek,NATIONAL_DEX_PIKIPEK,NORMAL/FLYING
Beach and Coast,SPECIES_PIPLUP,Piplup,NATIONAL_DEX_PIPLUP,WATER
Beach and Coast,SPECIES_POLITOED,Politoed,NATIONAL_DEX_POLITOED,WATER
Beach and Coast,SPECIES_POLIWAG,Poliwag,NATIONAL_DEX_POLIWAG,WATER
Beach and Coast,SPECIES_POLIWHIRL,Poliwhirl,NATIONAL_DEX_POLIWHIRL,WATER
Beach and Coast,SPECIES_POLIWRATH,Poliwrath,NATIONAL_DEX_POLIWRATH,WATER/FIGHTING
Beach and Coast,SPECIES_POPPLIO,Popplio,NATIONAL_DEX_POPPLIO,WATER
Beach and Coast,SPECIES_PRIMARINA,Primarina,NATIONAL_DEX_PRIMARINA,WATER/FAIRY
Beach and Coast,SPECIES_PRINPLUP,Prinplup,NATIONAL_DEX_PRINPLUP,WATER
Beach and Coast,SPECIES_PROBOPASS,Probopass,NATIONAL_DEX_PROBOPASS,ROCK/STEEL
Beach and Coast,SPECIES_PSYDUCK,Psyduck,NATIONAL_DEX_PSYDUCK,WATER
Beach and Coast,SPECIES_PUPITAR,Pupitar,NATIONAL_DEX_PUPITAR,ROCK/GROUND
Beach and Coast,SPECIES_PYUKUMUKU,Pyukumuku,NATIONAL_DEX_PYUKUMUKU,WATER
Beach and Coast,SPECIES_QUAGSIRE,Quagsire,NATIONAL_DEX_QUAGSIRE,WATER/GROUND
Beach and Coast,SPECIES_QUAQUAVAL,Quaquaval,NATIONAL_DEX_QUAQUAVAL,WATER/FIGHTING
Beach and Coast,SPECIES_QUAXLY,Quaxly,NATIONAL_DEX_QUAXLY,WATER
Beach and Coast,SPECIES_QUAXWELL,Quaxwell,NATIONAL_DEX_QUAXWELL,WATER
Beach and Coast,SPECIES_QWILFISH,Qwilfish,NATIONAL_DEX_QWILFISH,WATER/POISON
Beach and Coast,SPECIES_RAMPARDOS,Rampardos,NATIONAL_DEX_RAMPARDOS,ROCK
Beach and Coast,SPECIES_RELICANTH,Relicanth,NATIONAL_DEX_RELICANTH,WATER/ROCK
Beach and Coast,SPECIES_REMORAID,Remoraid,NATIONAL_DEX_REMORAID,WATER
Beach and Coast,SPECIES_RHYDON,Rhydon,NATIONAL_DEX_RHYDON,GROUND/ROCK
Beach and Coast,SPECIES_RHYHORN,Rhyhorn,NATIONAL_DEX_RHYHORN,GROUND/ROCK
Beach and Coast,SPECIES_RHYPERIOR,Rhyperior,NATIONAL_DEX_RHYPERIOR,GROUND/ROCK
Beach and Coast,SPECIES_ROCKRUFF,Rockruff,NATIONAL_DEX_ROCKRUFF,ROCK
Beach and Coast,SPECIES_ROGGENROLA,Roggenrola,NATIONAL_DEX_ROGGENROLA,ROCK
Beach and Coast,SPECIES_ROLYCOLY,Rolycoly,NATIONAL_DEX_ROLYCOLY,ROCK
Beach and Coast,SPECIES_ROOKIDEE,Rookidee,NATIONAL_DEX_ROOKIDEE,FLYING
Beach and Coast,SPECIES_ROWLET,Rowlet,NATIONAL_DEX_ROWLET,GRASS/FLYING
Beach and Coast,SPECIES_RUFFLET,Rufflet,NATIONAL_DEX_RUFFLET,NORMAL/FLYING
Beach and Coast,SPECIES_SALAMENCE,Salamence,NATIONAL_DEX_SALAMENCE,DRAGON/FLYING
Beach and Coast,SPECIES_SAMUROTT,Samurott,NATIONAL_DEX_SAMUROTT,WATER
Beach and Coast,SPECIES_SCYTHER,Scyther,NATIONAL_DEX_SCYTHER,BUG/FLYING
Beach and Coast,SPECIES_SEADRA,Seadra,NATIONAL_DEX_SEADRA,WATER
Beach and Coast,SPECIES_SEAKING,Seaking,NATIONAL_DEX_SEAKING,WATER
Beach and Coast,SPECIES_SEALEO,Sealeo,NATIONAL_DEX_SEALEO,ICE/WATER
Beach and Coast,SPECIES_SEEL,Seel,NATIONAL_DEX_SEEL,WATER
Beach and Coast,SPECIES_SEISMITOAD,Seismitoad,NATIONAL_DEX_SEISMITOAD,WATER/GROUND
Beach and Coast,SPECIES_SHARPEDO,Sharpedo,NATIONAL_DEX_SHARPEDO,WATER/DARK
Beach and Coast,SPECIES_SHELLDER,Shellder,NATIONAL_DEX_SHELLDER,WATER
Beach and Coast,SPECIES_SHELLOS_WEST,Shellos,NATIONAL_DEX_SHELLOS,WATER
Beach and Coast,SPECIES_SHIELDON,Shieldon,NATIONAL_DEX_SHIELDON,ROCK/STEEL
Beach and Coast,SPECIES_SHUCKLE,Shuckle,NATIONAL_DEX_SHUCKLE,BUG/ROCK
Beach and Coast,SPECIES_SIGILYPH,Sigilyph,NATIONAL_DEX_SIGILYPH,PSYCHIC/FLYING
Beach and Coast,SPECIES_SIMIPOUR,Simipour,NATIONAL_DEX_SIMIPOUR,WATER
Beach and Coast,SPECIES_SKARMORY,Skarmory,NATIONAL_DEX_SKARMORY,STEEL/FLYING
Beach and Coast,SPECIES_SKIPLOOM,Skiploom,NATIONAL_DEX_SKIPLOOM,GRASS/FLYING
Beach and Coast,SPECIES_SKRELP,Skrelp,NATIONAL_DEX_SKRELP,POISON/WATER
Beach and Coast,SPECIES_SLOWBRO,Slowbro,NATIONAL_DEX_SLOWBRO,WATER/PSYCHIC
Beach and Coast,SPECIES_SLOWKING,Slowking,NATIONAL_DEX_SLOWKING,WATER/PSYCHIC
Beach and Coast,SPECIES_SLOWPOKE,Slowpoke,NATIONAL_DEX_SLOWPOKE,WATER/PSYCHIC
Beach and Coast,SPECIES_SOBBLE,Sobble,NATIONAL_DEX_SOBBLE,WATER
Beach and Coast,SPECIES_SOLROCK,Solrock,NATIONAL_DEX_SOLROCK,ROCK/PSYCHIC
Beach and Coast,SPECIES_SPEAROW,Spearow,NATIONAL_DEX_SPEAROW,NORMAL/FLYING
Beach and Coast,SPECIES_SPHEAL,Spheal,NATIONAL_DEX_SPHEAL,ICE/WATER
Beach and Coast,SPECIES_SQUAWKABILLY_GREEN,Squawkabilly,NATIONAL_DEX_SQUAWKABILLY,NORMAL/FLYING
Beach and Coast,SPECIES_SQUIRTLE,Squirtle,NATIONAL_DEX_SQUIRTLE,WATER
Beach and Coast,SPECIES_STARAPTOR,Staraptor,NATIONAL_DEX_STARAPTOR,NORMAL/FLYING
Beach and Coast,SPECIES_STARAVIA,Staravia,NATIONAL_DEX_STARAVIA,NORMAL/FLYING
Beach and Coast,SPECIES_STARLY,Starly,NATIONAL_DEX_STARLY,NORMAL/FLYING
Beach and Coast,SPECIES_STARMIE,Starmie,NATIONAL_DEX_STARMIE,WATER/PSYCHIC
Beach and Coast,SPECIES_STARYU,Staryu,NATIONAL_DEX_STARYU,WATER
Beach and Coast,SPECIES_STONJOURNER,Stonjourner,NATIONAL_DEX_STONJOURNER,ROCK
Beach and Coast,SPECIES_SUDOWOODO,Sudowoodo,NATIONAL_DEX_SUDOWOODO,ROCK
Beach and Coast,SPECIES_SURSKIT,Surskit,NATIONAL_DEX_SURSKIT,BUG/WATER
Beach and Coast,SPECIES_SWABLU,Swablu,NATIONAL_DEX_SWABLU,NORMAL/FLYING
Beach and Coast,SPECIES_SWAMPERT,Swampert,NATIONAL_DEX_SWAMPERT,WATER/GROUND
Beach and Coast,SPECIES_SWANNA,Swanna,NATIONAL_DEX_SWANNA,WATER/FLYING
Beach and Coast,SPECIES_SWELLOW,Swellow,NATIONAL_DEX_SWELLOW,NORMAL/FLYING
Beach and Coast,SPECIES_SWOOBAT,Swoobat,NATIONAL_DEX_SWOOBAT,PSYCHIC/FLYING
Beach and Coast,SPECIES_TAILLOW,Taillow,NATIONAL_DEX_TAILLOW,NORMAL/FLYING
Beach and Coast,SPECIES_TALONFLAME,Talonflame,NATIONAL_DEX_TALONFLAME,FIRE/FLYING
Beach and Coast,SPECIES_TATSUGIRI_CURLY,Tatsugiri,NATIONAL_DEX_TATSUGIRI,DRAGON/WATER
Beach and Coast,SPECIES_TENTACOOL,Tentacool,NATIONAL_DEX_TENTACOOL,WATER/POISON
Beach and Coast,SPECIES_TENTACRUEL,Tentacruel,NATIONAL_DEX_TENTACRUEL,WATER/POISON
Beach and Coast,SPECIES_THUNDURUS_INCARNATE,Thundurus,NATIONAL_DEX_THUNDURUS,ELECTRIC/FLYING
Beach and Coast,SPECIES_TIRTOUGA,Tirtouga,NATIONAL_DEX_TIRTOUGA,WATER/ROCK
Beach and Coast,SPECIES_TOGEKISS,Togekiss,NATIONAL_DEX_TOGEKISS,FLYING
Beach and Coast,SPECIES_TOGETIC,Togetic,NATIONAL_DEX_TOGETIC,FLYING
Beach and Coast,SPECIES_TORNADUS_INCARNATE,Tornadus,NATIONAL_DEX_TORNADUS,FLYING
Beach and Coast,SPECIES_TOTODILE,Totodile,NATIONAL_DEX_TOTODILE,WATER
Beach and Coast,SPECIES_TOUCANNON,Toucannon,NATIONAL_DEX_TOUCANNON,NORMAL/FLYING
Beach and Coast,SPECIES_TOXAPEX,Toxapex,NATIONAL_DEX_TOXAPEX,POISON/WATER
Beach and Coast,SPECIES_TRANQUILL,Tranquill,NATIONAL_DEX_TRANQUILL,NORMAL/FLYING
Beach and Coast,SPECIES_TROPIUS,Tropius,NATIONAL_DEX_TROPIUS,GRASS/FLYING
Beach and Coast,SPECIES_TRUMBEAK,Trumbeak,NATIONAL_DEX_TRUMBEAK,NORMAL/FLYING
Beach and Coast,SPECIES_TYMPOLE,Tympole,NATIONAL_DEX_TYMPOLE,WATER
Beach and Coast,SPECIES_TYRANITAR,Tyranitar,NATIONAL_DEX_TYRANITAR,ROCK/DARK
Beach and Coast,SPECIES_TYRANTRUM,Tyrantrum,NATIONAL_DEX_TYRANTRUM,ROCK/DRAGON
Beach and Coast,SPECIES_TYRUNT,Tyrunt,NATIONAL_DEX_TYRUNT,ROCK/DRAGON
Beach and Coast,SPECIES_UNFEZANT,Unfezant,NATIONAL_DEX_UNFEZANT,NORMAL/FLYING
Beach and Coast,SPECIES_VAPOREON,Vaporeon,NATIONAL_DEX_VAPOREON,WATER
Beach and Coast,SPECIES_VELUZA,Veluza,NATIONAL_DEX_VELUZA,WATER/PSYCHIC
Beach and Coast,SPECIES_VESPIQUEN,Vespiquen,NATIONAL_DEX_VESPIQUEN,BUG/FLYING
Beach and Coast,SPECIES_VIVILLON,Vivillon,NATIONAL_DEX_VIVILLON,BUG/FLYING
Beach and Coast,SPECIES_VULLABY,Vullaby,NATIONAL_DEX_VULLABY,DARK/FLYING
Beach and Coast,SPECIES_WAILMER,Wailmer,NATIONAL_DEX_WAILMER,WATER
Beach and Coast,SPECIES_WAILORD,Wailord,NATIONAL_DEX_WAILORD,WATER
Beach and Coast,SPECIES_WALREIN,Walrein,NATIONAL_DEX_WALREIN,ICE/WATER
Beach and Coast,SPECIES_WARTORTLE,Wartortle,NATIONAL_DEX_WARTORTLE,WATER
Beach and Coast,SPECIES_WATTREL,Wattrel,NATIONAL_DEX_WATTREL,ELECTRIC/FLYING
Beach and Coast,SPECIES_WHISCASH,Whiscash,NATIONAL_DEX_WHISCASH,WATER/GROUND
Beach and Coast,SPECIES_WIGLETT,Wiglett,NATIONAL_DEX_WIGLETT,WATER
Beach and Coast,SPECIES_WIMPOD,Wimpod,NATIONAL_DEX_WIMPOD,BUG/WATER
Beach and Coast,SPECIES_WINGULL,Wingull,NATIONAL_DEX_WINGULL,WATER/FLYING
Beach and Coast,SPECIES_WISHIWASHI_SOLO,Wishiwashi,NATIONAL_DEX_WISHIWASHI,WATER
Beach and Coast,SPECIES_WOOBAT,Woobat,NATIONAL_DEX_WOOBAT,PSYCHIC/FLYING
Beach and Coast,SPECIES_WOOPER,Wooper,NATIONAL_DEX_WOOPER,WATER/GROUND
Beach and Coast,SPECIES_WUGTRIO,Wugtrio,NATIONAL_DEX_WUGTRIO,WATER
Beach and Coast,SPECIES_XATU,Xatu,NATIONAL_DEX_XATU,PSYCHIC/FLYING
Beach and Coast,SPECIES_YANMA,Yanma,NATIONAL_DEX_YANMA,BUG/FLYING
Beach and Coast,SPECIES_YANMEGA,Yanmega,NATIONAL_DEX_YANMEGA,BUG/FLYING
Beach and Coast,SPECIES_ZUBAT,Zubat,NATIONAL_DEX_ZUBAT,POISON/FLYING
